classification,longitude,latitude
A,-122.4145112,37.79785461
A,-122.4146545,37.79783649
A,-122.4422577,37.79431089
A,-122.4428149,37.79423999
A,-122.4213155,37.75907724
A,-122.4212876,37.75878592
A,-122.410059,37.79841536
A,-122.4102514,37.79839216
A,-122.4666133,37.72548391
A,-122.4669547,37.72552501
A,-122.4644955,37.72314415
A,-122.4643686,37.72314949
A,-122.4224604,37.77101544
A,-122.4648766,37.73004981
A,-122.4651409,37.73011066
A,-122.4655234,37.7465102
A,-122.4654515,37.74624304
A,-122.4081139,37.80056918
A,-122.4082302,37.8005552
A,-122.403874,37.80110346
A,-122.4041457,37.80106865
A,-122.4129469,37.7829304
A,-122.4134943,37.78286052
A,-122.3976586,37.71277487
A,-122.3979323,37.71209034
A,-122.3893945,37.7595809
A,-122.3893153,37.75873036
A,-122.4115834,37.78733179
A,-122.4116067,37.78744743
A,-122.410778,37.78894297
A,-122.4113257,37.78887337
A,-122.4066088,37.78771934
A,-122.4066399,37.78787444
A,-122.3944397,37.79424021
A,-122.3941441,37.79400444
A,-122.4082075,37.7829336
A,-122.4326923,37.77500043
A,-122.432755,37.77531133
A,-122.4352184,37.78742661
A,-122.4352497,37.78758198
A,-122.3935706,37.78209043
A,-122.3938256,37.78188898
A,-122.4633364,37.74827011
A,-122.463543,37.74843655
A,-122.4160162,37.76149654
A,-122.4159664,37.76096296
A,-122.4773655,37.72008825
A,-122.4776902,37.72009908
A,-122.4110813,37.77270358
A,-122.4114832,37.77238621
A,-122.4858091,37.78890389
A,-122.4864238,37.78887821
A,-122.4019394,37.79708171
A,-122.401984,37.79729146
A,-122.4660413,37.73898447
A,-122.4659372,37.73873708
A,-122.4632477,37.73938577
A,-122.4634024,37.73865829
A,-122.4704481,37.73276933
A,-122.4704724,37.73233654
A,-122.4640946,37.73971873
A,-122.4641764,37.73952582
A,-122.4643572,37.74651598
A,-122.4645292,37.74665497
A,-122.4617334,37.73974199
A,-122.4622722,37.73930217
A,-122.4696452,37.73132659
A,-122.4697876,37.73079362
A,-122.4651825,37.73620881
A,-122.4650303,37.7361248
A,-122.4672374,37.73638313
A,-122.4671885,37.73563789
A,-122.4668272,37.73490729
A,-122.4665315,37.73492025
A,-122.4062885,37.79335434
A,-122.4064598,37.79333273
A,-122.4380345,37.80554258
A,-122.4377276,37.80590062
A,-122.4474323,37.79052514
A,-122.4414743,37.80462727
A,-122.4417646,37.80458972
A,-122.4131917,37.74678153
A,-122.4128634,37.74680132
A,-122.4077376,37.78495914
A,-122.407789,37.78522346
A,-122.4087321,37.78995135
A,-122.408753,37.79005354
A,-122.4106951,37.79961122
A,-122.4107583,37.79992332
A,-122.4138889,37.7875899
A,-122.4144361,37.78751998
A,-122.4022139,37.78907026
A,-122.4024425,37.78904164
A,-122.4105922,37.7880084
A,-122.4111396,37.7879384
A,-122.4396213,37.80118657
A,-122.4396564,37.80136012
A,-122.4023096,37.79192708
A,-122.4024344,37.79191113
A,-122.4625643,37.72426452
A,-122.462864,37.72426229
A,-122.3991717,37.71128882
A,-122.399291,37.71097246
A,-122.4478914,37.76510053
A,-122.4481602,37.76506626
A,-122.4685628,37.72904804
A,-122.4689358,37.72888778
A,-122.4245193,37.77381105
A,-122.4251037,37.77373672
A,-122.4044661,37.79719301
A,-122.4048861,37.79713956
A,-122.4617877,37.74667912
A,-122.4618567,37.74700302
A,-122.4640272,37.75058572
A,-122.4239815,37.77356087
A,-122.424013,37.77371614
A,-122.4706383,37.73057283
A,-122.4712054,37.73081615
A,-122.4630879,37.72553921
A,-122.4340606,37.80395958
A,-122.4346088,37.80388944
A,-122.4048167,37.78679993
A,-122.4050747,37.7867764
A,-122.4115874,37.78595801
A,-122.4118613,37.78592358
A,-122.4408272,37.79434672
A,-122.4408416,37.79441799
A,-122.4331389,37.76476776
A,-122.4331111,37.76447876
A,-122.4320627,37.75355323
A,-122.4320371,37.7532871
A,-122.3998051,37.78688127
A,-122.3996475,37.78675552
A,-122.4024318,37.79127496
A,-122.4024955,37.79158507
A,-122.4645645,37.7324462
A,-122.4681066,37.73317501
A,-122.4683935,37.73318157
A,-122.4639908,37.74420892
A,-122.4638325,37.74397717
A,-122.4691686,37.72837085
A,-122.4692938,37.72854984
A,-122.4000208,37.78781784
A,-122.4002559,37.78763229
A,-122.4066955,37.78254754
A,-122.4069239,37.78236723
A,-122.4176386,37.77392957
A,-122.3994828,37.78738601
A,-122.3997228,37.78719652
A,-122.4004677,37.78661316
A,-122.4591895,37.74624365
A,-122.4596947,37.7458487
A,-122.470115,37.72769448
A,-122.4703701,37.72821831
A,-122.4389072,37.77772119
A,-122.439461,37.77765205
A,-122.4099605,37.78764317
A,-122.4100026,37.78786079
A,-122.4108684,37.79213991
A,-122.4109314,37.79244896
A,-122.4558272,37.79009321
A,-122.4557942,37.78992953
A,-122.4598591,37.74839043
A,-122.4598256,37.74806219
A,-122.4667913,37.7442244
A,-122.4674563,37.74417209
A,-122.4375375,37.80194113
A,-122.4376424,37.80230363
A,-122.4420491,37.77094488
A,-122.4421124,37.77125601
A,-122.4435589,37.77840162
A,-122.4711563,37.72621512
A,-122.4711382,37.72649949
A,-122.422959,37.76108762
A,-122.425087,37.77612947
A,-122.4256211,37.77606139
A,-122.4205966,37.75960938
A,-122.4205457,37.7590751
A,-122.4626731,37.72486266
A,-122.463079,37.72486295
A,-122.4141042,37.78310042
A,-122.4141668,37.7834102
A,-122.4504091,37.78834968
A,-122.4181062,37.78625223
A,-122.4181364,37.78640721
A,-122.4093975,37.77713692
A,-122.4088846,37.77672425
A,-122.4257195,37.77381774
A,-122.4257508,37.7739731
A,-122.4261873,37.77614902
A,-122.4262192,37.77630474
A,-122.4048106,37.79458476
A,-122.404837,37.79472027
A,-122.4567398,37.78309513
A,-122.4566785,37.7822652
A,-122.4774522,37.71838465
A,-122.4775865,37.718483
A,-122.4127999,37.78500985
A,-122.4128299,37.78515726
A,-122.4134436,37.78816767
A,-122.4134864,37.78838105
A,-122.4005647,37.78825421
A,-122.4007978,37.78807003
A,-122.4084109,37.80085054
A,-122.4084753,37.80115986
A,-122.4196262,37.8077284
A,-122.4201786,37.80765739
A,-122.448052,37.79074757
A,-122.4486147,37.79067593
A,-122.4252526,37.777066
A,-122.4257998,37.77699617
A,-122.3933963,37.78114132
A,-122.406439,37.79604581
A,-122.4065395,37.79603341
A,-122.3913243,37.75949313
A,-122.4162712,37.78548903
A,-122.4162949,37.78560587
A,-122.4207921,37.80789732
A,-122.4208532,37.80820824
A,-122.4132908,37.77487741
A,-122.4134326,37.77476691
A,-122.4836273,37.71852975
A,-122.484123,37.71854599
A,-122.3995609,37.71341708
A,-122.3997734,37.71351416
A,-122.4268014,37.77639025
A,-122.4273515,37.77632004
A,-122.4118366,37.75209312
A,-122.4117854,37.75156155
A,-122.4442023,37.77035041
A,-122.4447676,37.77027834
A,-122.4524107,37.7693036
A,-122.4529678,37.76923246
A,-122.3992608,37.7937899
A,-122.3996534,37.79373987
A,-122.4239939,37.76423706
A,-122.4234149,37.75729286
A,-122.4233893,37.75702473
A,-122.415303,37.77881436
A,-122.4159356,37.7787342
A,-122.4385333,37.77585094
A,-122.4390889,37.77578033
A,-122.4016116,37.80042998
A,-122.4018073,37.80040512
A,-122.4052374,37.78884575
A,-122.4052659,37.78900128
A,-122.4056017,37.79087318
A,-122.4056657,37.79118376
A,-122.4065222,37.79543414
A,-122.4065812,37.79572757
A,-122.4149589,37.77519372
A,-122.4144453,37.774784
A,-122.4786711,37.71606129
A,-122.4789224,37.71621634
A,-122.4127569,37.78199936
A,-122.4133051,37.78192945
A,-122.4055454,37.7876959
A,-122.4060615,37.78763008
A,-122.415342,37.78644616
A,-122.4158894,37.7863763
A,-122.4610958,37.74409886
A,-122.4611721,37.74436605
A,-122.4403802,37.77657049
A,-122.4409282,37.77650083
A,-122.4130106,37.77265179
A,-122.413209,37.77249525
A,-122.4146285,37.75835932
A,-122.4314357,37.77706924
A,-122.4314991,37.77738266
A,-122.43389,37.78921271
A,-122.4339524,37.78952294
A,-122.4039367,37.80204019
A,-122.4040934,37.80202045
A,-122.4078783,37.80155196
A,-122.4079993,37.80153681
A,-122.4266095,37.77545162
A,-122.4271607,37.77538254
A,-122.391092,37.78421084
A,-122.3913394,37.78401487
A,-122.4240749,37.75296855
A,-122.4240257,37.75243796
A,-122.4676622,37.72506632
A,-122.4680507,37.72492593
A,-122.4705071,37.72339957
A,-122.4708731,37.72359347
A,-122.4098445,37.78427606
A,-122.410392,37.78420664
A,-122.4186186,37.78316743
A,-122.4651362,37.74505057
A,-122.4656763,37.74500711
A,-122.4132421,37.77410194
A,-122.4127275,37.77369144
A,-122.3978435,37.79472324
A,-122.397903,37.79501622
A,-122.4415724,37.79374913
A,-122.4416365,37.79406545
A,-122.4621375,37.74495882
A,-122.4629058,37.74435212
A,-122.4364165,37.75248921
A,-122.4363907,37.75222279
A,-122.4653588,37.72392286
A,-122.465221,37.7246142
A,-122.4485232,37.76597757
A,-122.4492347,37.76588684
A,-122.4243444,37.75911538
A,-122.4250879,37.75907044
A,-122.4011593,37.79609118
A,-122.4012207,37.79639273
A,-122.4660946,37.74403493
A,-122.466063,37.74379316
A,-122.4111184,37.77501496
A,-122.4116382,37.7746054
A,-122.4502684,37.76989516
A,-122.4495326,37.76374701
A,-122.4494769,37.76347137
A,-122.4559534,37.78794468
A,-122.4564997,37.78787509
A,-122.4058649,37.79431427
A,-122.4060788,37.79428707
A,-122.4569848,37.78751179
A,-122.4187181,37.78649318
A,-122.4192695,37.78642417
A,-122.4438868,37.77166661
A,-122.4439495,37.77197901
A,-122.4405983,37.80480861
A,-122.4630719,37.74667939
A,-122.4633318,37.7466768
A,-122.4355107,37.76625719
A,-122.4354853,37.76599038
A,-122.4443596,37.74545357
A,-122.4440407,37.74485222
A,-122.4035549,37.80089817
A,-122.4035786,37.80101822
A,-122.4031083,37.79280277
A,-122.403462,37.79275807
A,-122.4037792,37.79078655
A,-122.4072424,37.79034918
A,-122.4073653,37.79033365
A,-122.414264,37.78945572
A,-122.4148119,37.78938589
A,-122.4279331,37.77640517
A,-122.4279645,37.77656052
A,-122.4266889,37.7702625
A,-122.443812,37.7963434
A,-122.4438749,37.7966541
A,-122.4420656,37.79336201
A,-122.4426228,37.79329123
A,-122.4387604,37.77136392
A,-122.4388237,37.77167523
A,-122.4041231,37.79818439
A,-122.4043954,37.79814955
A,-122.3903215,37.78322034
A,-122.3908088,37.78283527
A,-122.3996281,37.71174218
A,-122.3993403,37.71167368
A,-122.4480525,37.76313571
A,-122.4480076,37.76290812
A,-122.437353,37.80431515
A,-122.4376726,37.80427493
A,-122.3987658,37.71153695
A,-122.3984791,37.71146873
A,-122.4014292,37.79950247
A,-122.4016304,37.79947723
A,-122.4078824,37.79868975
A,-122.4079077,37.79868638
A,-122.4635287,37.72489292
A,-122.4635724,37.7249226
A,-122.468372,37.72358223
A,-122.4680256,37.72354278
A,-122.4636855,37.75112599
A,-122.4639751,37.75105167
A,-122.4426352,37.79617446
A,-122.4431922,37.79610358
A,-122.4170895,37.78240278
A,-122.4172081,37.78238896
A,-122.438196,37.8014229
A,-122.4388365,37.80111048
A,-122.4728994,37.71249297
A,-122.4730734,37.71206236
A,-122.4650235,37.73709579
A,-122.4643686,37.7367696
A,-122.4117245,37.78806661
A,-122.4110022,37.78444841
A,-122.4110649,37.78475961
A,-122.4811448,37.72059762
A,-122.4812434,37.72049637
A,-122.4016326,37.79010477
A,-122.4045928,37.78972862
A,-122.4049896,37.78967823
A,-122.4157204,37.78831414
A,-122.4162677,37.78824412
A,-122.4106631,37.77642054
A,-122.4103239,37.77615506
A,-122.4068835,37.78913165
A,-122.4069141,37.78928078
A,-122.4010326,37.78862966
A,-122.4012651,37.78844758
A,-122.4332695,37.77779722
A,-122.4333324,37.77810792
A,-122.4536981,37.78792974
A,-122.3940551,37.78126197
A,-122.3943103,37.78106047
A,-122.4521675,37.77092023
A,-122.4521054,37.77061454
A,-122.4155632,37.75669574
A,-122.4155122,37.75616298
A,-122.4525497,37.77279658
A,-122.4524875,37.77249092
A,-122.4397162,37.79302748
A,-122.4397787,37.79333601
A,-122.4856827,37.78831886
A,-122.4860414,37.78830545
A,-122.4644395,37.7474434
A,-122.4644486,37.74709808
A,-122.4024695,37.79968674
A,-122.4025307,37.79999507
A,-122.4679144,37.73428001
A,-122.4678773,37.73369826
A,-122.4663047,37.7361174
A,-122.4662807,37.73552528
A,-122.4656266,37.73861254
A,-122.4654201,37.7387354
A,-122.463903,37.73568627
A,-122.464047,37.73570123
A,-122.4312894,37.76874181
A,-122.4312342,37.76816658
A,-122.4688985,37.73607831
A,-122.4688362,37.73545075
A,-122.463798,37.73404246
A,-122.4640427,37.73323963
A,-122.464464,37.73531805
A,-122.4644519,37.73516672
A,-122.4669573,37.73134968
A,-122.4669971,37.73091594
A,-122.4702194,37.73475761
A,-122.4699471,37.73477003
A,-122.4074793,37.79320416
A,-122.4077437,37.7784463
A,-122.3981753,37.7943804
A,-122.3985667,37.79433054
A,-122.4051065,37.79349954
A,-122.4056119,37.79343775
A,-122.4080875,37.78672238
A,-122.408151,37.78703893
A,-122.4174047,37.78714261
A,-122.4178317,37.78708838
A,-122.4046242,37.78876534
A,-122.4049166,37.78872778
A,-122.4016642,37.7920096
A,-122.401703,37.79200464
A,-122.4308929,37.78829476
A,-122.431442,37.78822502
A,-122.4334075,37.77011677
A,-122.4334713,37.77043406
A,-122.4351031,37.77851963
A,-122.435166,37.77883033
A,-122.4380723,37.79323078
A,-122.4516531,37.76462076
A,-122.4521052,37.76456309
A,-122.4427562,37.79232417
A,-122.4428744,37.79230912
A,-122.4295243,37.77317444
A,-122.4300706,37.77310494
A,-122.4410814,37.77170586
A,-122.4416286,37.77163651
A,-122.4067152,37.79691215
A,-122.4610628,37.74537532
A,-122.4629688,37.7489654
A,-122.4630039,37.74949656
A,-122.4240735,37.77402705
A,-122.4241026,37.77418269
A,-122.4678814,37.72852406
A,-122.4679949,37.72874495
A,-122.4687968,37.72976831
A,-122.4690514,37.72989747
A,-122.4083256,37.78636793
A,-122.4086272,37.78633003
A,-122.4147393,37.7855618
A,-122.4148736,37.78554492
A,-122.4318371,37.7511636
A,-122.4013421,37.78813895
A,-122.4011864,37.7880124
A,-122.410666,37.77782737
A,-122.4114059,37.77724227
A,-122.4037041,37.79749286
A,-122.4037445,37.79769135
A,-122.4044905,37.80142031
A,-122.4044983,37.80146046
A,-122.4665444,37.73311716
A,-122.4698363,37.7331413
A,-122.470138,37.73315129
A,-122.4692033,37.72655526
A,-122.4692329,37.7268144
A,-122.4195527,37.76396608
A,-122.4168554,37.77364531
A,-122.4171472,37.7733882
A,-122.4669682,37.74807464
A,-122.4672059,37.74805101
A,-122.4617816,37.74421537
A,-122.4623149,37.74379751
A,-122.4037606,37.79499365
A,-122.404312,37.79492472
A,-122.4897211,37.78629414
A,-122.4899809,37.7863295
A,-122.4438575,37.77709165
A,-122.444406,37.77702273
A,-122.4104509,37.7900939
A,-122.4104807,37.79024014
A,-122.4553462,37.78772056
A,-122.4678308,37.74100526
A,-122.4680429,37.74051142
A,-122.4040848,37.78835784
A,-122.404602,37.78829218
A,-122.4428063,37.77466719
A,-122.4428698,37.77497942
A,-122.4634627,37.74766805
A,-122.4636331,37.74717865
A,-122.4520541,37.78813841
A,-122.4241861,37.75751592
A,-122.4249318,37.75747084
A,-122.4331334,37.75697199
A,-122.4338715,37.75692748
A,-122.4230373,37.77447751
A,-122.4235845,37.77440792
A,-122.4146682,37.78589113
A,-122.4147313,37.78620358
A,-122.4183861,37.78764305
A,-122.4184195,37.78780277
A,-122.3999849,37.71079286
A,-122.3996976,37.71072448
A,-122.4252481,37.77148255
A,-122.4259481,37.77495029
A,-122.4259578,37.77499794
A,-122.4035089,37.78811405
A,-122.4035383,37.78826877
A,-122.4775602,37.71746891
A,-122.4774102,37.71753064
A,-122.4122722,37.7823796
A,-122.4123359,37.78268994
A,-122.4130214,37.78609918
A,-122.4130853,37.78641257
A,-122.4347332,37.75044618
A,-122.4354718,37.75040139
A,-122.4055231,37.784321
A,-122.4062633,37.78373748
A,-122.4083914,37.795801
A,-122.4085419,37.79578205
A,-122.407345,37.79593248
A,-122.4073824,37.79592778
A,-122.4155559,37.78196071
A,-122.4156188,37.78227097
A,-122.4166893,37.78755231
A,-122.4167521,37.78786321
A,-122.4021305,37.80102265
A,-122.4021593,37.80116524
A,-122.4101049,37.77739585
A,-122.4102992,37.77724211
A,-122.4140729,37.77426269
A,-122.4142143,37.77415109
A,-122.4717195,37.72165402
A,-122.4318416,37.76674759
A,-122.4325807,37.76670287
A,-122.3977171,37.71345369
A,-122.4515117,37.77324191
A,-122.4520618,37.77317208
A,-122.4202271,37.7772264
A,-122.4207727,37.77715677
A,-122.3755442,37.73534414
A,-122.375733,37.73513623
A,-122.4392466,37.77098292
A,-122.4397961,37.77091324
A,-122.4235751,37.75889109
A,-122.4235493,37.75862185
A,-122.4233135,37.75623162
A,-122.4232623,37.75569477
A,-122.429028,37.7770546
A,-122.4293514,37.77701339
A,-122.4434825,37.77522184
A,-122.4440316,37.77515203
A,-122.4441113,37.79503415
A,-122.4446613,37.79496414
A,-122.448704,37.76413568
A,-122.4491461,37.76407917
A,-122.4038765,37.80014211
A,-122.4053045,37.78920872
A,-122.4053146,37.78926063
A,-122.4059897,37.79275665
A,-122.4060535,37.7930663
A,-122.4069562,37.79758301
A,-122.4076746,37.80114859
A,-122.407716,37.80135784
A,-122.4753318,37.71793578
A,-122.4752867,37.71767368
A,-122.4228072,37.77610134
A,-122.4228389,37.77625666
A,-122.4104091,37.78707555
A,-122.4109563,37.78700574
A,-122.3988023,37.79351688
A,-122.3988352,37.79367841
A,-122.4002689,37.80075718
A,-122.4002997,37.80091097
A,-122.4123082,37.80482167
A,-122.4128623,37.80475106
A,-122.4096631,37.77529411
A,-122.4098569,37.77514104
A,-122.4090633,37.80140366
A,-122.4092101,37.80138529
A,-122.4315451,37.77482892
A,-122.4320908,37.77475886
A,-122.457171,37.78390685
A,-122.4575409,37.78388865
A,-122.4681688,37.72428081
A,-122.4678511,37.72405641
A,-122.4224429,37.75279985
A,-122.4145341,37.78463861
A,-122.4146502,37.78462388
A,-122.4128139,37.78389951
A,-122.4130447,37.78387024
A,-122.4433719,37.74611426
A,-122.4433818,37.74633398
A,-122.4385902,37.75235791
A,-122.4684346,37.73183471
A,-122.4681354,37.73182469
A,-122.4052016,37.79395442
A,-122.4057049,37.79389121
A,-122.4421412,37.79655603
A,-122.4422041,37.79686672
A,-122.4361722,37.75009154
A,-122.4666145,37.73178333
A,-122.4663505,37.73191749
A,-122.4442669,37.77352066
A,-122.4443297,37.77383313
A,-122.4431232,37.74494875
A,-122.4430304,37.74504551
A,-122.410774,37.76875775
A,-122.4107463,37.76846588
A,-122.4083691,37.77484102
A,-122.4710909,37.73192363
A,-122.4707938,37.73191368
A,-122.4768368,37.71922706
A,-122.4772788,37.7189042
A,-122.4663814,37.72404641
A,-122.466242,37.72473925
A,-122.4556368,37.78312578
A,-122.4555743,37.78227653
A,-122.4493718,37.78878289
A,-122.44992,37.7887131
A,-122.4477487,37.76575713
A,-122.4476857,37.76544597
A,-122.4074849,37.79410822
A,-122.407688,37.79408238
A,-122.4266091,37.76389733
A,-122.4269186,37.76384587
A,-122.4696105,37.72709952
A,-122.4699584,37.72712551
A,-122.4698692,37.72632359
A,-122.4705135,37.72652853
A,-122.4620537,37.75074545
A,-122.4618998,37.7505107
A,-122.4656009,37.74600208
A,-122.4657059,37.74585977
A,-122.4410595,37.80257882
A,-122.4413511,37.80254278
A,-122.4518427,37.7655542
A,-122.4522946,37.76549656
A,-122.4342812,37.77008847
A,-122.4343368,37.77036532
A,-122.4102566,37.79190016
A,-122.4014095,37.79108704
A,-122.4017014,37.79104984
A,-122.4045101,37.79069425
A,-122.4046326,37.79067878
A,-122.4082301,37.79022442
A,-122.408502,37.79019008
A,-122.4275625,37.77454111
A,-122.4275907,37.7746976
A,-122.4431176,37.79291165
A,-122.4063646,37.79789798
A,-122.4065102,37.79787943
A,-122.4673371,37.72427402
A,-122.4672697,37.72473937
A,-122.3970443,37.71112723
A,-122.3967568,37.71105881
A,-122.4404616,37.80392395
A,-122.4407405,37.80388885
A,-122.4339056,37.76501202
A,-122.4346447,37.76496729
A,-122.4012906,37.79983676
A,-122.4013533,37.80014579
A,-122.4384091,37.80418225
A,-122.438826,37.8041298
A,-122.3980151,37.71404336
A,-122.3978304,37.71367782
A,-122.4027076,37.78795359
A,-122.4025909,37.78786143
A,-122.4024087,37.78771755
A,-122.4023432,37.78766582
A,-122.4045596,37.80147052
A,-122.4644045,37.74744539
A,-122.4644115,37.74710236
A,-122.4644715,37.74746448
A,-122.4644745,37.74712862
A,-122.465002,37.74683734
A,-122.4653073,37.7468299
A,-122.4649681,37.74689107
A,-122.4652363,37.74688997
A,-122.4661332,37.74651102
A,-122.4667408,37.74645631
A,-122.4660862,37.7466148
A,-122.4667103,37.74651206
A,-122.4051853,37.7845873
A,-122.4054343,37.78439096
A,-122.4054822,37.78435322
A,-122.4006439,37.78868729
A,-122.4004878,37.78856284
A,-122.4001497,37.7882934
A,-122.3999677,37.7881484
A,-122.3996048,37.78786077
A,-122.3994238,37.78771814
A,-122.3985998,37.78705819
A,-122.3984223,37.78691669
A,-122.3923353,37.78652907
A,-122.3926299,37.78629642
A,-122.3937711,37.77967328
A,-122.3932543,37.77926061
A,-122.3927531,37.78239231
A,-122.3926768,37.78233129
A,-122.392422,37.78212765
A,-122.3922436,37.78198502
A,-122.3915485,37.78142926
A,-122.3910318,37.78101612
A,-122.4254348,37.77082525
A,-122.4257461,37.77078582
A,-122.4262945,37.77071636
A,-122.4265316,37.77068633
A,-122.3830319,37.7607409
A,-122.383417,37.76071778
A,-122.4149652,37.78458391
A,-122.4155124,37.78451448
A,-122.4602858,37.7453866
A,-122.4603718,37.74531944
A,-122.4605438,37.74518514
A,-122.4608933,37.74491163
A,-122.4610709,37.74477243
A,-122.4611596,37.74470284
A,-122.4611891,37.74542367
A,-122.4612792,37.74549459
A,-122.4056204,37.78558058
A,-122.4054219,37.78542095
A,-122.4050766,37.78514238
A,-122.4049297,37.78502345
A,-122.4078598,37.78383351
A,-122.4076652,37.78367932
A,-122.4073712,37.78344615
A,-122.4072718,37.78336718
A,-122.4071161,37.78324345
A,-122.4070598,37.78319871
A,-122.4068247,37.78301192
A,-122.406646,37.78286988
A,-122.4100803,37.78206803
A,-122.4098807,37.78190928
A,-122.4090543,37.78125202
A,-122.4088754,37.7811097
A,-122.3990843,37.71352951
A,-122.3984129,37.71322616
A,-122.4240059,37.77427393
A,-122.4649355,37.73799317
A,-122.4640306,37.73750507
A,-122.4627582,37.73679381
A,-122.4623928,37.7365682
A,-122.4617617,37.73615432
A,-122.4614961,37.73596605
A,-122.4085885,37.7571151
A,-122.4085379,37.75658297
A,-122.4208725,37.76934971
A,-122.4208185,37.76878574
A,-122.418158,37.78370381
A,-122.4187096,37.78363389
A,-122.4350259,37.80316894
A,-122.4350914,37.80349412
A,-122.4352197,37.80413064
A,-122.4352824,37.80444198
A,-122.4354077,37.80506396
A,-122.4354703,37.80537461
A,-122.4355667,37.80585273
A,-122.4060928,37.79548761
A,-122.4061527,37.79578068
A,-122.3995395,37.7128138
A,-122.3997277,37.71231224
A,-122.4000347,37.7114942
A,-122.4001535,37.71117772
A,-122.4003848,37.71056137
A,-122.4004973,37.71026151
A,-122.433327,37.79479069
A,-122.4284768,37.77075862
A,-122.4285394,37.77106914
A,-122.4285707,37.7712243
A,-122.4286333,37.77153494
A,-122.4286647,37.77169041
A,-122.4287273,37.77200125
A,-122.4287587,37.77215662
A,-122.4290407,37.77355515
A,-122.4291035,37.77386636
A,-122.4291977,37.7743334
A,-122.4292291,37.77448923
A,-122.4292916,37.77479915
A,-122.4293227,37.77495324
A,-122.4294165,37.77541836
A,-122.4294792,37.7757294
A,-122.4293851,37.77526273
A,-122.4294164,37.77541812
A,-122.4294792,37.77572916
A,-122.4295106,37.7758848
A,-122.4478786,37.78986566
A,-122.448439,37.78979432
A,-122.4495473,37.7896532
A,-122.4500952,37.78958344
A,-122.4511921,37.78944376
A,-122.4517411,37.78937385
A,-122.4528375,37.78923423
A,-122.4533849,37.78916452
A,-122.4544825,37.78902471
A,-122.4550328,37.78895463
A,-122.4561293,37.78881495
A,-122.4566755,37.78874536
A,-122.4579397,37.78858431
A,-122.4586576,37.78849285
A,-122.4066904,37.79360548
A,-122.4067497,37.79389984
A,-122.4068688,37.79448735
A,-122.4069287,37.79478049
A,-122.4685418,37.73950156
A,-122.4690985,37.73900144
A,-122.414602,37.77547605
A,-122.4140882,37.77506622
A,-122.4020192,37.79567502
A,-122.4023745,37.7956344
A,-122.4029215,37.79557189
A,-122.4031131,37.79554999
A,-122.4052411,37.79528846
A,-122.4055373,37.79525397
A,-122.4059,37.79521117
A,-122.4059665,37.79520285
A,-122.4061764,37.79517659
A,-122.4063199,37.79515865
A,-122.4066384,37.79511835
A,-122.4068135,37.79509599
A,-122.4070772,37.79506239
A,-122.4071658,37.79505115
A,-122.4073273,37.79503069
A,-122.4074001,37.79502145
A,-122.4076709,37.79498713
A,-122.4078689,37.79496203
A,-122.4247783,37.7718592
A,-122.4275057,37.77151902
A,-122.4280538,37.77144924
A,-122.4291509,37.77130958
A,-122.4296998,37.7712397
A,-122.4492959,37.79119087
A,-122.4492367,37.79089758
A,-122.4491181,37.79031051
A,-122.4490588,37.79001674
A,-122.4489408,37.78943287
A,-122.4488822,37.78914278
A,-122.4323972,37.76867203
A,-122.4323422,37.76809829
A,-122.4057118,37.79463414
A,-122.4057726,37.79492681
A,-122.4634862,37.72516333
A,-122.4633562,37.72537439
A,-122.4653447,37.72219484
A,-122.4649907,37.72266921
A,-122.4643117,37.72379234
A,-122.4641832,37.72448234
A,-122.4643036,37.72545152
A,-122.4643141,37.7257318
A,-122.4680751,37.74000698
A,-122.468165,37.74001227
A,-122.4685691,37.73998502
A,-122.4688794,37.73992828
A,-122.4760712,37.72053323
A,-122.4760846,37.72029036
A,-122.4634022,37.75146376
A,-122.4634264,37.75133142
A,-122.4633117,37.75104796
A,-122.4631687,37.75092616
A,-122.4627342,37.75082145
A,-122.4624902,37.75087949
A,-122.462232,37.75100591
A,-122.462208,37.75104392
A,-122.4417637,37.79469347
A,-122.4418269,37.79500515
A,-122.3940262,37.77862835
A,-122.3937753,37.77842748
A,-122.4273768,37.77360695
A,-122.4274083,37.7737623
A,-122.4437304,37.79315053
A,-122.4442807,37.79308063
A,-122.4139435,37.79792638
A,-122.4141556,37.79789956
A,-122.4411375,37.79445344
A,-122.441419,37.79441761
A,-122.4033717,37.79925385
A,-122.4097064,37.79845785
A,-122.4097865,37.7984482
A,-122.4655692,37.7253582
A,-122.4659206,37.7254005
A,-122.4653051,37.72322025
A,-122.4649637,37.72317953
A,-122.4656159,37.74727368
A,-122.4655584,37.7470667
A,-122.4079233,37.80059209
A,-122.4079604,37.80058763
A,-122.4030524,37.80120505
A,-122.4033273,37.80117166
A,-122.4113016,37.78314044
A,-122.4118506,37.78307036
A,-122.389555,37.76128169
A,-122.3895143,37.76085657
A,-122.4119369,37.78911455
A,-122.4120003,37.78942534
A,-122.4671437,37.74346079
A,-122.4674398,37.74343471
A,-122.4115224,37.78702933
A,-122.4115412,37.78712273
A,-122.4026327,37.78997753
A,-122.4027449,37.78996327
A,-122.409132,37.78915208
A,-122.4096811,37.78908232
A,-122.4064503,37.78692913
A,-122.406514,37.78724669
A,-122.4072279,37.79089158
A,-122.4072693,37.79109298
A,-122.4094209,37.80167753
A,-122.409485,37.80198814
A,-122.3942132,37.79405957
A,-122.3950633,37.79334504
A,-122.3945553,37.79293926
A,-122.4540499,37.7896826
A,-122.4539911,37.7893887
A,-122.4151076,37.75190151
A,-122.415055,37.75136729
A,-122.4123917,37.78714149
A,-122.4124554,37.78745226
A,-122.4848056,37.78894537
A,-122.485,37.78893747
A,-122.4365583,37.777377
A,-122.4366214,37.77768977
A,-122.4026537,37.80061508
A,-122.4027155,37.80092676
A,-122.4630129,37.73818423
A,-122.4627376,37.73844426
A,-122.470453,37.7342293
A,-122.4704143,37.7337134
A,-122.4687735,37.7311908
A,-122.4689535,37.73055479
A,-122.4637618,37.74607189
A,-122.4639635,37.74623593
A,-122.469569,37.73274011
A,-122.4695909,37.73230713
A,-122.4658418,37.73655377
A,-122.4655882,37.7364233
A,-122.4651186,37.73342651
A,-122.4653818,37.73328671
A,-122.4676753,37.73487261
A,-122.4673991,37.73488347
A,-122.4245312,37.77333226
A,-122.4250626,37.7732644
A,-122.4484031,37.76262548
A,-122.4488436,37.76257042
A,-122.4572978,37.74078204
A,-122.4571399,37.74059923
A,-122.4381446,37.80500231
A,-122.4381598,37.8050787
A,-122.4409543,37.80469413
A,-122.4086256,37.78943095
A,-122.4086684,37.78964006
A,-122.4025397,37.78902948
A,-122.4089411,37.78821908
A,-122.4094929,37.78814875
A,-122.4395034,37.80060468
A,-122.4395448,37.80080885
A,-122.4019597,37.79197182
A,-122.4020723,37.79195743
A,-122.4067837,37.79136103
A,-122.3987043,37.71252834
A,-122.3988784,37.71206676
A,-122.4369159,37.793063
A,-122.437463,37.79299306
A,-122.4234216,37.77395064
A,-122.4577842,37.78216396
A,-122.4037912,37.7972784
A,-122.4039187,37.79726243
A,-122.463427,37.75024369
A,-122.4635641,37.75030893
A,-122.4216837,37.78421295
A,-122.4222085,37.78414641
A,-122.4240544,37.77418648
A,-122.4241188,37.77450524
A,-122.4245168,37.77602001
A,-122.4248284,37.77775469
A,-122.4248601,37.77791136
A,-122.4680621,37.72906593
A,-122.4706765,37.73051207
A,-122.4712422,37.73075853
A,-122.4642942,37.72608249
A,-122.4644262,37.72613123
A,-122.429715,37.77410793
A,-122.4302638,37.7740383
A,-122.397451,37.71087929
A,-122.3975703,37.71056293
A,-122.4167948,37.78530259
A,-122.417342,37.78523301
A,-122.4407138,37.79378514
A,-122.4407633,37.7940303
A,-122.4332178,37.76559074
A,-122.4331922,37.76532374
A,-122.4321397,37.75435561
A,-122.432114,37.75408749
A,-122.4003148,37.78730016
A,-122.4001388,37.78715359
A,-122.4041033,37.79947918
A,-122.4041657,37.79978987
A,-122.470582,37.72213627
A,-122.4703906,37.72265524
A,-122.4648402,37.73254926
A,-122.4652539,37.73284242
A,-122.4681141,37.7330792
A,-122.4684007,37.73308738
A,-122.4707103,37.73325448
A,-122.4710146,37.73326456
A,-122.4644472,37.74487624
A,-122.4642982,37.74465845
A,-122.3994928,37.78823474
A,-122.3996393,37.78811907
A,-122.4113685,37.77800407
A,-122.390603,37.76207296
A,-122.3934618,37.79299566
A,-122.3937546,37.79276457
A,-122.4708356,37.72688861
A,-122.4705595,37.72700469
A,-122.4098807,37.78723876
A,-122.4098995,37.78733215
A,-122.4610782,37.747785
A,-122.4614047,37.74752722
A,-122.4612549,37.74904651
A,-122.4605683,37.74900766
A,-122.4648082,37.74438602
A,-122.4654673,37.74433136
A,-122.4373477,37.80097699
A,-122.4374079,37.80127402
A,-122.4433709,37.77746883
A,-122.4434329,37.77777709
A,-122.4712529,37.72445439
A,-122.4712136,37.72519257
A,-122.418322,37.80219703
A,-122.4186502,37.80215678
A,-122.4233341,37.77635291
A,-122.4237976,37.77629383
A,-122.4516776,37.78611902
A,-122.4516598,37.78603818
A,-122.4206985,37.76067697
A,-122.4263347,37.77405819
A,-122.4268872,37.77398792
A,-122.4139162,37.7821699
A,-122.4139789,37.78248027
A,-122.4152353,37.78869479
A,-122.4152975,37.78900543
A,-122.4276,37.77198531
A,-122.428148,37.7719156
A,-122.4180147,37.78579102
A,-122.4180453,37.78594413
A,-122.4505848,37.78922355
A,-122.4505264,37.78893342
A,-122.4256254,37.77335182
A,-122.4256568,37.7735071
A,-122.4260906,37.77567823
A,-122.4261229,37.77583577
A,-122.4285752,37.78795559
A,-122.4286376,37.78826443
A,-122.404727,37.7941615
A,-122.4047556,37.79430538
A,-122.4054284,37.79769789
A,-122.40546,37.79785493
A,-122.413051,37.77205437
A,-122.4126946,37.77177002
A,-122.4569012,37.78528164
A,-122.4568512,37.78460335
A,-122.4778421,37.71861482
A,-122.4779635,37.71864829
A,-122.4133811,37.78785614
A,-122.4074013,37.78310775
A,-122.4076302,37.7829273
A,-122.4082202,37.79991221
A,-122.4082834,37.80022671
A,-122.4465662,37.79093673
A,-122.4470278,37.79087797
A,-122.4580801,37.78947043
A,-122.4587602,37.78938377
A,-122.3937022,37.78138546
A,-122.3936045,37.78130746
A,-122.4062545,37.79606858
A,-122.4062964,37.7960634
A,-122.4161222,37.78475409
A,-122.4161849,37.78506313
A,-122.3997236,37.78560582
A,-122.4121123,37.77580767
A,-122.4126306,37.7753978
A,-122.4027885,37.7958914
A,-122.4028471,37.79618902
A,-122.4217536,37.75605429
A,-122.422478,37.75601067
A,-122.398822,37.71306778
A,-122.3990886,37.71318822
A,-122.4250848,37.7766093
A,-122.425668,37.77653488
A,-122.4115451,37.74633002
A,-122.4114923,37.74578248
A,-122.4510833,37.76947301
A,-122.4514685,37.76942388
A,-122.4234916,37.75809636
A,-122.423466,37.75782868
A,-122.4253445,37.7775268
A,-122.4258923,37.77745558
A,-122.4368633,37.77606317
A,-122.4095454,37.79942376
A,-122.4100887,37.79936144
A,-122.4006308,37.80055388
A,-122.4010234,37.80050435
A,-122.4051491,37.78838109
A,-122.405179,37.78853566
A,-122.4063496,37.79455349
A,-122.4064065,37.7948471
A,-122.4224267,37.77423645
A,-122.4224584,37.77439177
A,-122.4109244,37.78223298
A,-122.4115665,37.78215113
A,-122.4457072,37.77781018
A,-122.4462708,37.77773771
A,-122.4039961,37.78789346
A,-122.4045126,37.78782759
A,-122.4136977,37.78665598
A,-122.4142461,37.78658601
A,-122.375238,37.73359481
A,-122.375858,37.73394682
A,-122.4780383,37.71963386
A,-122.4780616,37.71915781
A,-122.4387207,37.7767814
A,-122.4392764,37.77671077
A,-122.4214455,37.77770951
A,-122.421477,37.77786322
A,-122.4124126,37.77312341
A,-122.4126124,37.77296587
A,-122.4313104,37.77644738
A,-122.4336991,37.78826514
A,-122.4337633,37.78858381
A,-122.4035167,37.80209308
A,-122.4036484,37.8020765
A,-122.4242266,37.75456761
A,-122.4241754,37.75403338
A,-122.4695709,37.72292774
A,-122.4698713,37.7230458
A,-122.4383593,37.74995696
A,-122.4639055,37.74563658
A,-122.4642509,37.7453653
A,-122.4413832,37.7928155
A,-122.4414458,37.79312415
A,-122.4578011,37.7877093
A,-122.4585562,37.78761309
A,-122.4064648,37.79423798
A,-122.4066369,37.79421609
A,-122.4663841,37.72223315
A,-122.4660419,37.72275888
A,-122.4752972,37.71898557
A,-122.4750743,37.719009
A,-122.4076111,37.79030261
A,-122.4077339,37.7902871
A,-122.4268316,37.77096714
A,-122.4268946,37.77127796
A,-122.4071847,37.76989137
A,-122.40738,37.7697368
A,-122.4661863,37.74473467
A,-122.4661563,37.74450568
A,-122.4101856,37.77573125
A,-122.4103866,37.77557292
A,-122.4505239,37.77114263
A,-122.4504597,37.77082902
A,-122.4497012,37.76458256
A,-122.4496447,37.7643026
A,-122.4543069,37.78815441
A,-122.454857,37.78808434
A,-122.4050731,37.79441333
A,-122.4053621,37.7943774
A,-122.4571632,37.78838568
A,-122.4571046,37.78809559
A,-122.4436994,37.77073306
A,-122.4437617,37.77104364
A,-122.4452073,37.77819935
A,-122.4396601,37.80430248
A,-122.4400775,37.80452762
A,-122.4626225,37.7474752
A,-122.4627601,37.74711074
A,-122.4349397,37.76035176
A,-122.4348907,37.7598185
A,-122.4742772,37.71694273
A,-122.4741836,37.71638181
A,-122.4129975,37.79155311
A,-122.4135463,37.79148291
A,-122.4335539,37.78893727
A,-122.4278385,37.77593843
A,-122.4278701,37.77609412
A,-122.4804218,37.7166097
A,-122.4808747,37.71628089
A,-122.4436239,37.79541367
A,-122.4436865,37.79572318
A,-122.4409457,37.79350426
A,-122.441227,37.79346853
A,-122.4386329,37.77074253
A,-122.439893,37.7769544
A,-122.4399539,37.77726865
A,-122.3949826,37.77953684
A,-122.3951372,37.77941472
A,-122.4004901,37.71194526
A,-122.400203,37.71187797
A,-122.3987049,37.77535538
A,-122.435752,37.76498234
A,-122.43018,37.76881167
A,-122.4482071,37.7639159
A,-122.4481523,37.7636396
A,-122.4359522,37.8046749
A,-122.4365593,37.80459647
A,-122.4896186,37.78705305
A,-122.4898372,37.78665542
A,-122.4164191,37.78344359
A,-122.4169679,37.78337534
A,-122.4478979,37.76236118
A,-122.4403073,37.79455907
A,-122.4405816,37.79452417
A,-122.4214642,37.7606306
A,-122.402686,37.79934246
A,-122.4029636,37.79930651
A,-122.4090727,37.79853422
A,-122.4093495,37.79850086
A,-122.4645385,37.72523409
A,-122.4648782,37.72527499
A,-122.4663329,37.7233428
A,-122.4659897,37.72330188
A,-122.4660828,37.74796442
A,-122.4077815,37.80060913
A,-122.4110853,37.8002021
A,-122.4349299,37.79715491
A,-122.4458851,37.79576084
A,-122.446372,37.79569887
A,-122.4456207,37.74401388
A,-122.4439495,37.74329854
A,-122.3934412,37.77829231
A,-122.464053,37.73612008
A,-122.4642212,37.73591701
A,-122.4118289,37.78858527
A,-122.4118512,37.78869452
A,-122.4136908,37.79775205
A,-122.413711,37.79785263
A,-122.4115765,37.77538037
A,-122.4120958,37.77497076
A,-122.4113768,37.78630694
A,-122.4114402,37.78662143
A,-122.4663034,37.74352989
A,-122.4665755,37.74350838
A,-122.4029567,37.78993638
A,-122.4074908,37.78936056
A,-122.4080368,37.7892912
A,-122.4190032,37.78789262
A,-122.4195535,37.78782274
A,-122.4062299,37.78582978
A,-122.4063083,37.78622067
A,-122.4071418,37.7904732
A,-122.4071641,37.79058169
A,-122.4083002,37.79611336
A,-122.4092373,37.80074986
A,-122.4092971,37.80105839
A,-122.4533441,37.7861821
A,-122.4532938,37.78595032
A,-122.3915685,37.78059215
A,-122.4164525,37.75449737
A,-122.4073455,37.79442678
A,-122.4074092,37.7947195
A,-122.4517904,37.7690637
A,-122.4121996,37.786203
A,-122.4122638,37.78651686
A,-122.440096,37.79490567
A,-122.440159,37.79521738
A,-122.4017229,37.7960179
A,-122.401782,37.79632016
A,-122.467893,37.73103467
A,-122.4681225,37.73027665
A,-122.4639536,37.73842516
A,-122.4635737,37.73820442
A,-122.4639783,37.74834188
A,-122.4641874,37.74807089
A,-122.4310769,37.76652569
A,-122.4296193,37.7512973
A,-122.4007948,37.79148383
A,-122.4686876,37.7327108
A,-122.4687107,37.73227776
A,-122.4639406,37.74659123
A,-122.464299,37.74662338
A,-122.4199184,37.75965035
A,-122.4198738,37.75911569
A,-122.4696322,37.734246
A,-122.4695896,37.73370954
A,-122.4668796,37.73699758
A,-122.4664875,37.73684092
A,-122.4644514,37.73425565
A,-122.4646069,37.73390042
A,-122.4685151,37.73483455
A,-122.4682333,37.73484815
A,-122.438038,37.80446511
A,-122.4380838,37.80469551
A,-122.4252903,37.7674122
A,-122.4252392,37.76687858
A,-122.4456584,37.74561578
A,-122.4460231,37.74560632
A,-122.4084538,37.78860023
A,-122.4085183,37.78891103
A,-122.4103155,37.79773395
A,-122.4103797,37.79805145
A,-122.4125872,37.78775447
A,-122.4073024,37.78842695
A,-122.4078459,37.78835818
A,-122.4651281,37.73944425
A,-122.4649664,37.7392257
A,-122.4187299,37.78092355
A,-122.4187631,37.78107775
A,-122.401777,37.79199519
A,-122.4018121,37.7919907
A,-122.3927147,37.7534519
A,-122.4624253,37.74868496
A,-122.4621005,37.74880118
A,-122.4352706,37.79327331
A,-122.4451917,37.79201419
A,-122.4457395,37.79194446
A,-122.4443905,37.77128216
A,-122.4449568,37.7712101
A,-122.4580034,37.78517044
A,-122.4579571,37.78452044
A,-122.4031374,37.79735995
A,-122.4034006,37.79732716
A,-122.4614592,37.74563751
A,-122.4615492,37.74570952
A,-122.4629283,37.74966087
A,-122.426983,37.78847717
A,-122.4270152,37.78863013
A,-122.4244849,37.77604686
A,-122.4682075,37.72912323
A,-122.4695682,37.73010583
A,-122.4698284,37.73021774
A,-122.4280783,37.7743156
A,-122.4286223,37.77424658
A,-122.3968776,37.7123997
A,-122.3971047,37.71179767
A,-122.415857,37.78542128
A,-122.4160523,37.78539673
A,-122.4332944,37.76639133
A,-122.4332689,37.76612453
A,-122.3997315,37.78643932
A,-122.3999731,37.78624887
A,-122.4163616,37.77328992
A,-122.4166312,37.77305131
A,-122.4672623,37.73314638
A,-122.4675577,37.73315294
A,-122.4707104,37.73316361
A,-122.4710181,37.7331738
A,-122.4173979,37.77403685
A,-122.4715006,37.72679749
A,-122.4713103,37.72679067
A,-122.4142106,37.78085382
A,-122.414757,37.78078459
A,-122.4355884,37.77814013
A,-122.4361364,37.77807134
A,-122.4453964,37.77051686
A,-122.4097959,37.78681851
A,-122.4098288,37.78698194
A,-122.4608656,37.74874085
A,-122.4607465,37.74841248
A,-122.4607603,37.74897666
A,-122.4603717,37.74886937
A,-122.4629302,37.74539693
A,-122.4635397,37.7449188
A,-122.3959708,37.79267501
A,-122.4431832,37.77653497
A,-122.4432461,37.77684777
A,-122.471447,37.72232451
A,-122.4713372,37.72301664
A,-122.4234192,37.77634206
A,-122.4239678,37.77627214
A,-122.4517564,37.7864762
A,-122.4517259,37.78633803
A,-122.4247188,37.7742644
A,-122.4252505,37.77419643
A,-122.4182231,37.80378535
A,-122.4186508,37.7779
A,-122.4191751,37.77783316
A,-122.4137273,37.78123521
A,-122.4137904,37.78154737
A,-122.4150465,37.78776142
A,-122.4151098,37.78807278
A,-122.4507608,37.79010135
A,-122.4507019,37.78980751
A,-122.4255313,37.77288582
A,-122.4255627,37.77304118
A,-122.4893522,37.75927663
A,-122.4053363,37.79723769
A,-122.4053666,37.79738927
A,-122.4782477,37.7186464
A,-122.4784105,37.71861104
A,-122.4784915,37.7177457
A,-122.4783014,37.71760875
A,-122.400723,37.80101501
A,-122.4011157,37.80096526
A,-122.4126454,37.78424
A,-122.4127077,37.78455123
A,-122.4133023,37.78747317
A,-122.4133221,37.78756649
A,-122.4066988,37.78339415
A,-122.4068512,37.78327406
A,-122.407337,37.79608388
A,-122.4073663,37.79623059
A,-122.4563074,37.78969626
A,-122.4568536,37.78962667
A,-122.421963,37.77748575
A,-122.4225121,37.7774157
A,-122.3942901,37.78185473
A,-122.3941854,37.78177113
A,-122.4059711,37.79610354
A,-122.4060918,37.79608865
A,-122.4159334,37.78382291
A,-122.4159965,37.78413397
A,-122.3990957,37.78610231
A,-122.3992265,37.78599889
A,-122.4111995,37.77652985
A,-122.4113967,37.77637369
A,-122.4157967,37.77288194
A,-122.4160441,37.77266713
A,-122.4654942,37.72166925
A,-122.4189043,37.7874143
A,-122.4194558,37.78734527
A,-122.3977826,37.71304457
A,-122.3981434,37.71294484
A,-122.4432927,37.77428517
A,-122.4438426,37.77421539
A,-122.398838,37.78548459
A,-122.4234779,37.77681437
A,-122.4239897,37.77674904
A,-122.4088599,37.77756295
A,-122.4083449,37.77715262
A,-122.4233297,37.75729849
A,-122.4233041,37.75703083
A,-122.4795407,37.71598814
A,-122.4799077,37.71560487
A,-122.4319203,37.77668598
A,-122.4324684,37.77661612
A,-122.4084387,37.7995605
A,-122.4087204,37.79952329
A,-122.3994489,37.80071239
A,-122.3998414,37.80065363
A,-122.4050592,37.78791666
A,-122.4050892,37.78807159
A,-122.4062364,37.79397196
A,-122.4062646,37.79411592
A,-122.4229977,37.77703501
A,-122.4230294,37.77719033
A,-122.4440444,37.77801778
A,-122.444594,37.77795021
A,-122.4508229,37.75695795
A,-122.4290572,37.77084443
A,-122.4296062,37.77077488
A,-122.3967411,37.71026996
A,-122.3967842,37.71015565
A,-122.4126018,37.7867958
A,-122.4128755,37.78676088
A,-122.4894358,37.78585983
A,-122.4894076,37.78547197
A,-122.3765961,37.73436588
A,-122.3990177,37.79457366
A,-122.3990774,37.79486665
A,-122.4370517,37.77699349
A,-122.4376083,37.77692276
A,-122.4213502,37.77724336
A,-122.4213821,37.77739958
A,-122.4134681,37.74622291
A,-122.4134162,37.74568407
A,-122.4074643,37.77703109
A,-122.4076471,37.77688669
A,-122.4118029,37.77360399
A,-122.4120079,37.77344247
A,-122.4310618,37.77520948
A,-122.4311241,37.77551998
A,-122.4032439,37.80212745
A,-122.4243797,37.75616588
A,-122.4243287,37.75563386
A,-122.4392535,37.75178081
A,-122.439968,37.75173737
A,-122.4081118,37.78545334
A,-122.4083834,37.7854189
A,-122.4166046,37.78437401
A,-122.4171496,37.78430297
A,-122.4888243,37.78767606
A,-122.4892386,37.7876136
A,-122.4147764,37.7836506
A,-122.4153234,37.78358122
A,-122.4384362,37.75075397
A,-122.4384105,37.75048818
A,-122.4627439,37.7459498
A,-122.4631686,37.74601601
A,-122.4412613,37.79221358
A,-122.459898,37.74671005
A,-122.4606336,37.74613778
A,-122.4143132,37.80361159
A,-122.4412967,37.80518534
A,-122.441788,37.80545035
A,-122.4390481,37.80283145
A,-122.43949,37.8027758
A,-122.4684471,37.72230407
A,-122.4680894,37.72291528
A,-122.4693199,37.73186435
A,-122.4690268,37.73185454
A,-122.4429724,37.74473995
A,-122.4428199,37.744565
A,-122.4063613,37.797657
A,-122.4098816,37.77597079
A,-122.4099331,37.77593018
A,-122.4345778,37.74884737
A,-122.4353165,37.74880273
A,-122.4508993,37.77299575
A,-122.450837,37.77267976
A,-122.4498833,37.76548491
A,-122.4498205,37.76517372
A,-122.4526618,37.78836393
A,-122.4532093,37.7882942
A,-122.4488826,37.77135222
A,-122.4488192,37.7710396
A,-122.4036794,37.79459144
A,-122.4042318,37.79452035
A,-122.4076437,37.79408801
A,-122.4077674,37.79407228
A,-122.4573405,37.78926331
A,-122.4572812,37.78896954
A,-122.4063504,37.79061959
A,-122.4063821,37.79077334
A,-122.4450176,37.77726341
A,-122.4450806,37.77757303
A,-122.4380258,37.80342083
A,-122.4386343,37.80374909
A,-122.4617035,37.74854097
A,-122.4618851,37.74811628
A,-122.435098,37.76207421
A,-122.4350433,37.76147961
A,-122.4770196,37.72053844
A,-122.4770302,37.72030793
A,-122.4058128,37.78909195
A,-122.4063351,37.78905145
A,-122.4745482,37.71857397
A,-122.4744595,37.71803882
A,-122.4016684,37.79298591
A,-122.4109686,37.78987715
A,-122.4115161,37.78980664
A,-122.4277436,37.77546988
A,-122.4277753,37.7756263
A,-122.4304088,37.78868324
A,-122.4434351,37.79448077
A,-122.4434982,37.79479246
A,-122.4401156,37.79360968
A,-122.44039,37.79357484
A,-122.439707,37.77601986
A,-122.4397696,37.77633
A,-122.4075381,37.79775365
A,-122.3994853,37.77597805
A,-122.4483733,37.76475205
A,-122.4483176,37.76447213
A,-122.4342778,37.80488704
A,-122.4348115,37.80482018
A,-122.4389379,37.79473345
A,-122.4394855,37.79466371
A,-122.4020238,37.79942746
A,-122.4022161,37.79940293
A,-122.4638,37.72504895
A,-122.4639875,37.72513913
A,-122.4673448,37.72346346
A,-122.4670104,37.72342359
A,-122.4625818,37.74654147
A,-122.4623241,37.74633028
A,-122.4070499,37.80070017
A,-122.407311,37.80066723
A,-122.4442988,37.79596273
A,-122.4448486,37.79589277
A,-122.4467484,37.74586654
A,-122.4465492,37.74565172
A,-122.4124625,37.7460679
A,-122.4123899,37.74531471
A,-122.4634223,37.73687558
A,-122.4636536,37.73659937
A,-122.4117644,37.78826915
A,-122.4117855,37.78837259
A,-122.4658738,37.74356384
A,-122.4659526,37.74355762
A,-122.4024061,37.7900063
A,-122.4173609,37.78810357
A,-122.4179069,37.78803303
A,-122.4081249,37.79523127
A,-122.4081829,37.79552562
A,-122.3947819,37.78091075
A,-122.4519169,37.76968611
A,-122.4164828,37.76632695
A,-122.4399052,37.79396101
A,-122.4399691,37.79427749
A,-122.4412924,37.8008101
A,-122.4678134,37.73268261
A,-122.4678119,37.73224867
A,-122.4661989,37.73430539
A,-122.4660337,37.73369574
A,-122.4629361,37.73642701
A,-122.4630432,37.73586349
A,-122.4311535,37.76732501
A,-122.431128,37.76705866
A,-122.4296709,37.75183063
A,-122.400606,37.79055357
A,-122.4006689,37.79086349
A,-122.4687528,37.73426191
A,-122.4687087,37.73370287
A,-122.4697358,37.73567775
A,-122.4697053,37.7352301
A,-122.4679754,37.73728941
A,-122.4676308,37.73720889
A,-122.4644358,37.73488815
A,-122.4644318,37.73476091
A,-122.4673261,37.72994805
A,-122.4676519,37.72943925
A,-122.4693822,37.73479528
A,-122.4690896,37.73480811
A,-122.3993508,37.79423061
A,-122.3997437,37.79418055
A,-122.4073096,37.7953343
A,-122.4073647,37.79562869
A,-122.4192123,37.7807037
A,-122.4197278,37.78063805
A,-122.4099739,37.77668212
A,-122.4094543,37.77627588
A,-122.4082728,37.78766679
A,-122.4083311,37.78797811
A,-122.4188111,37.78696402
A,-122.4193634,37.78689387
A,-122.4057256,37.78862539
A,-122.4062423,37.78856055
A,-122.4186232,37.78042733
A,-122.41866,37.78059834
A,-122.4018895,37.79198079
A,-122.4020372,37.79196191
A,-122.4382612,37.79416512
A,-122.4383258,37.79448415
A,-122.4427252,37.77149618
A,-122.4432747,37.7714252
A,-122.4072904,37.79330487
A,-122.4023106,37.79746505
A,-122.4025924,37.7974289
A,-122.4070795,37.79686555
A,-122.4611365,37.74532412
A,-122.4635852,37.75021155
A,-122.4239302,37.77357091
A,-122.4241152,37.77397966
A,-122.4241511,37.77415601
A,-122.4246379,37.77680245
A,-122.4246717,37.77696914
A,-122.4677965,37.72855162
A,-122.4679153,37.72877032
A,-122.4696044,37.73005146
A,-122.4698679,37.73016462
A,-122.4639212,37.72595088
A,-122.4640619,37.72600384
A,-122.426429,37.77452483
A,-122.4269817,37.77445472
A,-122.4379661,37.77305912
A,-122.4461639,37.8024188
A,-122.4152258,37.78550064
A,-122.4154438,37.78547324
A,-122.4333707,37.76719117
A,-122.4333453,37.76692466
A,-122.4152958,37.77415742
A,-122.4156939,37.77384298
A,-122.3990088,37.78700522
A,-122.3992494,37.7868175
A,-122.4126659,37.77624916
A,-122.413186,37.77584116
A,-122.4038068,37.79799964
A,-122.4038288,37.79810944
A,-122.4672683,37.73304909
A,-122.4675643,37.733059
A,-122.4698326,37.73322469
A,-122.4701347,37.73323469
A,-122.4654627,37.74536942
A,-122.4650653,37.74516448
A,-122.4691847,37.72721571
A,-122.4690678,37.72733926
A,-122.4674657,37.74799964
A,-122.413312,37.78096767
A,-122.4339436,37.77834873
A,-122.4344919,37.77827883
A,-122.4456441,37.77176368
A,-122.4455837,37.77145086
A,-122.4142679,37.74620556
A,-122.4142145,37.74564856
A,-122.4616794,37.74897366
A,-122.4614264,37.74897697
A,-122.4056364,37.78816086
A,-122.4061537,37.7880952
A,-122.4429957,37.77560182
A,-122.443058,37.77591199
A,-122.4459826,37.79040836
A,-122.4134543,37.75200015
A,-122.4134034,37.75146632
A,-122.4223215,37.77648196
A,-122.4229516,37.77448877
A,-122.4234131,37.77443045
A,-122.4135382,37.78029963
A,-122.4136012,37.78061134
A,-122.4148574,37.78682737
A,-122.4149203,37.78713871
A,-122.4899369,37.75738062
A,-122.4178255,37.78485847
A,-122.4178574,37.78501094
A,-122.4184843,37.78811785
A,-122.4185157,37.7882732
A,-122.3991237,37.71058788
A,-122.398837,37.71051966
A,-122.4509287,37.79093579
A,-122.4508742,37.79066549
A,-122.4223483,37.76111324
A,-122.4222973,37.76058015
A,-122.4253736,37.77210448
A,-122.4254368,37.77241747
A,-122.4035946,37.78857922
A,-122.4036215,37.78873494
A,-122.4779708,37.7174559
A,-122.4778406,37.71743154
A,-122.4124607,37.78330978
A,-122.4125219,37.78361928
A,-122.4132382,37.78716189
A,-122.4369353,37.75031186
A,-122.4376601,37.75026713
A,-122.405281,37.78451183
A,-122.4087053,37.79576147
A,-122.4546595,37.78990628
A,-122.4552103,37.78983607
A,-122.3945023,37.78202415
A,-122.4053706,37.79617762
A,-122.4056105,37.79614802
A,-122.4074637,37.79591757
A,-122.4075076,37.79591206
A,-122.4157446,37.78289143
A,-122.4158075,37.78320163
A,-122.4168782,37.78848487
A,-122.4169414,37.78879563
A,-122.3984848,37.78658536
A,-122.3987249,37.78639554
A,-122.4106632,37.77695425
A,-122.4108327,37.77682013
A,-122.4147535,37.77372525
A,-122.4151514,37.773411
A,-122.4340586,37.76661343
A,-122.4347973,37.76656871
A,-122.3980082,37.71402974
A,-122.4416465,37.77449406
A,-122.4421946,37.77442451
A,-122.3760992,37.73470605
A,-122.3762252,37.73447385
A,-122.4218675,37.77701799
A,-122.4224168,37.77694884
A,-122.4098022,37.77273016
A,-122.4099334,37.77262638
A,-122.4339974,37.76201488
A,-122.4339445,37.76148285
A,-122.4293339,37.77224279
A,-122.4234064,37.75810246
A,-122.4233808,37.75783431
A,-122.4784586,37.71711064
A,-122.4788161,37.71674102
A,-122.4302406,37.77690006
A,-122.4308065,37.77682795
A,-122.4078429,37.7996392
A,-122.408,37.79961845
A,-122.4457128,37.79483032
A,-122.4462142,37.79476649
A,-122.4058525,37.80276325
A,-122.4500689,37.76396134
A,-122.3996087,37.80068315
A,-122.3998832,37.80064852
A,-122.4048766,37.78700008
A,-122.4049529,37.7873809
A,-122.4053453,37.78941764
A,-122.4053659,37.78952273
A,-122.4061476,37.79352663
A,-122.4061779,37.79367732
A,-122.4754828,37.7172199
A,-122.4756947,37.71700193
A,-122.4229024,37.77656788
A,-122.4229342,37.77672379
A,-122.4424006,37.77822558
A,-122.4429477,37.77815547
A,-122.3965456,37.71078835
A,-122.3966218,37.71058631
A,-122.4117784,37.78690086
A,-122.4120533,37.78686579
A,-122.4667375,37.74820861
A,-122.3988981,37.79398685
A,-122.3989281,37.79413376
A,-122.4003616,37.8012169
A,-122.4003929,37.80136904
A,-122.4070956,37.77732238
A,-122.4071885,37.77724893
A,-122.4105664,37.77458049
A,-122.4110822,37.774173
A,-122.4140206,37.75196766
A,-122.4139672,37.75143316
A,-122.4309372,37.77458887
A,-122.4099067,37.80129996
A,-122.4104565,37.80123299
A,-122.3752991,37.73457482
A,-122.4370896,37.75191234
A,-122.4378143,37.75186829
A,-122.4064927,37.78565607
A,-122.4071665,37.78557192
A,-122.4151974,37.78455445
A,-122.4156285,37.78449975
A,-122.4877518,37.78748929
A,-122.4880915,37.78752201
A,-122.489738,37.78773613
A,-122.4135934,37.78380065
A,-122.4139114,37.78376032
A,-122.4361022,37.7492914
A,-122.4360787,37.74902474
A,-122.4656885,37.73206215
A,-122.4653254,37.73196233
A,-122.4354345,37.76545657
A,-122.4354091,37.76518956
A,-122.3999505,37.79127299
A,-122.4003411,37.79122321
A,-122.3987457,37.79919321
A,-122.3988081,37.79950919
A,-122.4702021,37.73189388
A,-122.4699075,37.73188402
A,-122.4057385,37.79722559
A,-122.4059763,37.79739033
A,-122.3907778,37.78203911
A,-122.4500711,37.76641547
A,-122.4500086,37.76610579
A,-122.4510168,37.78857342
A,-122.4515656,37.78850354
A,-122.4492529,37.77320565
A,-122.449192,37.77289033
A,-122.4073612,37.79412395
A,-122.4074406,37.79411385
A,-122.4276731,37.76372042
A,-122.4574382,37.78974663
A,-122.4574191,37.78965186
A,-122.437156,37.80295156
A,-122.4619969,37.74983571
A,-122.4619813,37.74940669
A,-122.4664764,37.7456261
A,-122.4672318,37.74556585
A,-122.4387717,37.80547087
A,-122.4393684,37.80578663
A,-122.4316359,37.78918119
A,-122.4061859,37.79241416
A,-122.4050239,37.79062937
A,-122.4052927,37.79059542
A,-122.4093229,37.79008637
A,-122.409872,37.79001701
A,-122.4276499,37.77500722
A,-122.4276809,37.77516034
A,-122.4302187,37.78774618
A,-122.4302812,37.78805535
A,-122.3930872,37.78348394
A,-122.3933465,37.78327901
A,-122.443244,37.79353665
A,-122.4387449,37.79377891
A,-122.4392931,37.79371172
A,-122.4395176,37.77508615
A,-122.439581,37.77539794
A,-122.4024985,37.79839049
A,-122.4027806,37.79835502
A,-122.4672811,37.7253265
A,-122.4672886,37.72544631
A,-122.4413106,37.80381589
A,-122.4416018,37.80377802
A,-122.4197443,37.7542978
A,-122.4014468,37.80060839
A,-122.4014775,37.80076195
A,-122.40154,37.80106946
A,-122.4015716,37.80122341
A,-122.4079144,37.80632545
A,-122.4086947,37.80622678
A,-122.4123509,37.75152966
A,-122.4471484,37.80452774
A,-122.4472115,37.80484204
A,-122.4404085,37.7711541
A,-122.4404713,37.77146466
A,-122.4405971,37.77208647
A,-122.4406601,37.77239773
A,-122.4411615,37.77487601
A,-122.4412248,37.77518841
A,-122.4413507,37.77581093
A,-122.4414135,37.77612105
A,-122.4415395,37.77674392
A,-122.4416028,37.77705667
A,-122.4447062,37.79239285
A,-122.4447686,37.79270178
A,-122.4448776,37.79324064
A,-122.4449242,37.79347057
A,-122.4450859,37.79427067
A,-122.4451486,37.7945824
A,-122.4452737,37.79520369
A,-122.445336,37.79551325
A,-122.4454608,37.79613355
A,-122.4455234,37.7964443
A,-122.4465445,37.8015372
A,-122.4869319,37.78809491
A,-122.4873458,37.78834698
A,-122.4403637,37.80062401
A,-122.4404301,37.80095079
A,-122.4405869,37.80172332
A,-122.4406774,37.80216909
A,-122.4408517,37.80302782
A,-122.4409355,37.80344078
A,-122.4410742,37.80412411
A,-122.4411291,37.80439446
A,-122.4410239,37.80471721
A,-122.4406422,37.80511182
A,-122.4404791,37.8053033
A,-122.4401586,37.80567936
A,-122.4400012,37.80586393
A,-122.4476123,37.77341477
A,-122.4475488,37.77310067
A,-122.4472371,37.77155948
A,-122.4471739,37.77124511
A,-122.4468588,37.76969262
A,-122.4622662,37.72466382
A,-122.4622677,37.72499939
A,-122.4622684,37.72513641
A,-122.4790036,37.7203891
A,-122.4789887,37.72063483
A,-122.4594558,37.78957019
A,-122.4594481,37.78943365
A,-122.4594188,37.78899853
A,-122.4593971,37.78869996
A,-122.4593541,37.78810654
A,-122.4593328,37.78781171
A,-122.4592967,37.78731459
A,-122.4592821,37.78711231
A,-122.4588932,37.78189706
A,-122.4660785,37.73147167
A,-122.4661277,37.73089531
A,-122.4665727,37.72958021
A,-122.4829795,37.72095249
A,-122.4829915,37.72069932
A,-122.4831055,37.71890796
A,-122.4831185,37.71871073
A,-122.483137,37.71843142
A,-122.4831425,37.71834933
A,-122.4832762,37.71599077
A,-122.4832893,37.71573891
A,-122.4450468,37.74461778
A,-122.44404,37.74408016
A,-122.4427373,37.7443326
A,-122.4426774,37.7443384
A,-122.4238492,37.75619739
A,-122.4237972,37.755665
A,-122.4457157,37.74622237
A,-122.4462815,37.74619835
A,-122.446985,37.74609671
A,-122.4471291,37.74607412
A,-122.4026421,37.78790186
A,-122.4024599,37.78775798
A,-122.4034504,37.80163587
A,-122.4039783,37.80156824
A,-122.4031249,37.80167758
A,-122.4033272,37.80165166
A,-122.4038375,37.80158628
A,-122.4041455,37.80154682
A,-122.46246,37.75016715
A,-122.4628808,37.75013685
A,-122.4642664,37.75037375
A,-122.4648163,37.75035129
A,-122.432827,37.75377482
A,-122.4335659,37.75373027
A,-122.4696033,37.72204156
A,-122.4694412,37.72243358
A,-122.4690816,37.72308841
A,-122.4689,37.72335504
A,-122.4436753,37.74589338
A,-122.443957,37.74600346
A,-122.4445543,37.7461989
A,-122.4448812,37.74619094
A,-122.4452653,37.74593932
A,-122.4453067,37.74578362
A,-122.4376076,37.80291289
A,-122.4377978,37.80273321
A,-122.4385143,37.80217128
A,-122.4390857,37.80183438
A,-122.4399598,37.8014483
A,-122.4402281,37.80136293
A,-122.4407821,37.8012218
A,-122.4410677,37.80116605
A,-122.4485387,37.76330744
A,-122.44898,37.76325158
A,-122.4100563,37.76821395
A,-122.4228152,37.76458172
A,-122.422789,37.76430838
A,-122.4109,37.75214992
A,-122.4108493,37.75161885
A,-122.4272037,37.76351926
A,-122.4271793,37.7632441
A,-122.4835742,37.71980578
A,-122.4841014,37.71982201
A,-122.4846632,37.7198393
A,-122.4846979,37.71984037
A,-122.4939539,37.75845006
A,-122.4939097,37.75782866
A,-122.490739,37.75859202
A,-122.4918117,37.75854466
A,-122.4900602,37.76424815
A,-122.4900161,37.76361965
A,-122.4896666,37.75863935
A,-122.4905202,37.78589095
A,-122.4904913,37.7855029
A,-122.488986,37.76429608
A,-122.4889419,37.76366731
A,-122.4877676,37.74687745
A,-122.4884523,37.78715482
A,-122.4884374,37.78669592
A,-122.4883118,37.78602408
A,-122.4882367,37.78581061
A,-122.4868465,37.76438756
A,-122.4868025,37.76376021
A,-122.4879126,37.76433978
A,-122.4878697,37.76371277
A,-122.4880014,37.78851813
A,-122.4879557,37.78835773
A,-122.4875488,37.78805625
A,-122.4874335,37.78779587
A,-122.4124759,37.7509853
A,-122.4126512,37.75097474
A,-122.4368532,37.74951409
A,-122.4375806,37.74947011
A,-122.4868122,37.7886003
A,-122.4866181,37.78843414
A,-122.4863957,37.78823103
A,-122.4863913,37.78817004
A,-122.4863735,37.7879253
A,-122.4863602,37.78774156
A,-122.392954,37.75252105
A,-122.4155247,37.75241345
A,-122.422011,37.75201782
A,-122.4224389,37.75199276
A,-122.4289061,37.75161154
A,-122.4292764,37.75158923
A,-122.430386,37.75152235
A,-122.4311254,37.75147778
A,-122.4326023,37.75138874
A,-122.4333399,37.75134426
A,-122.4388197,37.75099944
A,-122.4391775,37.75097913
A,-122.4398915,37.75093858
A,-122.4402478,37.75091836
A,-122.4847594,37.78867344
A,-122.4849628,37.78841865
A,-122.4853065,37.78809084
A,-122.4852889,37.7878494
A,-122.4156726,37.75400771
A,-122.4200623,37.75374358
A,-122.4204312,37.75372138
A,-122.4237672,37.75352045
A,-122.4239457,37.7535098
A,-122.4243013,37.7534883
A,-122.4244784,37.75347744
A,-122.4305344,37.75311002
A,-122.431273,37.75306549
A,-122.4327503,37.75297643
A,-122.433489,37.75293188
A,-122.4306883,37.75471278
A,-122.4314269,37.75466825
A,-122.4329044,37.75457918
A,-122.4336433,37.75453462
A,-122.3873655,37.7554236
A,-122.3876773,37.75540482
A,-122.3886143,37.75791719
A,-122.3889252,37.7578985
A,-122.3895567,37.75786056
A,-122.3898774,37.75784129
A,-122.4158257,37.75560826
A,-122.4220051,37.7552315
A,-122.4225871,37.75519869
A,-122.4239227,37.75512235
A,-122.4241002,37.75511209
A,-122.4244554,37.75509158
A,-122.424633,37.75508132
A,-122.4159786,37.75720659
A,-122.4163431,37.75718467
A,-122.4218432,37.75685369
A,-122.4225809,37.75680928
A,-122.4235128,37.75675318
A,-122.423707,37.75674148
A,-122.4240777,37.75671916
A,-122.4242542,37.75670853
A,-122.4242359,37.75831474
A,-122.4249954,37.75826883
A,-122.3869034,37.76058531
A,-122.38723,37.76056585
A,-122.3888541,37.7604686
A,-122.3891639,37.76045002
A,-122.3897932,37.76045037
A,-122.3901177,37.76043544
A,-122.4219986,37.75844996
A,-122.4151921,37.76047312
A,-122.4155544,37.76045125
A,-122.4201911,37.76017123
A,-122.4204193,37.76015745
A,-122.4209027,37.76012824
A,-122.4211579,37.76011282
A,-122.4219685,37.76006384
A,-122.4252035,37.75986831
A,-122.4255559,37.75984701
A,-122.3880092,37.76180264
A,-122.3883406,37.76178263
A,-122.3899175,37.76168737
A,-122.3902394,37.76166793
A,-122.3926556,37.76152192
A,-122.3928184,37.76151208
A,-122.4228831,37.76161689
A,-122.4342573,37.76092889
A,-122.434623,37.76090695
A,-122.4353598,37.76086337
A,-122.3912367,37.76288977
A,-122.3927584,37.76280089
A,-122.3931794,37.76277629
A,-122.4077424,37.76446376
A,-122.4080771,37.76444354
A,-122.4116392,37.76422832
A,-122.4119602,37.76420892
A,-122.4188148,37.76347017
A,-122.4191577,37.76344778
A,-122.4247036,37.76311829
A,-122.4265292,37.76300763
A,-122.4268421,37.76298829
A,-122.4276022,37.76294129
A,-122.4344515,37.76252473
A,-122.4221967,37.76489402
A,-122.422519,37.76487455
A,-122.4229277,37.76484985
A,-122.423014,37.76484463
A,-122.4267626,37.76461804
A,-122.4271555,37.76459428
A,-122.433808,37.76418899
A,-122.4345566,37.76414368
A,-122.4031124,37.76735043
A,-122.4034299,37.76733148
A,-122.4070009,37.76711827
A,-122.4073369,37.7670982
A,-122.4325042,37.76590264
A,-122.4339822,37.76581302
A,-122.4347211,37.7657683
A,-122.4360066,37.76568971
A,-122.4254023,37.76794217
A,-122.4304393,37.76763594
A,-122.4308092,37.76761365
A,-122.4315484,37.76756909
A,-122.4319178,37.76754682
A,-122.4326569,37.76750227
A,-122.4330265,37.76747998
A,-122.4204995,37.76823777
A,-122.413499,37.77144858
A,-122.4681016,37.7745467
A,-122.4680567,37.77392331
A,-122.4152055,37.77471745
A,-122.4150516,37.77459466
A,-122.4147169,37.77432774
A,-122.4145362,37.77418362
A,-122.4138411,37.77362911
A,-122.4133266,37.77321872
A,-122.4125031,37.77256183
A,-122.4121941,37.77231534
A,-122.4116787,37.77190418
A,-122.4164064,37.77377779
A,-122.4162492,37.77365316
A,-122.4159111,37.77338461
A,-122.4157302,37.77324068
A,-122.4153627,37.77294638
A,-122.4151761,37.77279601
A,-122.465297,37.74979689
A,-122.4647898,37.74940947
A,-122.464666,37.74912398
A,-122.4648245,37.74854346
A,-122.4650131,37.74827991
A,-122.4652196,37.74788165
A,-122.4652616,37.74775767
A,-122.4653656,37.74752948
A,-122.4655155,37.7474917
A,-122.4659854,37.7474415
A,-122.4655256,37.747555
A,-122.4657708,37.74753887
A,-122.4664154,37.74739083
A,-122.4671394,37.74712458
A,-122.4677388,37.74709377
A,-122.4140094,37.77567562
A,-122.4138577,37.77555439
A,-122.4135203,37.77528474
A,-122.4133347,37.77513633
A,-122.412971,37.77484566
A,-122.412793,37.7747034
A,-122.4124627,37.77443937
A,-122.4123103,37.7743176
A,-122.4119713,37.77405239
A,-122.4117846,37.77390895
A,-122.4114184,37.77361994
A,-122.4112388,37.77347437
A,-122.4109326,37.77322618
A,-122.410806,37.77312356
A,-122.4097335,37.77225783
A,-122.4094022,37.77199305
A,-122.4683697,37.77827401
A,-122.4683251,37.77765456
A,-122.4124516,37.77690079
A,-122.4122987,37.77677898
A,-122.4119619,37.77651062
A,-122.4117779,37.77636408
A,-122.4114151,37.77607502
A,-122.4112362,37.7759325
A,-122.4109044,37.77566816
A,-122.4107515,37.77554635
A,-122.4104159,37.77527901
A,-122.4102333,37.77513349
A,-122.4098695,37.77484143
A,-122.4096885,37.77469488
A,-122.406021,37.80274211
A,-122.4062033,37.80271923
A,-122.4015345,37.79107111
A,-122.4019513,37.79101798
A,-122.4148848,37.79780737
A,-122.4149718,37.79779637
A,-122.4218227,37.76437429
A,-122.4212337,37.75822891
A,-122.4212078,37.75796321
A,-122.3992649,37.799776
A,-122.3996593,37.79972685
A,-122.4677952,37.72562556
A,-122.4682944,37.72568501
A,-122.4636851,37.72337859
A,-122.4633078,37.72377462
A,-122.4656873,37.73021794
A,-122.4659663,37.73027153
A,-122.4630813,37.75060361
A,-122.4631704,37.75037474
A,-122.4085056,37.8005221
A,-122.4086647,37.80050297
A,-122.4669973,37.74141035
A,-122.4673062,37.74146444
A,-122.4145883,37.78272084
A,-122.415135,37.78265104
A,-122.3983117,37.71108414
A,-122.398431,37.71076779
A,-122.3906941,37.78046154
A,-122.3908733,37.78032011
A,-122.3891888,37.7573708
A,-122.4124254,37.78873399
A,-122.4129773,37.78866421
A,-122.4067003,37.78818492
A,-122.4067296,37.78834032
A,-122.4086697,37.79793841
A,-122.4087328,37.79825299
A,-122.41118,37.78059003
A,-122.4216805,37.77106328
A,-122.4364309,37.79343988
A,-122.4171158,37.76143014
A,-122.394336,37.78148579
A,-122.3945914,37.78128405
A,-122.4638338,37.74892561
A,-122.4638605,37.74925441
A,-122.4513276,37.7653007
A,-122.4512643,37.76498956
A,-122.4783495,37.72012105
A,-122.4786841,37.72013221
A,-122.4873535,37.78873912
A,-122.4877003,37.78870883
A,-122.401332,37.79412991
A,-122.4013618,37.7942765
A,-122.465714,37.73813043
A,-122.4656742,37.73775997
A,-122.4632333,37.7376226
A,-122.4631785,37.73732101
A,-122.4649644,37.74685145
A,-122.4652609,37.74685068
A,-122.4623278,37.73791612
A,-122.4621849,37.73712855
A,-122.4653993,37.73586088
A,-122.4653692,37.73542294
A,-122.4670775,37.73429229
A,-122.467032,37.73369026
A,-122.4068457,37.79328404
A,-122.4070604,37.79325696
A,-122.4230516,37.79121591
A,-122.4389319,37.80484952
A,-122.4396435,37.80513713
A,-122.391922,37.78408594
A,-122.3917544,37.78395242
A,-122.4122226,37.74683992
A,-122.4119102,37.74685874
A,-122.4088184,37.79037352
A,-122.408863,37.79059132
A,-122.415531,37.78738051
A,-122.4160787,37.78731097
A,-122.4325752,37.77021177
A,-122.4326402,37.7705344
A,-122.4180628,37.77766087
A,-122.4180946,37.77781385
A,-122.419758,37.78604445
A,-122.4197895,37.7861998
A,-122.4347323,37.78780706
A,-122.4397716,37.80192916
A,-122.4398517,37.80232466
A,-122.4029916,37.79184053
A,-122.403424,37.79178588
A,-122.4344082,37.77509932
A,-122.3995233,37.71035636
A,-122.3996364,37.71005662
A,-122.4488719,37.7649755
A,-122.4493148,37.76491901
A,-122.4697052,37.728717
A,-122.4700855,37.72868706
A,-122.4402094,37.79264826
A,-122.440765,37.79257755
A,-122.4262405,37.77359212
A,-122.4377776,37.77212874
A,-122.4383323,37.77205764
A,-122.4619496,37.74746912
A,-122.4621355,37.74762091
A,-122.4029371,37.79770168
A,-122.4029999,37.79801061
A,-122.4240345,37.77357599
A,-122.4240692,37.77375185
A,-122.4241658,37.77449455
A,-122.4241998,37.77465076
A,-122.4245479,37.77635807
A,-122.4245795,37.77651392
A,-122.4682725,37.72937576
A,-122.4684077,37.72951763
A,-122.4357311,37.80374584
A,-122.4363052,37.80367236
A,-122.4056848,37.78669975
A,-122.4060357,37.78665566
A,-122.4124094,37.78585469
A,-122.4126834,37.78582024
A,-122.3993149,37.78648842
A,-122.39914,37.78634707
A,-122.4026242,37.79221261
A,-122.4026894,37.79253004
A,-122.4035194,37.79658297
A,-122.4649771,37.73275173
A,-122.4652914,37.73298459
A,-122.4689534,37.73310544
A,-122.4692604,37.7331175
A,-122.4696347,37.72945315
A,-122.4705473,37.72973179
A,-122.4071823,37.78216316
A,-122.4072124,37.78213939
A,-122.4190917,37.75916293
A,-122.4131234,37.77661402
A,-122.4136422,37.77620544
A,-122.3903608,37.75955435
A,-122.3902794,37.75868818
A,-122.4078008,37.78270068
A,-122.4077425,37.7826545
A,-122.4655335,37.74900769
A,-122.4603718,37.74531944
A,-122.4605438,37.74518514
A,-122.4648989,37.74793045
A,-122.4646321,37.74785821
A,-122.4232297,37.77154584
A,-122.4091487,37.78361058
A,-122.4092229,37.78397803
A,-122.4101066,37.78838979
A,-122.4101684,37.78870118
A,-122.4132559,37.80397291
A,-122.4133012,37.80418824
A,-122.4557017,37.78947208
A,-122.4556424,37.78917831
A,-122.4605047,37.74726083
A,-122.4610924,37.74679969
A,-122.4381941,37.80266472
A,-122.4384002,37.8027759
A,-122.4422392,37.77187824
A,-122.4423025,37.77218934
A,-122.4228265,37.75960986
A,-122.4227856,37.75921021
A,-122.4267058,37.77592311
A,-122.4272564,37.77585292
A,-122.4524088,37.78989148
A,-122.4523495,37.78959771
A,-122.4204386,37.75800888
A,-122.4203825,37.75747694
A,-122.4636665,37.75185092
A,-122.4018098,37.79231664
A,-122.4018776,37.79263361
A,-122.4142923,37.7840311
A,-122.4143551,37.78434222
A,-122.4181974,37.78671951
A,-122.4182281,37.78687683
A,-122.4175465,37.78346263
A,-122.4175765,37.78361817
A,-122.4258136,37.77428395
A,-122.425845,37.77443944
A,-122.4262831,37.77661576
A,-122.426315,37.77677105
A,-122.4278367,37.78426397
A,-122.4048906,37.7950115
A,-122.4049178,37.79516722
A,-122.411785,37.77755795
A,-122.4776365,37.71694158
A,-122.4775627,37.71647599
A,-122.4772139,37.71810245
A,-122.4772659,37.71819438
A,-122.4128629,37.78531978
A,-122.412866,37.78533491
A,-122.4135916,37.78890479
A,-122.4136539,37.78921517
A,-122.4310429,37.75066895
A,-122.4076294,37.79589677
A,-122.4077072,37.79588699
A,-122.4497248,37.79053459
A,-122.4502722,37.7904649
A,-122.4067839,37.79600295
A,-122.4069277,37.79598489
A,-122.3923691,37.76025664
A,-122.3876375,37.76139723
A,-122.3875971,37.76097181
A,-122.416358,37.78591729
A,-122.4163975,37.78611186
A,-122.4200047,37.80400153
A,-122.4200283,37.8041164
A,-122.4149618,37.77903017
A,-122.4150383,37.77940744
A,-122.4084465,37.7787085
A,-122.4086335,37.77856011
A,-122.4136352,37.77460841
A,-122.4136959,37.77456042
A,-122.4846678,37.71856383
A,-122.4256718,37.77079523
A,-122.4262203,37.77072577
A,-122.4595287,37.74533944
A,-122.4598643,37.74539659
A,-122.4265179,37.77498505
A,-122.4270684,37.77492418
A,-122.4644031,37.7219328
A,-122.464222,37.72215072
A,-122.4284484,37.77618003
A,-122.4289952,37.77611023
A,-122.4243308,37.77287918
A,-122.4249154,37.77280482
A,-122.4458625,37.77013875
A,-122.4463922,37.77007123
A,-122.4235301,37.75943485
A,-122.4234785,37.75889646
A,-122.4232538,37.75650373
A,-122.4232281,37.75623539
A,-122.4286175,37.77710691
A,-122.4291461,37.77703954
A,-122.4401923,37.77564009
A,-122.4407401,37.77557046
A,-122.440778,37.79545833
A,-122.441334,37.79538758
A,-122.4021992,37.80035464
A,-122.4023955,37.80032902
A,-122.4052282,37.78879546
A,-122.4052475,37.78890069
A,-122.479458,37.71654359
A,-122.4797237,37.71673201
A,-122.4141259,37.78182479
A,-122.4143985,37.78179004
A,-122.4071233,37.78749466
A,-122.4076689,37.78742507
A,-122.4169833,37.7862367
A,-122.4175296,37.78616697
A,-122.3999254,37.79904274
A,-122.3999896,37.79936021
A,-122.4420243,37.7763615
A,-122.4425723,37.77629184
A,-122.4089009,37.77589622
A,-122.4136099,37.7721791
A,-122.4138122,37.77201948
A,-122.4103102,37.75540416
A,-122.410259,37.75487044
A,-122.4043483,37.80198834
A,-122.4082601,37.80150418
A,-122.4083999,37.80148668
A,-122.4282592,37.77524475
A,-122.4288065,37.77517604
A,-122.4549702,37.7840091
A,-122.4553347,37.78399207
A,-122.4714808,37.72372402
A,-122.4716693,37.72373184
A,-122.4232403,37.77092744
A,-122.4116751,37.78500136
A,-122.4122225,37.78493191
A,-122.4114873,37.78406774
A,-122.4120352,37.78399826
A,-122.4151631,37.79777218
A,-122.4211564,37.75743104
A,-122.4004452,37.7996277
A,-122.4008366,37.79957771
A,-122.463249,37.72446938
A,-122.4633341,37.72467869
A,-122.4698877,37.72516769
A,-122.4698469,37.72414907
A,-122.4665263,37.73037906
A,-122.4668073,37.730433
A,-122.4634955,37.74984324
A,-122.4637254,37.74970396
A,-122.4089417,37.80046968
A,-122.4090596,37.8004555
A,-122.4409658,37.79638689
A,-122.441522,37.79631611
A,-122.40974,37.79780579
A,-122.4098033,37.79812217
A,-122.4679287,37.7415042
A,-122.4682389,37.74150178
A,-122.4161114,37.78252636
A,-122.4165411,37.78247148
A,-122.4128787,37.75149907
A,-122.3914344,37.77987701
A,-122.4668895,37.73778019
A,-122.4662905,37.73759594
A,-122.411649,37.78766485
A,-122.411668,37.78776662
A,-122.4108149,37.78351942
A,-122.4108772,37.78382832
A,-122.4040738,37.78979454
A,-122.4140772,37.78852433
A,-122.4146251,37.78845424
A,-122.4067902,37.78865798
A,-122.4068215,37.78882025
A,-122.4077737,37.79346854
A,-122.4078324,37.79376254
A,-122.4072015,37.79067812
A,-122.4538738,37.78880469
A,-122.4538153,37.78851458
A,-122.3932885,37.78186723
A,-122.3935442,37.78166535
A,-122.46024,37.74785652
A,-122.4605198,37.74796472
A,-122.4642835,37.74968411
A,-122.4646571,37.74966268
A,-122.4511441,37.76439852
A,-122.4157162,37.75829373
A,-122.4156652,37.75776112
A,-122.4792376,37.71993757
A,-122.4794897,37.71975339
A,-122.4886384,37.7886269
A,-122.4892296,37.78857526
A,-122.4022804,37.79874345
A,-122.4023444,37.79906093
A,-122.4680876,37.73657676
A,-122.4680195,37.73571926
A,-122.4657954,37.73714073
A,-122.4659359,37.73690932
A,-122.4644105,37.73582767
A,-122.4650583,37.73889577
A,-122.4649242,37.73896023
A,-122.4661073,37.74655211
A,-122.466723,37.74647436
A,-122.4653057,37.73449118
A,-122.4652311,37.73400139
A,-122.4636452,37.7353155
A,-122.4634243,37.73500142
A,-122.4652221,37.73124701
A,-122.4652807,37.73070209
A,-122.466931,37.73265459
A,-122.466913,37.73221998
A,-122.4707075,37.73471208
A,-122.4073038,37.79322624
A,-122.4073327,37.7932226
A,-122.4345636,37.78976393
A,-122.410542,37.77373531
A,-122.3943103,37.77924721
A,-122.3937926,37.77883546
A,-122.4112676,37.74689746
A,-122.4109373,37.74691735
A,-122.4079016,37.78579379
A,-122.4079628,37.78609981
A,-122.4089264,37.79090115
A,-122.4167436,37.78722656
A,-122.4168606,37.7872117
A,-122.4038762,37.78886141
A,-122.404104,37.78883215
A,-122.4123939,37.78777871
A,-122.4124565,37.78777087
A,-122.4181558,37.77813966
A,-122.4181851,37.77831247
A,-122.4363759,37.78759824
A,-122.459897,37.7487733
A,-122.4597554,37.74885548
A,-122.4400154,37.80313312
A,-122.4400991,37.80354608
A,-122.4011557,37.79207462
A,-122.4013905,37.7920446
A,-122.4039735,37.79171643
A,-122.4292479,37.78850368
A,-122.4297958,37.7884341
A,-122.4349145,37.77758751
A,-122.4349774,37.77789822
A,-122.4502388,37.76480116
A,-122.4507199,37.7647398
A,-122.4708177,37.72886732
A,-122.4711986,37.72888885
A,-122.4417598,37.79245097
A,-122.4421989,37.7923951
A,-122.4394361,37.7719161
A,-122.4399851,37.77184566
A,-122.4603124,37.74472239
A,-122.4605141,37.74488661
A,-122.4625003,37.74799566
A,-122.4625801,37.74825373
A,-122.4242224,37.77450924
A,-122.4242579,37.77468612
A,-122.4245889,37.7763766
A,-122.4246249,37.77655564
A,-122.4688476,37.72971204
A,-122.469097,37.72983633
A,-122.4631205,37.72564095
A,-122.4069325,37.78654299
A,-122.4074783,37.78647441
A,-122.4135067,37.78571676
A,-122.4140558,37.78564772
A,-122.4318881,37.75169606
A,-122.4018682,37.78856676
A,-122.4016829,37.78841613
A,-122.4083075,37.77799965
A,-122.4077945,37.77758757
A,-122.4035792,37.79687651
A,-122.4036214,37.79708544
A,-122.4660869,37.7330451
A,-122.4665475,37.73302266
A,-122.4689491,37.73320198
A,-122.4692567,37.73320971
A,-122.4020493,37.78941104
A,-122.4021134,37.78972318
A,-122.4079205,37.79058142
A,-122.4689333,37.72591816
A,-122.4690716,37.72610001
A,-122.47162,37.72978296
A,-122.3969724,37.79022449
A,-122.3972673,37.78999167
A,-122.4077272,37.78173288
A,-122.4157582,37.77452536
A,-122.4161569,37.77421047
A,-122.4075068,37.78246785
A,-122.4073295,37.78232739
A,-122.4608933,37.74491163
A,-122.4610709,37.74477244
A,-122.4887364,37.78626579
A,-122.4891002,37.78625674
A,-122.4422137,37.77729981
A,-122.4427613,37.77723019
A,-122.4460165,37.77361816
A,-122.4459534,37.77330484
A,-122.4515048,37.78593752
A,-122.4517813,37.78590269
A,-122.4102938,37.78932426
A,-122.4103574,37.78963595
A,-122.4133698,37.80449586
A,-122.4555244,37.78859444
A,-122.4554658,37.78830435
A,-122.4670576,37.74281965
A,-122.4673383,37.74215943
A,-122.4618577,37.74616069
A,-122.4391083,37.80317688
A,-122.4392963,37.80364244
A,-122.4426161,37.77373188
A,-122.4426794,37.77404342
A,-122.3945587,37.77854461
A,-122.4627638,37.74834504
A,-122.4629468,37.74822435
A,-122.4522315,37.78901385
A,-122.4521729,37.78872375
A,-122.4219063,37.75765373
A,-122.4226308,37.75760994
A,-122.463118,37.75151868
A,-122.4629064,37.75154387
A,-122.4144804,37.78496179
A,-122.4145427,37.78527024
A,-122.4182901,37.78718388
A,-122.4183214,37.7873336
A,-122.400791,37.71098469
A,-122.4005316,37.71092296
A,-122.4164487,37.77803063
A,-122.4165084,37.77834233
A,-122.4176358,37.78392646
A,-122.4176652,37.7840792
A,-122.4772197,37.71774361
A,-122.4771908,37.71787706
A,-122.4120775,37.78144466
A,-122.412143,37.78175696
A,-122.4128985,37.78549529
A,-122.412928,37.78564054
A,-122.4040295,37.79716283
A,-122.4361085,37.80561234
A,-122.436684,37.80553943
A,-122.407937,37.79585813
A,-122.408089,37.79583904
A,-122.4513691,37.79032522
A,-122.4519186,37.79025524
A,-122.4285354,37.77664701
A,-122.4290748,37.77657816
A,-122.4071502,37.79595695
A,-122.4072289,37.79594706
A,-122.4090053,37.77826558
A,-122.4091901,37.77811943
A,-122.4165001,37.78661809
A,-122.4165633,37.78692975
A,-122.4020341,37.80053482
A,-122.4020652,37.80068938
A,-122.4151777,37.78009493
A,-122.4152406,37.78040515
A,-122.4095534,37.77783205
A,-122.4097319,37.77769082
A,-122.413815,37.77446638
A,-122.4138733,37.77442034
A,-122.4273172,37.77058684
A,-122.4278656,37.77051737
A,-122.4085484,37.77458584
A,-122.4281661,37.77478442
A,-122.4287133,37.77471475
A,-122.4383425,37.77491684
A,-122.4388983,37.77484561
A,-122.4633722,37.72252814
A,-122.462823,37.72280219
A,-122.4185812,37.77743727
A,-122.4191313,37.77736665
A,-122.4260488,37.77266066
A,-122.4265976,37.77259086
A,-122.437588,37.77119323
A,-122.4381426,37.77112292
A,-122.4474701,37.76993379
A,-122.4480184,37.76986387
A,-122.4240912,37.76423959
A,-122.4236524,37.7596984
A,-122.4236267,37.75942936
A,-122.4231769,37.755699
A,-122.4231513,37.75543096
A,-122.4282941,37.77714812
A,-122.4284994,37.77712196
A,-122.4418364,37.7754311
A,-122.4423849,37.77536138
A,-122.4075848,37.79967328
A,-122.4424471,37.79524594
A,-122.4430042,37.79517505
A,-122.4027493,37.80028298
A,-122.4029068,37.80026256
A,-122.4052759,37.78905622
A,-122.4052851,37.78910652
A,-122.4068544,37.79708718
A,-122.4068934,37.79727621
A,-122.4075925,37.80073597
A,-122.4076129,37.80083765
A,-122.4754592,37.71867713
A,-122.475418,37.71843751
A,-122.4087636,37.78728545
A,-122.4093127,37.78721541
A,-122.4186261,37.78602787
A,-122.4191763,37.78595849
A,-122.4815079,37.71610871
A,-122.4001153,37.79998626
A,-122.4001767,37.80029483
A,-122.4326586,37.77755637
A,-122.4436695,37.77615235
A,-122.4442187,37.77608254
A,-122.4192727,37.80397593
A,-122.4092911,37.775588
A,-122.4146993,37.79733025
A,-122.4147486,37.79757431
A,-122.4355404,37.79739593
A,-122.4356032,37.79770664
A,-122.4086653,37.80145346
A,-122.4087909,37.80143775
A,-122.4299023,37.77503788
A,-122.4304509,37.77496843
A,-122.4560665,37.78395838
A,-122.4564338,37.78394172
A,-122.4133175,37.78478435
A,-122.4138671,37.78471437
A,-122.4910628,37.78614778
A,-122.4915955,37.78617547
A,-122.4131319,37.78385918
A,-122.4136806,37.78378959
A,-122.3966355,37.79487711
A,-122.3966974,37.79516974
A,-122.4419528,37.79562633
A,-122.4420155,37.79593583
A,-122.4666431,37.74492957
A,-122.4670698,37.7448955
A,-122.4759719,37.71813544
A,-122.4765669,37.71807298
A,-122.4362359,37.75062081
A,-122.4454028,37.76668184
A,-122.445273,37.76604442
A,-122.4675349,37.73180458
A,-122.4672335,37.73179448
A,-122.4765917,37.7190469
A,-122.4769548,37.71866661
A,-122.4637923,37.74659218
A,-122.4639929,37.74651261
A,-122.4389502,37.77229706
A,-122.4390134,37.77260758
A,-122.4049321,37.79808088
A,-122.4051964,37.79804705
A,-122.3915525,37.7822476
A,-122.3918089,37.782045
A,-122.4674244,37.72227018
A,-122.4670562,37.72282873
A,-122.4558017,37.78539225
A,-122.4557505,37.78468364
A,-122.447938,37.76669127
A,-122.4478749,37.76637978
A,-122.4069666,37.79417415
A,-122.4071242,37.79415411
A,-122.4676851,37.72717066
A,-122.46843,37.72692393
A,-122.4673441,37.72671356
A,-122.4682141,37.72638082
A,-122.4340499,37.75103017
A,-122.4746611,37.71747296
A,-122.4749514,37.71744227
A,-122.4645124,37.74612391
A,-122.4649173,37.745914
A,-122.4353575,37.76464783
A,-122.4353314,37.7643731
A,-122.4402105,37.80268505
A,-122.4404892,37.80264995
A,-122.4504277,37.76573468
A,-122.4509093,37.76567326
A,-122.4008604,37.79115702
A,-122.400989,37.79114063
A,-122.404343,37.79071535
A,-122.4043653,37.79071254
A,-122.4078905,37.79026731
A,-122.4079244,37.79026304
A,-122.417551,37.78903954
A,-122.4180973,37.78897268
A,-122.4274713,37.7740733
A,-122.4275028,37.77422896
A,-122.410638,37.7673244
A,-122.4088641,37.75013012
A,-122.426989,37.7717442
A,-122.4270205,37.77189961
A,-122.4455742,37.80505046
A,-122.4453653,37.79294283
A,-122.4458996,37.79287495
A,-122.3922438,37.7817013
A,-122.3924223,37.78156021
A,-122.4676306,37.72361289
A,-122.4675819,37.72372245
A,-122.4081168,37.77463797
A,-122.4079363,37.77449264
A,-122.3979055,37.71133221
A,-122.3976186,37.71126393
A,-122.4395561,37.80403791
A,-122.4398694,37.80399848
A,-122.4001667,37.79427749
A,-122.4001969,37.79442449
A,-122.401102,37.79889345
A,-122.401165,37.79921059
C,-122.4014223,37.74371937
C,-122.4131799,37.75469446
C,-122.4824667,37.74274758
C,-122.4828236,37.74273189
C,-122.4172692,37.76303303
C,-122.417218,37.76249834
C,-122.3935357,37.79212473
C,-122.3965516,37.72909366
C,-122.4327758,37.78998951
C,-122.4331792,37.78993861
C,-122.4242981,37.78626126
C,-122.4178554,37.77677062
C,-122.4179537,37.77713588
C,-122.488341,37.74997024
C,-122.4886978,37.74995447
C,-122.4916905,37.75169008
C,-122.4920481,37.75167402
C,-122.4895406,37.75178668
C,-122.4898996,37.75177055
C,-122.4024317,37.77773564
C,-122.4019145,37.77732613
C,-122.4174995,37.8060829
C,-122.4179339,37.80602827
C,-122.4886054,37.75370127
C,-122.4889586,37.7536857
C,-122.4067168,37.78092078
C,-122.407198,37.7805395
C,-122.4186331,37.75436613
C,-122.4192961,37.76129847
C,-122.3794254,37.73434421
C,-122.3923626,37.78977999
C,-122.3838591,37.7526262
C,-122.3838166,37.7521979
C,-122.4229132,37.76054857
C,-122.4910096,37.75733329
C,-122.4913673,37.75731751
C,-122.3944371,37.78567422
C,-122.394516,37.78561179
C,-122.4035923,37.76558182
C,-122.4035536,37.76515042
C,-122.4976984,37.76078343
C,-122.4980555,37.76076767
C,-122.4901979,37.7611143
C,-122.4905545,37.76109858
C,-122.4174776,37.80823368
C,-122.4175216,37.80845776
C,-122.386757,37.75245849
C,-122.3867144,37.75203045
C,-122.38494,37.73547924
C,-122.3851181,37.73541489
C,-122.4069463,37.77603821
C,-122.406615,37.77577427
C,-122.4005316,37.77092641
C,-122.4002712,37.77071885
C,-122.396021,37.77439186
C,-122.3957927,37.77420945
C,-122.4237304,37.76049059
C,-122.4243916,37.76841699
C,-122.4208147,37.77214885
C,-122.4036874,37.77428977
C,-122.4031732,37.77387956
C,-122.399736,37.79811035
C,-122.3960734,37.78997592
C,-122.3974306,37.78495466
C,-122.4155511,37.76800009
C,-122.4104124,37.7564702
C,-122.3840221,37.73952763
C,-122.4035957,37.7697915
C,-122.4063399,37.70889049
C,-122.4021486,37.77632268
C,-122.4023303,37.7761791
C,-122.4100658,37.76133083
C,-122.409169,37.75332784
C,-122.4064638,37.77046147
C,-122.3957006,37.77896942
C,-122.3961095,37.77864623
C,-122.3940835,37.77519803
C,-122.394824,37.77461254
C,-122.3932284,37.7890961
C,-122.396306,37.77344074
C,-122.3970475,37.77285444
C,-122.4067459,37.76798681
C,-122.4067054,37.76756257
C,-122.4222264,37.76854546
C,-122.4222067,37.76834064
C,-122.4137252,37.76036973
C,-122.4137069,37.76017889
C,-122.4036741,37.78164101
C,-122.4040328,37.78135691
C,-122.4071433,37.70942399
C,-122.3971073,37.78115621
C,-122.4177378,37.76786807
C,-122.4013434,37.7809975
C,-122.4020859,37.78041112
C,-122.4166423,37.76793421
C,-122.4165894,37.76740091
C,-122.4255786,37.76850443
C,-122.4255513,37.76821963
C,-122.4091921,37.77959378
C,-122.4915577,37.74982806
C,-122.4919154,37.74981224
C,-122.4918209,37.75355949
C,-122.4921784,37.75354372
C,-122.4908793,37.7554733
C,-122.4912361,37.75545753
C,-122.3947366,37.76438805
C,-122.3968429,37.76599298
C,-122.3899335,37.75484282
C,-122.3898905,37.75441934
C,-122.4076654,37.78091322
C,-122.4063908,37.77474817
C,-122.4059649,37.77440713
C,-122.4018586,37.77028591
C,-122.3976509,37.71711791
C,-122.3975465,37.71714392
C,-122.4043601,37.78193947
C,-122.3989105,37.76845101
C,-122.3840653,37.73510915
C,-122.4088931,37.77344856
C,-122.409282,37.77314124
C,-122.4124379,37.75849139
C,-122.3999404,37.77398408
C,-122.4052764,37.78177939
C,-122.4050988,37.78163755
C,-122.4026302,37.77966646
C,-122.4025686,37.77961725
C,-122.4244845,37.7683727
C,-122.3848251,37.7525703
C,-122.3847825,37.75214209
C,-122.4073462,37.8054408
C,-122.407748,37.80539085
C,-122.3941228,37.78756785
C,-122.3942959,37.78743115
C,-122.4141232,37.7530331
C,-122.4333222,37.78639336
C,-122.4290588,37.78199364
C,-122.4290892,37.78214366
C,-122.3985626,37.79828093
C,-122.4059108,37.77744061
C,-122.4021574,37.77961905
C,-122.4022614,37.77953698
C,-122.4172331,37.72361541
C,-122.4170692,37.72321822
C,-122.3976431,37.77988321
C,-122.409704,37.75894348
C,-122.4087736,37.74918081
C,-122.4087339,37.74876488
C,-122.402199,37.773833
C,-122.3984271,37.77176357
C,-122.419948,37.7564304
C,-122.419897,37.75589611
C,-122.3686243,37.72795845
C,-122.3688308,37.72807575
C,-122.3692494,37.72737491
C,-122.3695217,37.72752961
C,-122.4021921,37.77874311
C,-122.4025648,37.77844871
C,-122.4027569,37.77829694
C,-122.4031385,37.77799545
C,-122.403328,37.77784574
C,-122.4036977,37.77755365
C,-122.404238,37.77712674
C,-122.4044179,37.77698458
C,-122.4050773,37.77646363
C,-122.4052706,37.7763109
C,-122.4075387,37.75557075
C,-122.4074876,37.7550366
C,-122.4070758,37.7507694
C,-122.4070246,37.75023247
C,-122.404381,37.77666467
C,-122.4041641,37.77648692
C,-122.402537,37.77520047
C,-122.3914585,37.78722153
C,-122.3917496,37.78699163
C,-122.3936995,37.78545162
C,-122.3947946,37.78458668
C,-122.396999,37.78284554
C,-122.4003464,37.78020125
C,-122.4010888,37.77961479
C,-122.3966753,37.7819924
C,-122.3965213,37.78186945
C,-122.4856811,37.74260623
C,-122.4860386,37.74259051
C,-122.3900308,37.776449
C,-122.3973823,37.78961553
C,-122.3972025,37.78947221
C,-122.3974607,37.78967794
C,-122.3973591,37.78959705
C,-122.3971793,37.78945373
C,-122.3971009,37.78939131
C,-122.3963799,37.78881686
C,-122.3962012,37.78867452
C,-122.3948201,37.78757405
C,-122.3946446,37.78743425
C,-122.39375,37.78672153
C,-122.3935912,37.78659505
C,-122.392693,37.78587982
C,-122.3924615,37.78569587
C,-122.3875302,37.74983998
C,-122.3874872,37.74942044
C,-122.3956385,37.78469785
C,-122.3953934,37.78450255
C,-122.3948117,37.78403807
C,-122.394475,37.78376891
C,-122.3893381,37.7796686
C,-122.402865,37.78690524
C,-122.402714,37.78678984
C,-122.398589,37.78351881
C,-122.3982599,37.78325646
C,-122.3977449,37.78284602
C,-122.3975591,37.78269792
C,-122.3899101,37.77517324
C,-122.3898073,37.77405012
C,-122.3899595,37.77571336
C,-122.3899062,37.77513037
C,-122.4867522,37.74255911
C,-122.4871084,37.74254344
C,-122.3899838,37.77597928
C,-122.3899548,37.7756622
C,-122.3899015,37.77507914
C,-122.3898771,37.77481316
C,-122.4878215,37.74251206
C,-122.4881785,37.74249635
C,-122.4064609,37.7791869
C,-122.4063058,37.77906293
C,-122.4059682,37.77879307
C,-122.4057856,37.77864719
C,-122.404902,37.77794207
C,-122.4047477,37.77781896
C,-122.4044149,37.77755353
C,-122.4042365,37.77741121
C,-122.4009653,37.78187495
C,-122.4007831,37.78172941
C,-122.3999596,37.78107172
C,-122.3997818,37.78092971
C,-122.3968725,37.77860585
C,-122.3966955,37.77846445
C,-122.3954776,37.7774916
C,-122.3952235,37.77728857
C,-122.3884489,37.77192594
C,-122.3917896,37.77456785
C,-122.3916967,37.77444971
C,-122.3909083,37.76808774
C,-122.392295,37.77379222
C,-122.3952818,37.73309561
C,-122.3952633,37.73303724
C,-122.3691431,37.72823287
C,-122.3687086,37.72799286
C,-122.402063,37.77756321
C,-122.394365,37.78369537
C,-122.4063903,37.77483009
C,-122.369301,37.72739551
C,-122.3697145,37.72762899
C,-122.4056289,37.77418939
C,-122.4056361,37.7741523
C,-122.3933559,37.77567975
C,-122.4910388,37.74237043
C,-122.4913974,37.74235464
C,-122.3961991,37.73304989
C,-122.3957385,37.73285593
C,-122.3965407,37.73437228
C,-122.3946493,37.73414732
C,-122.3952327,37.73421161
C,-122.3954073,37.73319253
C,-122.3955106,37.73323907
C,-122.4921124,37.74232316
C,-122.4924688,37.74230746
C,-122.387781,37.77210364
C,-122.3886902,37.77204889
C,-122.4082795,37.75391549
C,-122.4082282,37.753382
C,-122.4080755,37.75178477
C,-122.4079232,37.75018651
C,-122.407832,37.74923023
C,-122.4077917,37.74880714
C,-122.3961371,37.77996738
C,-122.3959801,37.7798421
C,-122.3983674,37.72847474
C,-122.3981179,37.72840688
C,-122.3966598,37.72848271
C,-122.3966908,37.72822346
C,-122.3967458,37.72775659
C,-122.39677,37.72754896
C,-122.3969396,37.72719035
C,-122.3970706,37.72703759
C,-122.3973031,37.72676837
C,-122.3974048,37.72665192
C,-122.3983159,37.72751657
C,-122.3977587,37.7272007
C,-122.3971222,37.72818639
C,-122.3975226,37.72840857
C,-122.3978095,37.72791086
C,-122.3973091,37.72762699
C,-122.4161051,37.72358272
C,-122.4160082,37.72333183
C,-122.4091034,37.76138869
C,-122.4090621,37.76096393
C,-122.408435,37.75551688
C,-122.3966531,37.72983339
C,-122.3858188,37.73594855
C,-122.3858367,37.73612535
C,-122.385638,37.73559551
C,-122.3849466,37.73508671
C,-122.3851018,37.73519601
C,-122.420574,37.76607987
C,-122.4205222,37.7655391
C,-122.3967049,37.77977125
C,-122.3971158,37.77944984
C,-122.4324314,37.79033233
C,-122.4282261,37.76952372
C,-122.4927202,37.78165626
C,-122.4930773,37.78163979
C,-122.4211756,37.7818873
C,-122.421725,37.78181764
C,-122.4023849,37.77122855
C,-122.4031252,37.7706438
C,-122.3951294,37.75824655
C,-122.3951198,37.75814475
C,-122.4738983,37.74312393
C,-122.4742551,37.74310827
C,-122.4173717,37.76410491
C,-122.4161654,37.76309755
C,-122.4161157,37.76256384
C,-122.3790016,37.72628121
C,-122.3796232,37.72663404
C,-122.4221059,37.78654295
C,-122.4226538,37.78647074
C,-122.4872689,37.75001761
C,-122.4876266,37.75000181
C,-122.4906167,37.75173834
C,-122.4909748,37.75172224
C,-122.4884814,37.75183425
C,-122.4888316,37.75181852
C,-122.4249589,37.76095471
C,-122.424905,37.76042216
C,-122.4875315,37.75374861
C,-122.4878918,37.75373273
C,-122.4159679,37.80627232
C,-122.4165164,37.80620492
C,-122.3780125,37.73938639
C,-122.3783147,37.73955608
C,-122.4057146,37.78171483
C,-122.4059751,37.78150844
C,-122.4940954,37.75533032
C,-122.4944519,37.75531378
C,-122.4030006,37.7772861
C,-122.4024838,37.77687618
C,-122.4188378,37.75649868
C,-122.4194035,37.76241665
C,-122.4193754,37.76212431
C,-122.3794046,37.73498577
C,-122.3794067,37.73473068
C,-122.3984198,37.78822686
C,-122.3856211,37.75080526
C,-122.4001819,37.78249702
C,-122.4000016,37.78235331
C,-122.3937411,37.7862246
C,-122.3940497,37.78598063
C,-122.3990237,37.78234434
C,-122.3991804,37.78246824
C,-122.3911694,37.778779
C,-122.3992451,37.78936012
C,-122.3995895,37.78908873
C,-122.3868843,37.75373814
C,-122.3868419,37.75331233
C,-122.3903296,37.7492257
C,-122.40009,37.78531617
C,-122.3847272,37.73571767
C,-122.397283,37.7842542
C,-122.3967666,37.78384559
C,-122.4038249,37.77708289
C,-122.4035917,37.77689689
C,-122.401654,37.77888707
C,-122.401477,37.7787458
C,-122.4242427,37.76585957
C,-122.4241905,37.76531533
C,-122.4236338,37.76049662
C,-122.3965429,37.79035005
C,-122.3964083,37.79024279
C,-122.4052084,37.77881305
C,-122.4105668,37.75807504
C,-122.3921342,37.78913798
C,-122.3924224,37.78891044
C,-122.4325668,37.78266013
C,-122.4326304,37.78297445
C,-122.3821632,37.73847052
C,-122.4089317,37.78534935
C,-122.4092085,37.78531424
C,-122.4031485,37.76981764
C,-122.4032715,37.76981046
C,-122.4020342,37.76959602
C,-122.4020074,37.76931083
C,-122.3965246,37.78076761
C,-122.4059885,37.77328738
C,-122.3892646,37.78405402
C,-122.3994526,37.77477334
C,-122.4215153,37.76116381
C,-122.4070221,37.70897239
C,-122.40719,37.70860194
C,-122.4046613,37.77837719
C,-122.4162686,37.76416938
C,-122.489152,37.74619248
C,-122.4026323,37.76563957
C,-122.4025918,37.76520838
C,-122.4903546,37.74801074
C,-122.4907124,37.74799493
C,-122.407484,37.76534762
C,-122.4865559,37.7500491
C,-122.4874046,37.7518828
C,-122.4877679,37.75186639
C,-122.4939642,37.75346493
C,-122.4943217,37.75344915
C,-122.493022,37.75537857
C,-122.4933804,37.75536272
C,-122.3988168,37.78876841
C,-122.3990815,37.78855941
C,-122.4096439,37.77936315
C,-122.4100166,37.77907236
C,-122.3794025,37.73592605
C,-122.3794025,37.73558346
C,-122.385791,37.7525144
C,-122.3857485,37.75208627
C,-122.3920038,37.76412311
C,-122.3922386,37.76410864
C,-122.38546,37.73520386
C,-122.3853535,37.73524648
C,-122.3985083,37.78193681
C,-122.3986876,37.78207863
C,-122.3834804,37.73908372
C,-122.3835624,37.73899409
C,-122.5099776,37.77263436
C,-122.5099302,37.77201322
C,-122.4171261,37.80644795
C,-122.4168858,37.80807652
C,-122.3981552,37.76784665
C,-122.401978,37.77964087
C,-122.3972665,37.76732805
C,-122.3978918,37.76683477
C,-122.4121356,37.75529456
C,-122.4120854,37.75476049
C,-122.4241461,37.76586537
C,-122.4240939,37.76532112
C,-122.4237012,37.77774029
C,-122.3925555,37.787172
C,-122.3963426,37.79019044
C,-122.403723,37.7799863
C,-122.4040711,37.77971142
C,-122.410907,37.75998351
C,-122.4108641,37.75954343
C,-122.4097113,37.7491371
C,-122.3912545,37.78983254
C,-122.3915503,37.78959903
C,-122.4279323,37.78198328
C,-122.4284804,37.78191345
C,-122.4246613,37.7622956
C,-122.402603,37.76984953
C,-122.4028143,37.76983718
C,-122.3715273,37.72923319
C,-122.3709338,37.7288988
C,-122.4018703,37.76785209
C,-122.4090165,37.75172849
C,-122.3963509,37.75069716
C,-122.4054034,37.77952439
C,-122.4009221,37.7680903
C,-122.4008936,37.76778742
C,-122.4181571,37.76083067
C,-122.4049154,37.77413564
C,-122.4050946,37.77399406
C,-122.420145,37.77267852
C,-122.4199024,37.77248894
C,-122.3964736,37.7771089
C,-122.3972155,37.77652316
C,-122.3850294,37.73404991
C,-122.3849074,37.73405778
C,-122.4161522,37.80720437
C,-122.4167003,37.80713658
C,-122.4145044,37.76922087
C,-122.4145266,37.76890982
C,-122.4098915,37.70940579
C,-122.3888238,37.75362409
C,-122.3887825,37.75319902
C,-122.484609,37.74265338
C,-122.4849663,37.74263767
C,-122.4404153,37.78517316
C,-122.4063342,37.71041092
C,-122.4065764,37.70986871
C,-122.403176,37.77955023
C,-122.4035236,37.77927573
C,-122.3813061,37.72664413
C,-122.3818072,37.72692854
C,-122.489282,37.74805815
C,-122.4896395,37.74804235
C,-122.3937571,37.76444597
C,-122.4866862,37.75191505
C,-122.4932498,37.75349645
C,-122.4919498,37.75542598
C,-122.4923067,37.7554102
C,-122.4514655,37.70920684
C,-122.408897,37.77994649
C,-122.3898042,37.75356953
C,-122.3793994,37.73659342
C,-122.3794009,37.73643103
C,-122.385876,37.75336872
C,-122.3889922,37.74886441
C,-122.3896381,37.74882286
C,-122.4027393,37.77444298
C,-122.3857873,37.73515649
C,-122.4191396,37.80810973
C,-122.4192054,37.80842006
C,-122.3964646,37.71680329
C,-122.4276584,37.76527972
C,-122.5101129,37.77450089
C,-122.5100689,37.7738782
C,-122.3890061,37.78043529
C,-122.4044712,37.79294371
C,-122.4045362,37.79325252
C,-122.4008711,37.74530227
C,-122.405183,37.78128867
C,-122.4054448,37.78108162
C,-122.4042219,37.77386725
C,-122.4047446,37.78135474
C,-122.4045681,37.78121377
C,-122.4024598,37.77953034
C,-122.4024125,37.77949263
C,-122.3940692,37.78837856
C,-122.3938271,37.78818556
C,-122.4082696,37.80532602
C,-122.4083893,37.80531114
C,-122.3947307,37.78708783
C,-122.3949924,37.78688121
C,-122.40189,37.78143405
C,-122.4110354,37.76127253
C,-122.4098006,37.75007398
C,-122.4323263,37.7823679
C,-122.4321494,37.78239
C,-122.4021712,37.76987477
C,-122.4022815,37.76986833
C,-122.4099485,37.76004511
C,-122.4099118,37.75960883
C,-122.4001113,37.78198044
C,-122.3999663,37.78209502
C,-122.3978093,37.76593313
C,-122.403108,37.77886857
C,-122.4038507,37.77828221
C,-122.4173952,37.75283409
C,-122.4183106,37.76243432
C,-122.3987937,37.77897382
C,-122.3995397,37.77838452
C,-122.4096089,37.75815857
C,-122.4095745,37.75787465
C,-122.3972601,37.77773689
C,-122.4023885,37.77368317
C,-122.4006562,37.77000198
C,-122.4016626,37.80168719
C,-122.401722,37.80199702
C,-122.4160822,37.7243575
C,-122.3987318,37.76544179
C,-122.3909657,37.72552434
C,-122.3970314,37.72896868
C,-122.397434,37.72919541
C,-122.3868952,37.75030063
C,-122.3872342,37.75028007
C,-122.4022717,37.76868302
C,-122.4025932,37.76866366
C,-122.423213,37.76592042
C,-122.4227374,37.76376984
C,-122.422712,37.76350464
C,-122.4113112,37.75641612
C,-122.4111589,37.75481648
C,-122.4107478,37.75055402
C,-122.4106969,37.75002025
C,-122.4106087,37.74909527
C,-122.4105714,37.74870404
C,-122.5031279,37.73597096
C,-122.5031104,37.73571673
C,-122.5042018,37.73597006
C,-122.5041876,37.73576198
C,-122.4938233,37.75658712
C,-122.4937811,37.75596699
C,-122.4936948,37.75472481
C,-122.4936507,37.75410276
C,-122.4935632,37.75285708
C,-122.4935197,37.75223345
C,-122.4934329,37.75098954
C,-122.4933897,37.75036925
C,-122.4906955,37.75797055
C,-122.4904779,37.75486694
C,-122.4904333,37.75424479
C,-122.4903453,37.75299991
C,-122.4903019,37.75237717
C,-122.4902146,37.75113339
C,-122.4901708,37.75051235
C,-122.4900836,37.74926972
C,-122.4900403,37.74864814
C,-122.4899536,37.74740466
C,-122.4899102,37.74678278
C,-122.4898241,37.74554068
C,-122.4897813,37.74492046
C,-122.4916809,37.75668174
C,-122.4916369,37.75606175
C,-122.4915497,37.75481959
C,-122.4915065,37.75419743
C,-122.4914199,37.75295222
C,-122.4913764,37.75232919
C,-122.4912887,37.75108539
C,-122.4912444,37.75046463
C,-122.4911567,37.74922228
C,-122.4910267,37.74735723
C,-122.4909834,37.74673535
C,-122.4908536,37.74487319
C,-122.4927506,37.7566345
C,-122.492707,37.75601446
C,-122.492621,37.75477226
C,-122.4925785,37.7541501
C,-122.4924925,37.75290461
C,-122.4924491,37.75228128
C,-122.4923614,37.75103744
C,-122.4923173,37.75041693
C,-122.492101,37.74730973
C,-122.492058,37.74668784
C,-122.4919309,37.74482569
C,-122.4894018,37.75491446
C,-122.4893568,37.75429229
C,-122.4892685,37.75304769
C,-122.4892251,37.75242524
C,-122.4891393,37.75118143
C,-122.4890969,37.75056007
C,-122.4890112,37.74931712
C,-122.4889679,37.74869553
C,-122.4888813,37.74745205
C,-122.4888379,37.74683017
C,-122.4887517,37.74558801
C,-122.4887087,37.74496773
C,-122.492393,37.78208419
C,-122.4908682,37.76045974
C,-122.4872597,37.75500903
C,-122.4871278,37.75314273
C,-122.4870845,37.75252097
C,-122.4869979,37.75127727
C,-122.4869545,37.75065534
C,-122.4868679,37.74941182
C,-122.4868246,37.74879023
C,-122.4883333,37.75496163
C,-122.4882928,37.75433924
C,-122.4882119,37.75309455
C,-122.4881716,37.75247226
C,-122.4880823,37.75122865
C,-122.4880333,37.75060733
C,-122.4879409,37.74936441
C,-122.4878976,37.74874283
C,-122.4876811,37.74563524
C,-122.4876379,37.74501492
C,-122.4861926,37.75505613
C,-122.4861494,37.75443377
C,-122.4851205,37.75510343
C,-122.4850767,37.75448107
C,-122.3860279,37.75163957
C,-122.3863499,37.75162099
C,-122.3999568,37.75083562
C,-122.4000811,37.75079239
C,-122.4072137,37.74969293
C,-122.407543,37.74967312
C,-122.408186,37.74963446
C,-122.4084996,37.7496156
C,-122.4091254,37.74957796
C,-122.4094376,37.74955918
C,-122.4100485,37.74952244
C,-122.4103472,37.74950447
C,-122.4109576,37.74946844
C,-122.4112692,37.74945038
C,-122.3832601,37.75309167
C,-122.3835809,37.75307308
C,-122.383904,37.75305436
C,-122.3848688,37.75299844
C,-122.3842237,37.75303583
C,-122.3845457,37.75301717
C,-122.3851897,37.75297985
C,-122.3855116,37.75296119
C,-122.3861556,37.75292386
C,-122.3864776,37.75290519
C,-122.3871144,37.75286827
C,-122.3874293,37.75285002
C,-122.3919714,37.75258051
C,-122.3922994,37.75256067
C,-122.4074263,37.75128852
C,-122.4077255,37.75127071
C,-122.4169913,37.75232263
C,-122.4171686,37.75231235
C,-122.4348139,37.75124961
C,-122.4355503,37.75119944
C,-122.3891926,37.7540314
C,-122.38952,37.75401363
C,-122.4077346,37.75448463
C,-122.410508,37.75431877
C,-122.410808,37.75430082
C,-122.3948389,37.75777029
C,-122.4147375,37.75567378
C,-122.4150993,37.75565199
C,-122.409889,37.75757233
C,-122.4102018,37.75755358
C,-122.4091805,37.75922522
C,-122.4094693,37.75920768
C,-122.4093422,37.76051991
C,-122.4096636,37.76050065
C,-122.4130274,37.76060378
C,-122.4133854,37.76058218
C,-122.4141056,37.76053871
C,-122.4144677,37.76051685
C,-122.4132277,37.76220144
C,-122.4136237,37.76217754
C,-122.4164329,37.76200797
C,-122.4196035,37.7618164
C,-122.4198598,37.76180082
C,-122.4210559,37.76172808
C,-122.421844,37.76168012
C,-122.4221217,37.76166322
C,-122.4241967,37.76153694
C,-122.4246047,37.7615121
C,-122.4772726,37.78107605
C,-122.3890575,37.76302373
C,-122.3893891,37.763003
C,-122.3917871,37.76285763
C,-122.3990918,37.76242022
C,-122.4028725,37.7647578
C,-122.4031937,37.76473841
C,-122.4177042,37.76354267
C,-122.418088,37.76351761
C,-122.4205031,37.76499634
C,-122.4205358,37.76499437
C,-122.4212748,37.76494972
C,-122.4213221,37.76494687
C,-122.3933112,37.76664826
C,-122.3936336,37.76662907
C,-122.3934493,37.76663868
C,-122.3942489,37.76658972
C,-122.3943202,37.76658683
C,-122.3972071,37.76640593
C,-122.3975292,37.76638572
C,-122.3980648,37.76635211
C,-122.3982784,37.7663387
C,-122.4020299,37.76610938
C,-122.4023514,37.76609007
C,-122.4039577,37.7659936
C,-122.4021519,37.76740776
C,-122.4024734,37.76738857
C,-122.4040776,37.76729281
C,-122.4044079,37.7672731
C,-122.4185012,37.76674897
C,-122.4186118,37.76674229
C,-122.4203549,37.76663701
C,-122.4254632,37.7679385
C,-122.4259097,37.76791161
C,-122.4262954,37.76788837
C,-122.4148859,37.76857674
C,-122.4152438,37.76855514
C,-122.4163307,37.76848952
C,-122.4170602,37.76844548
C,-122.4173602,37.77192562
C,-122.4157761,37.77123656
C,-122.4153803,37.77106441
C,-122.4663865,37.76529148
C,-122.4663426,37.76466225
C,-122.4662119,37.76279172
C,-122.4080091,37.77087329
C,-122.4074992,37.77045961
C,-122.3988908,37.76961469
C,-122.3987481,37.76950086
C,-122.3984593,37.76927055
C,-122.3946536,37.76622961
C,-122.3942587,37.76591847
C,-122.4043812,37.7704702
C,-122.4006802,37.76749869
C,-122.4005466,37.76740132
C,-122.3952351,37.71311436
C,-122.395232,37.71315487
C,-122.3947284,37.71304823
C,-122.3942338,37.71298052
C,-122.4540609,37.72363806
C,-122.4540628,37.72382858
C,-122.390831,37.76447308
C,-122.4130803,37.75363007
C,-122.4130317,37.75309946
C,-122.38843,37.74977252
C,-122.3883882,37.74933924
C,-122.476006,37.74303142
C,-122.4763793,37.74301502
C,-122.4001009,37.78174198
C,-122.3999454,37.7816181
C,-122.4060511,37.70911748
C,-122.4061336,37.70914063
C,-122.4171158,37.76143014
C,-122.3919945,37.7908935
C,-122.3914766,37.79047978
C,-122.4148148,37.74887513
C,-122.4149437,37.7485855
C,-122.4529278,37.77465684
C,-122.4528643,37.77434682
C,-122.4337267,37.78986954
C,-122.3958663,37.78286969
C,-122.3963478,37.78249252
C,-122.489412,37.74992291
C,-122.4897695,37.74990711
C,-122.4927625,37.75164191
C,-122.4931193,37.75162587
C,-122.4896708,37.75365431
C,-122.4900298,37.75363848
C,-122.4084243,37.77957934
C,-122.4890892,37.75555242
C,-122.38552,37.74953807
C,-122.4136527,37.80592681
C,-122.4137135,37.80623886
C,-122.394044,37.7639984
C,-122.3943702,37.76397929
C,-122.3913331,37.78895393
C,-122.4920813,37.757286
C,-122.4924377,37.75727027
C,-122.3816485,37.73801045
C,-122.3817396,37.73789729
C,-122.3866333,37.75117533
C,-122.3865948,37.75074826
C,-122.4019978,37.77562533
C,-122.3957705,37.7706553
C,-122.4059998,37.77528399
C,-122.4057157,37.77505764
C,-122.4026741,37.77970146
C,-122.4025197,37.77957819
C,-122.3952525,37.77377836
C,-122.3949405,37.77352967
C,-122.3943468,37.78650169
C,-122.3947082,37.78612125
C,-122.3962319,37.77939363
C,-122.3966407,37.77907045
C,-122.4232332,37.78655387
C,-122.4232646,37.78670922
C,-122.4144268,37.75622829
C,-122.4031359,37.77464817
C,-122.4261147,37.78698945
C,-122.4064287,37.70922347
C,-122.4066414,37.70928316
C,-122.4169626,37.75982887
C,-122.4169115,37.7592946
C,-122.415912,37.74884825
C,-122.4158814,37.74852824
C,-122.4061274,37.77669291
C,-122.4057957,37.77642554
C,-122.3994823,37.78173629
C,-122.3991747,37.78197837
C,-122.4029886,37.76943132
C,-122.4029517,37.76903781
C,-122.4904846,37.7498755
C,-122.4908424,37.74985969
C,-122.4938338,37.75159461
C,-122.4941914,37.75157939
C,-122.4907469,37.75360685
C,-122.4911051,37.75359106
C,-122.419709,37.76558822
C,-122.4076284,37.77572731
C,-122.4210956,37.76712876
C,-122.4020626,37.78707024
C,-122.4023128,37.78687234
C,-122.4785374,37.76349499
C,-122.478896,37.76347921
C,-122.386497,37.74990296
C,-122.3864564,37.74948246
C,-122.3966551,37.78803206
C,-122.4041794,37.7820823
C,-122.4128375,37.77027253
C,-122.4129357,37.7701602
C,-122.400713,37.77460041
C,-122.4004566,37.77439585
C,-122.3987447,37.76949819
C,-122.3984559,37.76926787
C,-122.4027829,37.77978837
C,-122.4027374,37.77975202
C,-122.3975286,37.77836849
C,-122.3980077,37.77798972
C,-122.4142728,37.75462851
C,-122.4101567,37.75380285
C,-122.4610573,37.72531788
C,-122.460916,37.72568992
C,-122.4013948,37.76313722
C,-122.4007761,37.78070953
C,-122.4014148,37.78020532
C,-122.4177489,37.75656422
C,-122.4004604,37.76319107
C,-122.4096049,37.75812514
C,-122.4020527,37.77394863
C,-122.4020716,37.77393373
C,-122.3996599,37.78233711
C,-122.3994985,37.78246462
C,-122.3988186,37.77145393
C,-122.3985296,37.77168251
C,-122.3906531,37.78704096
C,-122.4009763,37.79826768
B,-122.4986048,37.77881001
B,-122.4504647,37.75371884
B,-122.4380304,37.70949909
B,-122.3801864,37.73201626
B,-122.4051292,37.76462157
B,-122.4176377,37.79650814
B,-122.4338888,37.71159147
B,-122.4883956,37.73334712
B,-122.4188295,37.79539082
B,-122.4395071,37.72061993
B,-122.4499011,37.71042553
B,-122.4129382,37.79402077
B,-122.4170018,37.80582773
B,-122.4823961,37.77763796
B,-122.4301277,37.72657976
B,-122.4870815,37.75750655
B,-122.4382083,37.71785187
B,-122.4856532,37.75756951
B,-122.4736288,37.74438489
B,-122.4030751,37.74986853
B,-122.4372619,37.71007076
B,-122.4500978,37.71648047
B,-122.4359001,37.71558467
B,-122.4021984,37.73147706
B,-122.4871839,37.78440267
B,-122.4461985,37.76402084
B,-122.4456984,37.71299896
B,-122.4075766,37.71220719
B,-122.4699411,37.78519037
B,-122.4590307,37.7146202
B,-122.4351801,37.7213415
B,-122.4396006,37.70877912
B,-122.4058984,37.76074059
B,-122.3945022,37.7618393
B,-122.4703024,37.7598293
B,-122.4264277,37.80237685
B,-122.419379,37.79532168
B,-122.4243722,37.73985928
B,-122.4287447,37.73525148
B,-122.4391468,37.72358662
B,-122.4188407,37.74321338
B,-122.4456085,37.71722343
B,-122.4492686,37.73929366
B,-122.3872667,37.71774745
B,-122.4013429,37.73500628
B,-122.4100205,37.71203318
B,-122.4499647,37.74635478
B,-122.4561694,37.74362333
B,-122.4205367,37.70997232
B,-122.4300126,37.72099005
B,-122.4135707,37.73083596
B,-122.4098644,37.80386795
B,-122.4671625,37.72099464
B,-122.4741885,37.78374611
B,-122.4433379,37.80245846
B,-122.4816916,37.78277913
B,-122.4097316,37.70975562
B,-122.4612426,37.7245137
B,-122.4109391,37.71228881
B,-122.429388,37.73610797
B,-122.4376651,37.78841423
B,-122.478386,37.7510337
B,-122.405973,37.73634722
B,-122.4444919,37.74969383
B,-122.401712,37.73477587
B,-122.4641494,37.74185091
B,-122.4267518,37.79563116
B,-122.4335229,37.72634972
B,-122.4437676,37.80176382
B,-122.4288385,37.74195269
B,-122.3942705,37.73651744
B,-122.4238107,37.80333986
B,-122.4029281,37.72772099
B,-122.4204276,37.79772151
B,-122.4696357,37.70866254
B,-122.4375537,37.79899353
B,-122.424721,37.73928497
B,-122.4858772,37.77623229
B,-122.4770985,37.74797221
B,-122.450144,37.75024524
B,-122.4448821,37.78492373
B,-122.3936717,37.75314347
B,-122.4970209,37.73202503
B,-122.4518641,37.75839829
B,-122.4953612,37.76317524
B,-122.4733308,37.72147338
B,-122.4371467,37.77889878
B,-122.4089865,37.73838505
B,-122.4938703,37.77773763
B,-122.4697376,37.76204743
B,-122.4408883,37.73439398
B,-122.4623731,37.74152009
B,-122.4218591,37.74014079
B,-122.4229852,37.73568311
B,-122.3990077,37.75814695
B,-122.4048737,37.75180238
B,-122.4365276,37.71350009
B,-122.4309843,37.78063864
B,-122.5077055,37.75535308
B,-122.4452572,37.71334065
B,-122.4310124,37.73055009
B,-122.4560775,37.71690894
B,-122.439739,37.73285964
B,-122.500249,37.75629936
B,-122.3831961,37.71638073
B,-122.4143244,37.72949033
B,-122.5017669,37.77802174
B,-122.4233264,37.803723
B,-122.4932922,37.73853135
B,-122.3917882,37.7193854
B,-122.4435283,37.78382323
B,-122.4773592,37.75170299
B,-122.4459868,37.76043012
B,-122.4052837,37.80538132
B,-122.4593029,37.72758121
B,-122.4038837,37.71957423
B,-122.4913996,37.76292817
B,-122.4380207,37.78739029
B,-122.4478088,37.73232717
B,-122.4158849,37.74161449
B,-122.4522767,37.76311426
B,-122.4761151,37.73928939
B,-122.4665221,37.70938792
B,-122.3847318,37.72827344
B,-122.402879,37.71322497
B,-122.4514192,37.73439692
B,-122.3829951,37.73333185
B,-122.4323523,37.71787497
B,-122.4960111,37.77764047
B,-122.4458795,37.74786719
B,-122.4853383,37.75820684
B,-122.3698663,37.73432601
B,-122.424994,37.73874011
B,-122.4120153,37.76851529
B,-122.4449262,37.76189862
B,-122.4353543,37.7797787
B,-122.4132839,37.73220454
B,-122.5038233,37.77666141
B,-122.3962715,37.74680703
B,-122.4566695,37.73160214
B,-122.4471463,37.75902845
B,-122.4360071,37.72306914
B,-122.4951141,37.75964727
B,-122.4133967,37.71049071
B,-122.4420172,37.73260129
B,-122.4581435,37.7288264
B,-122.4236897,37.73086373
B,-122.454491,37.74104163
B,-122.4291697,37.7322468
B,-122.4076997,37.74806637
B,-122.4035934,37.75187923
B,-122.4821528,37.74338556
B,-122.4933031,37.74912737
B,-122.3810926,37.72557782
B,-122.4207129,37.70899943
B,-122.4849895,37.75323718
B,-122.4376622,37.71759096
B,-122.4717087,37.74509479
B,-122.395871,37.76261466
B,-122.4083632,37.72593785
B,-122.4755607,37.76171735
B,-122.4320284,37.74256568
B,-122.3911947,37.7388702
B,-122.4369975,37.77955457
B,-122.4646005,37.78554893
B,-122.3917903,37.73240656
B,-122.4406375,37.7233581
B,-122.403229,37.71974638
B,-122.4845497,37.73294993
B,-122.4045517,37.75182171
B,-122.43034,37.79390342
B,-122.3718187,37.73321409
B,-122.4858415,37.78067959
B,-122.4110882,37.73071549
B,-122.4043086,37.71830194
B,-122.404393,37.73941619
B,-122.50569,37.76229678
B,-122.4459692,37.71601332
B,-122.4157482,37.73483128
B,-122.430884,37.71033532
B,-122.442622,37.78489259
B,-122.4450027,37.73454778
B,-122.4082996,37.73392421
B,-122.4547082,37.77526633
B,-122.4227375,37.73076086
B,-122.4106457,37.73978405
B,-122.4854303,37.77500536
B,-122.4497468,37.71808882
B,-122.4730882,37.74690164
B,-122.4520248,37.73704239
B,-122.4501679,37.78714336
B,-122.4330597,37.70938612
B,-122.4022272,37.72170587
B,-122.4691864,37.714249
B,-122.4293262,37.73281608
B,-122.4693057,37.71328595
B,-122.4765797,37.78634707
B,-122.4273503,37.73269354
B,-122.4167335,37.73575736
B,-122.4220046,37.72724853
B,-122.4282519,37.71945002
B,-122.4618112,37.77670643
B,-122.4307646,37.7555077
B,-122.4146741,37.7375511
B,-122.4669866,37.77895795
B,-122.4403482,37.72904452
B,-122.435727,37.77047581
B,-122.439645,37.72934185
B,-122.4360552,37.73966184
B,-122.4686455,37.78210407
B,-122.3993681,37.7547
B,-122.4731523,37.71913232
B,-122.4579314,37.72941468
B,-122.491857,37.77471204
B,-122.3899832,37.72242999
B,-122.4490424,37.74063341
B,-122.4320835,37.70901248
B,-122.4800731,37.77525017
B,-122.3955069,37.78647498
B,-122.4449449,37.7640718
B,-122.4815998,37.78151165
B,-122.5033485,37.74930994
B,-122.4231878,37.78354221
B,-122.4579352,37.73590263
B,-122.5026137,37.77484426
B,-122.4642248,37.73210145
B,-122.4715541,37.75135351
B,-122.453551,37.77489511
B,-122.5045831,37.77725087
B,-122.4690425,37.74718009
B,-122.4483589,37.77961297
B,-122.4037089,37.71991226
B,-122.4720816,37.78258644
B,-122.4464258,37.75936711
B,-122.4645357,37.75412959
B,-122.4349866,37.71631266
B,-122.4598664,37.72001825
B,-122.4115292,37.73779065
B,-122.4631866,37.76043264
B,-122.4521084,37.7516187
B,-122.4073716,37.73146656
B,-122.3990481,37.73954635
B,-122.5014799,37.74315598
B,-122.496199,37.77513777
B,-122.4072999,37.71631194
B,-122.4215096,37.72604984
B,-122.5004968,37.74444805
B,-122.431751,37.71113272
B,-122.456511,37.75479284
B,-122.473926,37.72687312
B,-122.4974623,37.74208399
B,-122.4051018,37.80030806
B,-122.4294603,37.74053867
B,-122.4749561,37.75056091
B,-122.4709413,37.75079893
B,-122.4195397,37.72656506
B,-122.4036239,37.73500358
B,-122.4523132,37.7440781
B,-122.4147493,37.70932338
B,-122.4079925,37.80273975
B,-122.4442114,37.73805146
B,-122.476206,37.78614214
B,-122.4116596,37.72951219
B,-122.3845187,37.72537153
B,-122.4074698,37.74618256
B,-122.4438436,37.80494854
B,-122.4979242,37.75889916
B,-122.4295893,37.80132499
B,-122.4425418,37.71795371
B,-122.4303491,37.74347169
B,-122.4420906,37.78241209
B,-122.4289219,37.74409335
B,-122.4505646,37.73739747
B,-122.4757562,37.73930543
B,-122.4471343,37.71544622
B,-122.4394311,37.73307896
B,-122.4529826,37.71694959
B,-122.4156522,37.7103445
B,-122.4843969,37.76012013
B,-122.4360242,37.72513941
B,-122.5042515,37.74177682
B,-122.4740095,37.73313437
B,-122.4690335,37.75705621
B,-122.4734,37.7618123
B,-122.433587,37.72750495
B,-122.473953,37.72135497
B,-122.4049614,37.71299934
B,-122.3864079,37.73235007
B,-122.4496535,37.7540908
B,-122.4667839,37.71427168
B,-122.5060035,37.76166078
B,-122.3953862,37.74153917
B,-122.4845712,37.76260691
B,-122.4165944,37.73487357
B,-122.4677247,37.71789835
B,-122.4553752,37.70954111
B,-122.5025528,37.74310824
B,-122.4267241,37.75602391
B,-122.4735988,37.75643733
B,-122.3968291,37.72205689
B,-122.4765096,37.74488185
B,-122.3933926,37.73539041
B,-122.4733675,37.74065757
B,-122.3961929,37.76259523
B,-122.4212759,37.79354947
B,-122.4596901,37.724661
B,-122.4409473,37.71125192
B,-122.4664972,37.77711635
B,-122.4877026,37.776773
B,-122.416982,37.74086263
B,-122.4082071,37.72908519
B,-122.4477323,37.75818561
B,-122.4987477,37.78080095
B,-122.4733046,37.75515542
B,-122.4148787,37.74793169
B,-122.436106,37.72107816
B,-122.4308411,37.70897593
B,-122.5048497,37.77599054
B,-122.4571496,37.72123496
B,-122.4980074,37.78049933
B,-122.4884919,37.74185791
B,-122.4104113,37.74471637
B,-122.4340853,37.73025705
B,-122.3841692,37.72889929
B,-122.4225123,37.72799754
B,-122.4576822,37.72932601
B,-122.4066405,37.73273185
B,-122.4482156,37.74180916
B,-122.3979504,37.73671635
B,-122.4832242,37.7347847
B,-122.4949189,37.74407208
B,-122.4736556,37.75767158
B,-122.4633887,37.7590049
B,-122.4961325,37.73840658
B,-122.500599,37.76127753
B,-122.4140398,37.71395514
B,-122.4764349,37.73865003
B,-122.4023038,37.71470885
B,-122.4036239,37.71780801
B,-122.4465925,37.73338036
B,-122.4996252,37.77811875
B,-122.4739953,37.73938311
B,-122.4879802,37.78058567
B,-122.4063427,37.7471699
B,-122.4245505,37.72871235
B,-122.4717178,37.78003424
B,-122.4329065,37.71954944
B,-122.4520344,37.76744362
B,-122.4730544,37.74129532
B,-122.4157281,37.80789761
B,-122.4416377,37.76164866
B,-122.4665668,37.70884896
B,-122.4887183,37.73455068
B,-122.4526407,37.73067118
B,-122.4622534,37.72177968
B,-122.4337096,37.77997215
B,-122.4610333,37.76552264
B,-122.4426565,37.80190525
B,-122.4551512,37.77721292
B,-122.4339517,37.73057461
B,-122.4524287,37.72932374
B,-122.4755519,37.74679294
B,-122.4547833,37.72924281
B,-122.3996117,37.73891833
B,-122.4824271,37.76270134
B,-122.4809747,37.75216752
B,-122.4011599,37.73996023
B,-122.5025261,37.75807425
B,-122.4108067,37.73166332
B,-122.4163007,37.73005177
B,-122.4512664,37.72259445
B,-122.3837202,37.73691594
B,-122.4963591,37.76208701
B,-122.4668415,37.71967036
B,-122.4283303,37.73576934
B,-122.4730175,37.7831726
B,-122.4562659,37.74524576
B,-122.4818823,37.74464582
B,-122.4441355,37.80076279
B,-122.461221,37.7194187
B,-122.426025,37.80038082
B,-122.4703309,37.77569428
B,-122.4721067,37.75427048
B,-122.4552179,37.73005359
B,-122.4741263,37.76186291
B,-122.4356503,37.79515212
B,-122.4591989,37.73385632
B,-122.4105233,37.79598508
B,-122.4304994,37.71839885
B,-122.4863532,37.74195208
B,-122.4905934,37.74114064
B,-122.4717367,37.77375697
B,-122.4110879,37.7351051
B,-122.4788699,37.77343281
B,-122.4580322,37.71405867
B,-122.4741871,37.72536811
B,-122.4217739,37.73289134
B,-122.3895283,37.73130685
B,-122.4306722,37.79833386
B,-122.4607535,37.75484693
B,-122.4893893,37.73932589
B,-122.4317037,37.7093542
B,-122.4655875,37.71428087
B,-122.4070101,37.73200019
B,-122.4090291,37.79140307
B,-122.4063052,37.71678122
B,-122.4152067,37.76436525
B,-122.4481773,37.72188501
B,-122.4431001,37.7101375
B,-122.4221551,37.80353682
B,-122.4680179,37.71729731
B,-122.4539857,37.73078266
B,-122.4566144,37.72552181
B,-122.4471793,37.71725638
B,-122.4932597,37.74850579
B,-122.4458809,37.76485712
B,-122.4311511,37.73643804
B,-122.4412322,37.75327657
B,-122.4357345,37.71203036
B,-122.4426409,37.78028797
B,-122.3982813,37.72020825
B,-122.468856,37.75127212
B,-122.4725597,37.7606312
B,-122.4878196,37.73761314
B,-122.4364669,37.71579426
B,-122.4029511,37.75191782
B,-122.4330984,37.79643224
B,-122.4492928,37.73374879
B,-122.4398636,37.71791283
B,-122.4602913,37.77552955
B,-122.4886841,37.73333468
B,-122.500743,37.77870797
B,-122.4529785,37.73486875
B,-122.4229799,37.7455272
B,-122.4546683,37.75574027
B,-122.4118707,37.71254804
B,-122.3989693,37.76114148
B,-122.4304087,37.72966651
B,-122.423969,37.72757495
B,-122.4335479,37.73154772
B,-122.4942855,37.73910629
B,-122.4463977,37.71246074
B,-122.4227016,37.80253373
B,-122.4229636,37.73225059
B,-122.4149182,37.72507317
B,-122.4453818,37.77963605
B,-122.4934425,37.74600283
B,-122.4541008,37.72291795
B,-122.4256659,37.79025561
B,-122.4115678,37.73737554
B,-122.3985046,37.73734319
B,-122.4030884,37.74934148
B,-122.4032588,37.72417141
B,-122.4586067,37.77775298
B,-122.4487168,37.73609619
B,-122.4165805,37.7953687
B,-122.4470189,37.79944151
B,-122.4217261,37.7312591
B,-122.4760694,37.78428335
B,-122.5063786,37.75166947
B,-122.415604,37.72848126
B,-122.4037266,37.72271829
B,-122.4975938,37.74395418
B,-122.5087241,37.77518916
B,-122.4940413,37.75969465
B,-122.4182216,37.72513199
B,-122.4127455,37.73584155
B,-122.4250222,37.75505576
B,-122.4464331,37.73992624
B,-122.470655,37.78007854
B,-122.4187714,37.70978444
B,-122.4685467,37.73759744
B,-122.4534566,37.78672268
B,-122.4215928,37.74668112
B,-122.4495058,37.76903597
B,-122.4226915,37.72795137
B,-122.4693081,37.71354708
B,-122.4774986,37.74857833
B,-122.4147852,37.80164621
B,-122.475384,37.77484028
B,-122.4217336,37.73116996
B,-122.4341408,37.73834215
B,-122.4137872,37.74177413
B,-122.5087077,37.75842756
B,-122.4051115,37.71409475
B,-122.4307079,37.72484844
B,-122.4664601,37.78156231
B,-122.4470779,37.78877259
B,-122.4040093,37.74235536
B,-122.4380285,37.7701807
B,-122.485068,37.75946566
B,-122.3867836,37.72912287
B,-122.4348309,37.77440557
B,-122.4131951,37.80089237
B,-122.4576443,37.72758258
B,-122.457034,37.73492558
B,-122.4947918,37.73473352
B,-122.4323096,37.72561185
B,-122.4821221,37.75834856
B,-122.4360526,37.71682194
B,-122.4803998,37.74907387
B,-122.4196766,37.74551161
B,-122.4031062,37.74953611
B,-122.4651678,37.758473
B,-122.4431759,37.71846344
B,-122.4268796,37.73086118
B,-122.412645,37.72925464
B,-122.4720552,37.77624431
B,-122.4955507,37.74029712
B,-122.4608835,37.72001518
B,-122.4023119,37.75056933
B,-122.4707094,37.73952757
B,-122.4399237,37.71794096
B,-122.4724638,37.78193938
B,-122.4191477,37.79139492
B,-122.4051793,37.78287512
B,-122.4164998,37.72883519
B,-122.4031892,37.75446938
B,-122.4742909,37.74871973
B,-122.4044108,37.71145851
B,-122.4811902,37.77582303
B,-122.4453917,37.72144712
B,-122.4019237,37.71831475
B,-122.4345958,37.73844222
B,-122.4684502,37.74866929
B,-122.44912,37.78083474
B,-122.4039145,37.7275437
B,-122.4280565,37.7249943
B,-122.4948355,37.7490667
B,-122.3922609,37.73663845
B,-122.4356351,37.73448588
B,-122.4937196,37.73975549
B,-122.4154702,37.73560499
B,-122.4079151,37.71799621
B,-122.4427262,37.7542506
B,-122.4443044,37.73258994
B,-122.4344571,37.77254898
B,-122.4544494,37.72349771
B,-122.457258,37.72664396
B,-122.4259924,37.72914115
B,-122.444438,37.79943662
B,-122.4067309,37.72991419
B,-122.4570466,37.73398498
B,-122.4067252,37.76071353
B,-122.448424,37.75965319
B,-122.5002283,37.74570359
B,-122.4286208,37.75644549
B,-122.494645,37.74782101
B,-122.4281648,37.79705744
B,-122.4619752,37.76360018
B,-122.4864816,37.74381939
B,-122.4244808,37.70947203
B,-122.4496031,37.72987506
B,-122.413642,37.73511495
B,-122.4403401,37.71739472
B,-122.4015369,37.72267414
B,-122.4338508,37.7259161
B,-122.4170659,37.70862524
B,-122.4082626,37.74161543
B,-122.4354861,37.7349603
B,-122.4097249,37.73711995
B,-122.4129165,37.73624593
B,-122.4075542,37.73827444
B,-122.3881982,37.73906374
B,-122.4886839,37.77548095
B,-122.4206905,37.7284668
B,-122.4047456,37.72599757
B,-122.3731161,37.72955811
B,-122.4004597,37.73478408
B,-122.4139892,37.73591346
B,-122.4763305,37.73267398
B,-122.4189198,37.7818558
B,-122.4445927,37.72092531
B,-122.4432846,37.76010083
B,-122.454747,37.71823378
B,-122.4383101,37.72756762
B,-122.4822615,37.77577415
B,-122.4078885,37.71678114
B,-122.4661502,37.71100257
B,-122.4028723,37.7206524
B,-122.4616835,37.77493945
B,-122.446777,37.74798053
B,-122.3720596,37.73084491
B,-122.4763379,37.78302379
B,-122.4328763,37.73916762
B,-122.468947,37.72031855
B,-122.3955081,37.76220764
B,-122.4264422,37.79410032
B,-122.4940015,37.77461399
B,-122.3885766,37.75106624
B,-122.3903706,37.71888747
B,-122.4393342,37.716846
B,-122.4310713,37.75870754
B,-122.4225312,37.73304358
B,-122.3864526,37.7232169
B,-122.4019796,37.74860493
B,-122.3895592,37.7448774
B,-122.4216196,37.74145875
B,-122.4570777,37.70914094
B,-122.4045193,37.7582439
B,-122.3959507,37.72246445
B,-122.4072163,37.73109023
B,-122.4379768,37.77879244
B,-122.4147578,37.72934949
B,-122.3996942,37.76538427
B,-122.5044471,37.77538484
B,-122.4079779,37.71649674
B,-122.4007762,37.75632887
B,-122.397073,37.75826355
B,-122.492468,37.78311769
B,-122.444555,37.76192073
B,-122.4752686,37.78307411
B,-122.502903,37.7480807
B,-122.4464482,37.71904169
B,-122.4595158,37.71822616
B,-122.4844689,37.74577693
B,-122.503294,37.75367721
B,-122.3909863,37.74537619
B,-122.4398501,37.75976508
B,-122.4488524,37.73125481
B,-122.4903616,37.7347332
B,-122.4944015,37.74284169
B,-122.4400311,37.79176845
B,-122.4809194,37.73159183
B,-122.3893221,37.78741048
B,-122.4167619,37.79626808
B,-122.5024213,37.74123758
B,-122.4167945,37.79643001
B,-122.4342688,37.7716148
B,-122.4524971,37.71372716
B,-122.430719,37.79577995
B,-122.3916704,37.72055428
B,-122.4753052,37.75806636
B,-122.4550443,37.72882876
B,-122.4703965,37.74577577
B,-122.4424315,37.75890473
B,-122.4331967,37.78577012
B,-122.4573605,37.73289771
B,-122.4776997,37.76166457
B,-122.4158845,37.79193222
B,-122.443776,37.71351125
B,-122.4450687,37.73308023
B,-122.4139527,37.73983753
B,-122.5028413,37.77797259
B,-122.4959267,37.75586903
B,-122.40299,37.75577041
B,-122.4437165,37.78138645
B,-122.4759903,37.73215817
B,-122.4741095,37.72766358
B,-122.413558,37.79988991
B,-122.4112382,37.74138955
B,-122.5042259,37.77726712
B,-122.4141575,37.79042709
B,-122.4973849,37.76141949
B,-122.4875929,37.73515449
B,-122.4608451,37.73920799
B,-122.437962,37.71027454
B,-122.4442362,37.77896703
B,-122.503778,37.77603946
B,-122.4237204,37.73738625
B,-122.4170024,37.74166623
B,-122.4108738,37.76298773
B,-122.4449405,37.72126948
B,-122.4182857,37.74185172
B,-122.4612762,37.77921481
B,-122.4284651,37.73272489
B,-122.441236,37.75721307
B,-122.4145554,37.79230383
B,-122.4277494,37.75515729
B,-122.4136283,37.72811093
B,-122.4331969,37.72678081
B,-122.4647421,37.7315184
B,-122.4445015,37.71393496
B,-122.3963027,37.71910981
B,-122.4512907,37.71850102
B,-122.4590622,37.7842335
B,-122.4330224,37.79883169
B,-122.4329515,37.73565759
B,-122.4461269,37.72746245
B,-122.412146,37.79847168
B,-122.4888108,37.76179775
B,-122.3918242,37.73607519
B,-122.3931401,37.73461755
B,-122.4644239,37.72982316
B,-122.394896,37.74194754
B,-122.4311933,37.7445035
B,-122.4694577,37.74771212
B,-122.4052647,37.76263863
B,-122.3956181,37.7187213
B,-122.5011371,37.75875875
B,-122.421783,37.72929081
B,-122.4066259,37.8039027
B,-122.4532364,37.76303556
B,-122.3999708,37.7306851
B,-122.4981863,37.76262852
B,-122.4454263,37.80155282
B,-122.4393504,37.72935099
B,-122.4447993,37.76471409
B,-122.4146327,37.80166553
B,-122.4435693,37.79796646
B,-122.4754812,37.75552833
B,-122.4623584,37.78428016
B,-122.4282433,37.7356851
B,-122.4772282,37.74983725
B,-122.4445711,37.78051641
B,-122.4378701,37.71181637
B,-122.4429996,37.7867569
B,-122.4998329,37.74010793
B,-122.5074907,37.75224332
B,-122.411594,37.73477901
B,-122.4946102,37.74221292
B,-122.4014241,37.71711146
B,-122.4742518,37.72338821
B,-122.4315599,37.79437477
B,-122.4612248,37.72061857
B,-122.4397283,37.728746
B,-122.4201964,37.8049354
B,-122.4398868,37.72555089
B,-122.4468474,37.717788
B,-122.4830209,37.77636337
B,-122.4969062,37.7545782
B,-122.4394763,37.72250813
B,-122.46798,37.71381468
B,-122.4698127,37.7166879
B,-122.4676837,37.71426476
B,-122.4907098,37.78361987
B,-122.4039488,37.7288676
B,-122.4732368,37.73879186
B,-122.4387046,37.79635692
B,-122.4296223,37.79591954
B,-122.4347761,37.73585471
B,-122.4930734,37.77652775
B,-122.4347435,37.72889478
B,-122.4434759,37.75277378
B,-122.4158547,37.79118586
B,-122.4344226,37.73538826
B,-122.4379245,37.71009544
B,-122.4380587,37.72040721
B,-122.4017682,37.73108458
B,-122.4488732,37.77979894
B,-122.4651642,37.75286311
B,-122.461557,37.71822376
B,-122.4748864,37.7624107
B,-122.4121794,37.79030345
B,-122.4278952,37.72137949
B,-122.4532644,37.71557519
B,-122.4257137,37.73922801
B,-122.4962281,37.76022329
B,-122.4105427,37.7690672
B,-122.463687,37.75735148
B,-122.4449463,37.7386838
B,-122.4363964,37.71074348
B,-122.4040811,37.76040512
B,-122.4259719,37.74453969
B,-122.4642563,37.76038574
B,-122.3912545,37.78983254
B,-122.3993047,37.73716865
B,-122.4352489,37.73133873
B,-122.4060607,37.74531569
B,-122.4346533,37.74964726
B,-122.4496454,37.71237207
B,-122.393378,37.7308142
B,-122.4609056,37.73022194
B,-122.4151252,37.74077419
B,-122.4614291,37.72831647
B,-122.4244413,37.72694702
B,-122.473641,37.77616715
B,-122.4862961,37.74631865
B,-122.4540912,37.72124314
B,-122.4311673,37.77296542
B,-122.4151052,37.77655148
B,-122.4716906,37.72164068
B,-122.5056898,37.77283075
B,-122.4359633,37.72030388
B,-122.4668528,37.77710015
B,-122.4219789,37.72978336
B,-122.4960078,37.7726499
B,-122.4765221,37.73989365
B,-122.4834355,37.78208778
B,-122.4150524,37.79616636
B,-122.4305528,37.73328253
B,-122.5091703,37.77641103
B,-122.4760681,37.73330815
B,-122.4336294,37.72483072
B,-122.4381724,37.76699483
B,-122.3914585,37.78722153
B,-122.4029575,37.75053463
B,-122.4296877,37.74431444
B,-122.4777653,37.73209681
B,-122.4554941,37.73521878
B,-122.4054366,37.79994629
B,-122.487996,37.73176049
B,-122.4457109,37.7973761
B,-122.4503304,37.72010251
B,-122.501042,37.73694228
B,-122.4039174,37.72488597
B,-122.4418738,37.75599999
B,-122.4375112,37.73522923
B,-122.471314,37.75958948
B,-122.5053727,37.73737591
B,-122.3877773,37.73220747
B,-122.474409,37.71972718
B,-122.4669372,37.75777243
B,-122.427594,37.71983547
B,-122.4022736,37.76179927
B,-122.418766,37.73937212
B,-122.4975954,37.77969951
B,-122.4394555,37.80007301
B,-122.4726168,37.78256647
B,-122.4181429,37.74070975
B,-122.4066887,37.73209822
B,-122.4465839,37.79949692
B,-122.3958576,37.78715753
B,-122.4555259,37.73285599
B,-122.4181605,37.79486234
B,-122.4684213,37.71130686
B,-122.3983556,37.74451029
B,-122.4389787,37.71152808
B,-122.4421759,37.76110815
B,-122.478169,37.74792498
B,-122.4670967,37.71549244
B,-122.4814578,37.77456314
B,-122.4697996,37.71548575
B,-122.4620785,37.775447
B,-122.4197146,37.7830285
B,-122.4406462,37.72341383
B,-122.4169489,37.74126242
B,-122.4752014,37.73107443
B,-122.4524287,37.74934107
B,-122.452171,37.73566815
B,-122.5042597,37.73680105
B,-122.4720244,37.75466064
B,-122.4365693,37.76842476
B,-122.4128495,37.73468639
B,-122.3935696,37.77596541
B,-122.4814895,37.7390533
B,-122.4546884,37.71661949
B,-122.4702386,37.75891685
B,-122.4076514,37.74472205
B,-122.4552092,37.75516654
B,-122.4508945,37.76853975
B,-122.4728664,37.7650076
B,-122.5006495,37.75690905
B,-122.4489881,37.75821665
B,-122.4430457,37.75564481
B,-122.4784055,37.74105485
B,-122.4891077,37.73122509
B,-122.3904471,37.73655856
B,-122.4278534,37.7562222
B,-122.4648692,37.75661853
B,-122.427929,37.74924583
B,-122.475558,37.73108703
B,-122.431887,37.74578772
B,-122.3692027,37.7348945
B,-122.4074494,37.80277968
B,-122.4806477,37.75779
B,-122.4367792,37.75649217
B,-122.4546478,37.77932697
B,-122.4352469,37.75608374
B,-122.4200286,37.72510616
B,-122.4280829,37.78550381
B,-122.4750817,37.74494491
B,-122.440807,37.71671744
B,-122.4991785,37.75634725
B,-122.4410366,37.73440275
B,-122.4372301,37.77505941
B,-122.4996627,37.77373062
B,-122.5053601,37.74734739
B,-122.4745186,37.72072038
B,-122.5072659,37.77967158
B,-122.5017004,37.74626247
B,-122.4151225,37.71385441
B,-122.3906062,37.79118056
B,-122.4308394,37.73325476
B,-122.4591885,37.72062475
B,-122.4523918,37.72843228
B,-122.4485037,37.76948287
B,-122.4591819,37.74467606
B,-122.4557954,37.73277058
B,-122.443228,37.72201856
B,-122.398058,37.7441158
B,-122.4432228,37.71192857
B,-122.4082496,37.73347989
B,-122.4934395,37.73546869
B,-122.4259282,37.73362025
B,-122.392594,37.7195274
B,-122.4678337,37.7552423
B,-122.4291178,37.74998262
B,-122.4374908,37.77375589
B,-122.478339,37.78101969
B,-122.4387966,37.71109205
B,-122.462746,37.70824105
B,-122.4325272,37.72148778
B,-122.434364,37.79990667
B,-122.4315137,37.74796075
B,-122.4104653,37.71256847
B,-122.4408925,37.75383178
B,-122.4357406,37.71627457
B,-122.4689426,37.75492741
B,-122.4653255,37.76033885
B,-122.4371553,37.7115054
B,-122.4550998,37.78651434
B,-122.4322054,37.77251472
B,-122.4072493,37.74271776
B,-122.450539,37.75074211
B,-122.4381867,37.73503832
B,-122.4413408,37.76049779
B,-122.4104398,37.74504065
B,-122.4295749,37.7186651
B,-122.4443681,37.78117838
B,-122.4281767,37.73980498
B,-122.4046185,37.73012698
B,-122.4066199,37.7476787
B,-122.4159541,37.73484157
B,-122.4692068,37.71609285
B,-122.4315563,37.78056553
B,-122.4458989,37.79831015
B,-122.4323331,37.7164549
B,-122.4507808,37.75375426
B,-122.4226373,37.70970336
B,-122.3933906,37.78814598
B,-122.4168078,37.79650873
B,-122.4604181,37.73513735
B,-122.4735025,37.72246674
B,-122.4343191,37.78021317
B,-122.4027226,37.7349284
B,-122.417563,37.72708203
B,-122.4755204,37.78657767
B,-122.4155335,37.73072154
B,-122.4724921,37.73010944
B,-122.4594484,37.7351155
B,-122.4069442,37.73475198
B,-122.4358708,37.72427497
B,-122.4872483,37.73942057
B,-122.4551018,37.71883274
B,-122.4461843,37.7691404
B,-122.4438058,37.75177496
B,-122.4783043,37.73209805
B,-122.4959156,37.76086212
B,-122.5018815,37.74376507
B,-122.4312764,37.72987625
B,-122.4661039,37.78659599
B,-122.4653352,37.71850338
B,-122.5005997,37.77680928
B,-122.4204903,37.79244942
B,-122.4357534,37.75721441
B,-122.4232307,37.79210111
B,-122.4150226,37.7359732
B,-122.4429116,37.78355618
B,-122.4568056,37.72560171
B,-122.3980864,37.73199273
B,-122.492309,37.77593961
B,-122.4246195,37.73665194
B,-122.4279253,37.72808221
B,-122.4953926,37.75340189
B,-122.4264814,37.73234934
B,-122.4580133,37.71229993
B,-122.4159925,37.79958232
B,-122.4850972,37.74450447
B,-122.4715076,37.74697136
B,-122.4825287,37.77451425
B,-122.4987334,37.75511502
B,-122.4638565,37.75977898
B,-122.4078586,37.72385285
B,-122.4530276,37.73672598
B,-122.4302877,37.78263441
B,-122.3819265,37.72825651
B,-122.4325737,37.71060534
B,-122.4392712,37.76007674
B,-122.3907078,37.75350944
B,-122.4418404,37.78658564
B,-122.4478758,37.7154412
B,-122.5016185,37.74002901
B,-122.4437488,37.72299753
B,-122.4540544,37.7630787
B,-122.4373425,37.71386579
B,-122.4311324,37.79763795
B,-122.4942707,37.74097118
B,-122.4695268,37.77948508
B,-122.4348148,37.77154521
B,-122.4827856,37.73302679
B,-122.4564415,37.71823077
B,-122.4631118,37.76448601
B,-122.4116344,37.73184276
B,-122.447848,37.74071967
B,-122.3983472,37.7512426
B,-122.4657791,37.72803171
B,-122.4099725,37.73890677
B,-122.4638847,37.73222967
B,-122.3991357,37.73163975
B,-122.4228306,37.7354421
B,-122.4052787,37.73260486
B,-122.5038608,37.76175554
B,-122.4287393,37.73466916
B,-122.4346444,37.77347762
B,-122.3941679,37.72948038
B,-122.4686277,37.71789233
B,-122.508242,37.77836944
B,-122.4661939,37.71488708
B,-122.4717537,37.74696051
B,-122.4605449,37.7200162
B,-122.4440424,37.75287297
B,-122.4036476,37.74341341
B,-122.4776282,37.75044311
B,-122.4037498,37.7280306
B,-122.4050572,37.76723433
B,-122.4440633,37.79758533
B,-122.4352305,37.73699061
B,-122.3906978,37.73732624
B,-122.41021,37.79376149
B,-122.4666384,37.78408961
B,-122.4823836,37.76208088
B,-122.4472596,37.74869878
B,-122.4878498,37.78374934
B,-122.404871,37.72197717
B,-122.4412026,37.72727407
B,-122.4791203,37.74102309
B,-122.4467417,37.71603011
B,-122.4576831,37.73002922
B,-122.4287776,37.75804011
B,-122.3997191,37.73510279
B,-122.5008786,37.75501539
B,-122.4170683,37.74483146
B,-122.427077,37.71676294
B,-122.4488645,37.78130973
B,-122.4774433,37.77848523
B,-122.4057308,37.72573982
B,-122.4921402,37.78355509
B,-122.4535145,37.73148599
B,-122.3960513,37.75801845
B,-122.4142674,37.79505429
B,-122.4407637,37.78034221
B,-122.434003,37.72289476
B,-122.4150228,37.79601996
B,-122.4372256,37.73812
B,-122.4035641,37.71590227
B,-122.398261,37.73275944
B,-122.4915107,37.7381545
B,-122.4132678,37.73140228
B,-122.4705548,37.75062047
B,-122.4720401,37.75494753
B,-122.4891204,37.7405809
B,-122.4754376,37.75490562
B,-122.4502545,37.71859749
B,-122.4322713,37.70954822
B,-122.4849078,37.78264051
B,-122.465995,37.75968525
B,-122.4253251,37.75290236
B,-122.4124981,37.80022269
B,-122.4058575,37.74779073
B,-122.4731748,37.774941
B,-122.4296177,37.72291295
B,-122.4254443,37.72269004
B,-122.4054879,37.7121445
B,-122.4571148,37.77539821
B,-122.4200928,37.74194878
B,-122.4639873,37.74215886
B,-122.4643704,37.71263863
B,-122.4329805,37.75537411
B,-122.4398404,37.71284545
B,-122.4588884,37.74429603
B,-122.4638975,37.72719701
B,-122.3908827,37.76162906
B,-122.4861752,37.73946802
B,-122.4428316,37.75285456
B,-122.4048438,37.72013744
B,-122.4111153,37.73551999
B,-122.4347149,37.73744544
B,-122.4440759,37.75175454
B,-122.5005515,37.77618722
B,-122.4448818,37.74729545
B,-122.4147048,37.7299154
B,-122.4608782,37.71822743
B,-122.4941217,37.74036021
B,-122.4624994,37.78626355
B,-122.42657,37.7379416
B,-122.4122282,37.73465532
B,-122.4375564,37.71824593
B,-122.4695979,37.7651498
B,-122.3980791,37.73710155
B,-122.4109127,37.80499671
B,-122.4877291,37.73216906
B,-122.4735999,37.75431417
B,-122.4237632,37.79474357
B,-122.495028,37.76090129
B,-122.4009431,37.76487424
B,-122.4835998,37.77446534
B,-122.4821268,37.7739081
B,-122.4375087,37.72827611
B,-122.4160894,37.74162396
B,-122.4867723,37.77870642
B,-122.4161115,37.77607817
B,-122.4371547,37.77029597
B,-122.502211,37.7587118
B,-122.4717383,37.75422941
B,-122.4487161,37.72147436
B,-122.4719486,37.78321903
B,-122.4631772,37.74191847
B,-122.444235,37.73646488
B,-122.4175537,37.73915904
B,-122.4062363,37.7296005
B,-122.4463171,37.7873168
B,-122.4909077,37.74050206
B,-122.4254073,37.72566255
B,-122.4314767,37.73170473
B,-122.4077459,37.7118256
B,-122.4408636,37.72778312
B,-122.4945044,37.75094334
B,-122.4414597,37.76527503
B,-122.4074236,37.74550088
B,-122.453458,37.71409098
B,-122.4424662,37.75449919
B,-122.4391817,37.73957031
B,-122.4299895,37.71133628
B,-122.499935,37.7774627
B,-122.4063347,37.76368129
B,-122.4417039,37.70987469
B,-122.4065615,37.71434638
B,-122.4273472,37.80002985
B,-122.4192439,37.74114581
B,-122.4093786,37.71334609
B,-122.5012031,37.74940499
B,-122.4598947,37.77992237
B,-122.4326003,37.72748599
B,-122.4149662,37.71420831
B,-122.491472,37.73531298
B,-122.412956,37.76368111
B,-122.4750859,37.75242788
B,-122.4286703,37.73423755
B,-122.4088455,37.73616977
B,-122.4736306,37.72686204
B,-122.4313545,37.72303574
B,-122.4208386,37.72933435
B,-122.4035472,37.71463416
B,-122.458852,37.72183458
B,-122.4386063,37.71918936
B,-122.409799,37.73483835
B,-122.4621823,37.74080031
B,-122.4003374,37.75246978
B,-122.4451716,37.79872369
B,-122.4488599,37.73281735
B,-122.4178822,37.73565821
B,-122.4392118,37.71004535
B,-122.4256444,37.74057277
B,-122.4622495,37.72112901
B,-122.4144486,37.80153034
B,-122.4570446,37.7294466
B,-122.404954,37.8000079
B,-122.5089003,37.7621547
B,-122.4539915,37.71661589
B,-122.4753136,37.78369484
B,-122.4127571,37.79313522
B,-122.4137651,37.74203025
B,-122.4111559,37.76254491
B,-122.4476663,37.77853759
B,-122.4344824,37.70909904
B,-122.4232003,37.80310127
B,-122.4690632,37.74208942
B,-122.4731232,37.72300813
B,-122.4762351,37.77667271
B,-122.4502593,37.71913089
B,-122.4288634,37.73536643
B,-122.4383824,37.71326225
B,-122.4727178,37.73078802
B,-122.4525936,37.76737329
B,-122.4820819,37.77328565
B,-122.4118313,37.7907225
B,-122.4037559,37.72625614
B,-122.4551762,37.7313913
B,-122.390158,37.72851487
B,-122.4789498,37.7591118
B,-122.4180835,37.80505219
B,-122.4388696,37.75598147
B,-122.4449691,37.76866087
B,-122.4579974,37.77725204
B,-122.493513,37.77775385
B,-122.4555831,37.73401446
B,-122.3983115,37.77267984
B,-122.4251732,37.73898756
B,-122.488893,37.7424649
B,-122.3949881,37.73255061
B,-122.4416815,37.7151791
B,-122.4397374,37.73261191
B,-122.4147052,37.79035749
B,-122.4627477,37.7092602
B,-122.4595454,37.73036916
B,-122.4478437,37.71229586
B,-122.4613762,37.74362382
B,-122.4807982,37.73500678
B,-122.5078428,37.78020858
B,-122.41976,37.79163085
B,-122.4686337,37.75645028
B,-122.3820552,37.75399075
B,-122.4424753,37.71172656
B,-122.3973187,37.76081343
B,-122.3779302,37.7266182
B,-122.4249833,37.79521638
B,-122.4442883,37.73209631
B,-122.4676925,37.75836248
B,-122.4446902,37.71378632