classification,longitude,latitude
B,-122.3865495,37.72206388
B,-122.4148522,37.73557088
B,-122.4707908,37.7820055
B,-122.494215,37.76218166
B,-122.496815,37.77386104
B,-122.4236509,37.72857169
B,-122.4314552,37.79664049
B,-122.4984562,37.76137218
B,-122.4103247,37.71211782
B,-122.3990886,37.75899681
B,-122.3727629,37.7290454
B,-122.4162433,37.74531097
B,-122.4076306,37.73389907
B,-122.4403531,37.70847038
B,-122.4840808,37.73469803
B,-122.4431136,37.7598372
B,-122.4362966,37.7732711
B,-122.464157,37.73215656
B,-122.4944613,37.74159867
B,-122.5076192,37.75410998
B,-122.4264246,37.72421665
B,-122.4690881,37.75474533
B,-122.4560566,37.7146249
B,-122.3962012,37.78867452
B,-122.4756439,37.73270405
B,-122.4357195,37.76411819
B,-122.4599368,37.72492767
B,-122.395043,37.71997252
B,-122.4576143,37.74610167
B,-122.4046565,37.73022059
B,-122.4477792,37.7477118
B,-122.4209808,37.79208368
B,-122.4505138,37.76129071
B,-122.4083252,37.70975567
B,-122.4422226,37.78846854
B,-122.4716505,37.75789958
B,-122.4917072,37.73199383
B,-122.4318866,37.7594641
B,-122.4346303,37.73103064
B,-122.4643456,37.71026912
B,-122.4734785,37.75249962
B,-122.4038777,37.74981009
B,-122.4918003,37.74296109
B,-122.4302332,37.79615966
B,-122.4698345,37.75826866
B,-122.4453973,37.71495275
B,-122.4326777,37.75995289
B,-122.4018995,37.72355366
B,-122.5062498,37.74980478
B,-122.4972808,37.74458961
B,-122.4628417,37.74255845
B,-122.385221,37.72981128
B,-122.4081469,37.80247543
B,-122.431078,37.72886297
B,-122.4798479,37.75658203
B,-122.4350058,37.7243896
B,-122.5023945,37.75620337
B,-122.4515197,37.75806571
B,-122.4499872,37.7362569
B,-122.4515589,37.72986637
B,-122.4292435,37.79404352
B,-122.4256957,37.72510651
B,-122.4536083,37.7298318
B,-122.4273169,37.75062565
B,-122.4503865,37.73305795
B,-122.4634949,37.71490841
B,-122.4511042,37.74962587
B,-122.4591269,37.72664453
B,-122.4431464,37.72909513
B,-122.4779975,37.74543933
B,-122.4473391,37.70917778
B,-122.438401,37.78927567
B,-122.4608529,37.73016274
B,-122.4704214,37.71166671
B,-122.4961244,37.74339417
B,-122.4701364,37.74204248
B,-122.44372,37.78475296
B,-122.459226,37.76528453
B,-122.4849749,37.73460878
B,-122.4124412,37.79993945
B,-122.4262801,37.72061473
B,-122.3976896,37.73342978
B,-122.4263826,37.79380687
B,-122.4477457,37.71683464
B,-122.5006955,37.77806965
B,-122.4125219,37.73017097
B,-122.434662,37.7225052
B,-122.4102647,37.74135322
B,-122.4661816,37.71382896
B,-122.4432348,37.75616483
B,-122.4192372,37.74657374
B,-122.4243162,37.78912987
B,-122.4503526,37.70958512
B,-122.4175164,37.74413737
B,-122.4479248,37.78098574
B,-122.4665945,37.78346757
B,-122.4044084,37.7243134
B,-122.5019615,37.7499941
B,-122.4724644,37.75480504
B,-122.4811792,37.76026191
B,-122.4951176,37.77518718
B,-122.4588338,37.71822649
B,-122.432896,37.7118718
B,-122.4459346,37.71062686
B,-122.4684295,37.71201456
B,-122.4728874,37.7324256
B,-122.4522887,37.7177804
B,-122.4084443,37.73217944
B,-122.4716144,37.71728719
B,-122.3984228,37.73919458
B,-122.4503632,37.72987168
B,-122.4224366,37.80256755
B,-122.387161,37.72870655
B,-122.4381722,37.73738092
B,-122.4917117,37.74171606
B,-122.436764,37.72068568
B,-122.4521097,37.72157048
B,-122.4426612,37.71816838
B,-122.4488343,37.72859504
B,-122.4931517,37.78350927
B,-122.4239904,37.80141177
B,-122.4097,37.73738536
B,-122.4903877,37.78410965
B,-122.399805,37.73354965
B,-122.4114963,37.71391656
B,-122.4935726,37.74786844
B,-122.4887876,37.7818376
B,-122.4505042,37.73895166
B,-122.4232367,37.75194759
B,-122.4625813,37.71411844
B,-122.46534,37.70950328
B,-122.4393147,37.796597
B,-122.4270394,37.785918
B,-122.5014012,37.76248644
B,-122.4758696,37.76112058
B,-122.3945311,37.73306592
B,-122.4049027,37.72462852
B,-122.4286828,37.73076936
B,-122.4111458,37.73981433
B,-122.4726052,37.77746004
B,-122.43912,37.75864723
B,-122.4307595,37.79876622
B,-122.4683399,37.71965937
B,-122.4888543,37.76241814
B,-122.4477371,37.70920633
B,-122.4421451,37.75398155
B,-122.4565876,37.77610311
B,-122.4313811,37.71183002
B,-122.4182766,37.73845771
B,-122.4449623,37.71640646
B,-122.4268484,37.72229913
B,-122.4267607,37.72935537
B,-122.4630995,37.74055175
B,-122.4244996,37.72463617
B,-122.4493863,37.73756565
B,-122.5011498,37.75376595
B,-122.4441137,37.73867326
B,-122.4488761,37.73481659
B,-122.4326,37.79952186
B,-122.4120242,37.73921762
B,-122.4357088,37.72300406
B,-122.4338476,37.77230576
B,-122.4376539,37.79948867
B,-122.4395822,37.71544938
B,-122.4560904,37.78038622
B,-122.4511516,37.73330222
B,-122.4496821,37.74210648
B,-122.4227899,37.73371385
B,-122.424497,37.79559299
B,-122.4020379,37.74058996
B,-122.4454482,37.76256461
B,-122.4662298,37.71849715
B,-122.4815258,37.74466149
B,-122.4542469,37.72878253
B,-122.4744888,37.76176446
B,-122.4440951,37.7625942
B,-122.4979761,37.75452934
B,-122.4537377,37.76436331
B,-122.4393483,37.73787573
B,-122.438371,37.71564096
B,-122.4098892,37.71398417
B,-122.4704033,37.71608651
B,-122.4578733,37.73570696
B,-122.4313015,37.76110685
B,-122.4096617,37.72205506
B,-122.4255923,37.74858307
B,-122.3703673,37.73271986
B,-122.4020146,37.74899886
B,-122.4840918,37.77631451
B,-122.4049074,37.72551255
B,-122.4427586,37.72990238
B,-122.441029,37.79104345
B,-122.4728035,37.74629175
B,-122.467789,37.77518637
B,-122.4104723,37.80409584
B,-122.4510142,37.73801448
B,-122.4276497,37.80285606
B,-122.4631886,37.71429927
B,-122.4398147,37.72776434
B,-122.4290819,37.76124097
B,-122.4409121,37.72354011
B,-122.4479513,37.78392536
B,-122.4508408,37.74280488
B,-122.4770244,37.73395816
B,-122.4322822,37.74818121
B,-122.4495064,37.71977203
B,-122.4352348,37.73875535
B,-122.4095334,37.73915985
B,-122.4457965,37.75242265
B,-122.3993009,37.72137032
B,-122.3717203,37.73332317
B,-122.4292539,37.70911477
B,-122.3996636,37.71591483
B,-122.4863104,37.74132939
B,-122.4478979,37.76236118
B,-122.4725021,37.7469275
B,-122.4462201,37.74822663
B,-122.4479346,37.73865045
B,-122.4415218,37.72681543
B,-122.3919762,37.72230147
B,-122.4363206,37.73701119
B,-122.4528729,37.76446744
B,-122.4957339,37.73779946
B,-122.5078368,37.75721709
B,-122.4912429,37.78107859
B,-122.442325,37.78201799
B,-122.4132322,37.74107418
B,-122.4531378,37.74997278
B,-122.4267179,37.72294654
B,-122.4416232,37.75325292
B,-122.4082395,37.74528117
B,-122.4277672,37.78677952
B,-122.4222975,37.72883636
B,-122.4819609,37.78646978
B,-122.3958964,37.72799256
B,-122.4393303,37.72637684
B,-122.4722178,37.7844633
B,-122.4970701,37.73649179
B,-122.4985941,37.77377956
B,-122.4582322,37.73253771
B,-122.4649482,37.72839567
B,-122.4413461,37.76271807
B,-122.3997381,37.76581628
B,-122.4054072,37.73114599
B,-122.4122624,37.73660303
B,-122.4409126,37.79045726
B,-122.4252844,37.73259139
B,-122.4929851,37.7752846
B,-122.4138434,37.74111633
B,-122.4192848,37.80043962
B,-122.4285881,37.79636873
B,-122.4846289,37.77880416
B,-122.4075861,37.80254587
B,-122.483351,37.78581736
B,-122.5031895,37.76240738
B,-122.4742689,37.72446835
B,-122.4314597,37.72097899
B,-122.4101596,37.73289547
B,-122.3973088,37.7227878
B,-122.47778,37.7423299
B,-122.3988532,37.73159906
B,-122.4706024,37.75636225
B,-122.4368633,37.77606317
B,-122.4341058,37.71555543
B,-122.3856727,37.72094738
B,-122.4431932,37.78771284
B,-122.3870063,37.72515169
B,-122.4397342,37.7321029
B,-122.4805298,37.75093914
B,-122.4652347,37.74001077
B,-122.4196923,37.74199099
B,-122.4407758,37.71307117
B,-122.405268,37.748099
B,-122.447416,37.73794408
B,-122.398067,37.73544192
B,-122.4078728,37.72650951
B,-122.446579,37.73257974
B,-122.4104497,37.71338458
B,-122.4207764,37.74204009
B,-122.4284282,37.75055894
B,-122.4513549,37.74387636
B,-122.4030038,37.74463085
B,-122.4062853,37.7525742
B,-122.4027543,37.76348018
B,-122.487508,37.74315004
B,-122.4682843,37.71425909
B,-122.4262744,37.74773674
B,-122.4260492,37.74534032
B,-122.491039,37.7307375
B,-122.4476163,37.75090935
B,-122.4521018,37.71039359
B,-122.4661764,37.71338165
B,-122.455992,37.75541815
B,-122.4588684,37.73328295
B,-122.4160412,37.74749666
B,-122.4167902,37.73512321
B,-122.4383179,37.76136271
B,-122.4501195,37.71880914
B,-122.4931654,37.73681087
B,-122.4023836,37.75280703
B,-122.425398,37.73600605
B,-122.4878869,37.77930095
B,-122.4959533,37.72987022
B,-122.4382954,37.7389179
B,-122.4707338,37.71905437
B,-122.4464871,37.71788193
B,-122.4906499,37.7728946
B,-122.4709311,37.75615357
B,-122.4220456,37.74718757
B,-122.4436344,37.74988862
B,-122.4942419,37.74721505
B,-122.4324977,37.73556736
B,-122.4017401,37.72054315
B,-122.4624647,37.74078556
B,-122.4494415,37.77414431
B,-122.4999638,37.74197085
B,-122.4591098,37.75404095
B,-122.4372759,37.7462745
B,-122.4413028,37.77836633
B,-122.3992505,37.76069696
B,-122.4402417,37.7234605
B,-122.4003171,37.71872089
B,-122.4158628,37.72604113
B,-122.4635231,37.71732791
B,-122.5011734,37.73880682
B,-122.4328411,37.75779426
B,-122.4636611,37.7288477
B,-122.4492327,37.71130929
B,-122.4396817,37.78717945
B,-122.4418452,37.78144129
B,-122.4014434,37.72955928
B,-122.4455106,37.8047362
B,-122.4465632,37.73097863
B,-122.4270501,37.79432372
B,-122.4374205,37.77599236
B,-122.4202699,37.74651612
B,-122.4876534,37.7606015
B,-122.4675877,37.76206754
B,-122.4389727,37.7163086
B,-122.4740496,37.7284454
B,-122.4726036,37.76125891
B,-122.3961054,37.74385134
B,-122.4111641,37.72831198
B,-122.4022323,37.76137301
B,-122.5029541,37.74371775
B,-122.3895145,37.72090434
B,-122.4736378,37.73939883
B,-122.4362127,37.71901263
B,-122.4797712,37.7503486
B,-122.4820216,37.74151849
B,-122.4539628,37.78404246
B,-122.4396299,37.71292715
B,-122.42567,37.74938457
B,-122.3995997,37.71565069
B,-122.4581676,37.72062772
B,-122.4461453,37.77914319
B,-122.4860121,37.77809715
B,-122.4400688,37.72310844
B,-122.4385695,37.72709419
B,-122.4969915,37.75582052
B,-122.442357,37.75510978
B,-122.4292948,37.80264871
B,-122.4434131,37.71876805
B,-122.4661515,37.71132666
B,-122.3940213,37.73574654
B,-122.4421556,37.76044725
B,-122.4156451,37.74549774
B,-122.4042053,37.76168256
B,-122.4693125,37.75283692
B,-122.4739666,37.75429805
B,-122.4551343,37.75464634
B,-122.4287297,37.79985409
B,-122.5046967,37.74301281
B,-122.4701047,37.7160881
B,-122.406218,37.80460753
B,-122.4237795,37.79203135
B,-122.4255925,37.79545271
B,-122.4436033,37.7153252
B,-122.3971816,37.72090768
B,-122.4503164,37.75473436
B,-122.4817439,37.73757378
B,-122.4116499,37.76768576
B,-122.4841489,37.7870858
B,-122.4328853,37.7620825
B,-122.4168594,37.80233726
B,-122.411376,37.79542439
B,-122.4392785,37.74285074
B,-122.4311475,37.75950882
B,-122.5047573,37.75922416
B,-122.5080993,37.76094596
B,-122.3900303,37.72970257
B,-122.4123369,37.79349005
B,-122.5004679,37.75941237
B,-122.3953805,37.78657478
B,-122.4334574,37.71497197
B,-122.4321915,37.71099027
B,-122.5013333,37.75126676
B,-122.4129713,37.73122988
B,-122.4612813,37.78432987
B,-122.4755678,37.75677062
B,-122.4981472,37.77255212
B,-122.4473131,37.72826513
B,-122.428841,37.74133864
B,-122.4348048,37.72327745
B,-122.459218,37.78630558
B,-122.4484123,37.77459432
B,-122.4193309,37.73067095
B,-122.4982213,37.74267531
B,-122.4324719,37.73528495
B,-122.425767,37.78799714
B,-122.4350364,37.79490212
B,-122.4383889,37.74044414
B,-122.4547797,37.77557564
B,-122.418692,37.7691323
B,-122.4567257,37.73606079
B,-122.4528042,37.73563657
B,-122.4247481,37.74220049
B,-122.4927815,37.74166892
B,-122.4678613,37.74642817
B,-122.4330091,37.71748428
B,-122.3979222,37.79713885
B,-122.4268333,37.74556133
B,-122.381476,37.7309865
B,-122.4473239,37.73069235
B,-122.4221372,37.72927448
B,-122.3796894,37.73806853
B,-122.4099119,37.79379942
B,-122.4281186,37.73693462
B,-122.4825146,37.76394982
B,-122.4262042,37.79292446
B,-122.4235857,37.73335814
B,-122.3895067,37.75057491
B,-122.4784766,37.78292636
B,-122.4447202,37.71441009
B,-122.4066287,37.80648439
B,-122.4153768,37.72967761
B,-122.4908568,37.73677377
B,-122.4567173,37.76455593
B,-122.4084865,37.71243916
B,-122.3975221,37.76294159
B,-122.4348345,37.71303029
B,-122.4409245,37.71949014
B,-122.4258639,37.79958211
B,-122.4234607,37.73083929
B,-122.5061629,37.74856074
B,-122.5014498,37.75812137
B,-122.4237352,37.78346913
B,-122.4219804,37.79705295
B,-122.4578225,37.72577371
B,-122.4038893,37.80491967
B,-122.4070559,37.71246849
B,-122.4106618,37.73814077
B,-122.4965397,37.77995127
B,-122.4823352,37.74088022
B,-122.5083683,37.77520545
B,-122.4311148,37.74369828
B,-122.4811322,37.73906904
B,-122.4272872,37.72462724
B,-122.4437277,37.77954701
B,-122.4021439,37.75709949
B,-122.4053641,37.74739344
B,-122.4806602,37.75280468
B,-122.3911579,37.72844884
B,-122.4108036,37.72042118
B,-122.4725099,37.73106186
B,-122.4297553,37.72227009
B,-122.4368178,37.72374056
B,-122.4304855,37.73716828
B,-122.4509238,37.78107239
B,-122.4427424,37.74914325
B,-122.4128083,37.72876866
B,-122.4722415,37.75068052
B,-122.4544316,37.76383694
B,-122.4534501,37.70933374
B,-122.4595842,37.72758209
B,-122.3867893,37.73225961
B,-122.4513656,37.72098949
B,-122.390508,37.75096257
B,-122.4300976,37.72661959
B,-122.4426506,37.75821747
B,-122.4549327,37.74614775
B,-122.3868525,37.72695579
B,-122.413389,37.73789524
B,-122.5056445,37.77220919
B,-122.4707491,37.72030607
B,-122.4718908,37.76187861
B,-122.5058568,37.74421193
B,-122.4575466,37.74355406
B,-122.4441078,37.71572538
B,-122.4666231,37.7584093
B,-122.4272064,37.72034979
B,-122.3975639,37.73396575
B,-122.432551,37.79650161
B,-122.4616456,37.77441539
B,-122.4748542,37.77735787
B,-122.4235933,37.73267408
B,-122.4622219,37.72922873
B,-122.4643841,37.71383705
B,-122.492668,37.73490298
B,-122.4182251,37.7277961
B,-122.4810726,37.73374539
B,-122.443924,37.75726189
B,-122.4475387,37.77618711
B,-122.5078305,37.76220206
B,-122.4521089,37.7488923
B,-122.484671,37.77441641
B,-122.4328115,37.7230294
B,-122.4180195,37.79276494
B,-122.4449697,37.71280967
B,-122.4056939,37.74903638
B,-122.4981537,37.77754312
B,-122.4275736,37.71841817
B,-122.4291757,37.77991231
B,-122.4730713,37.77868299
B,-122.3878613,37.72374293
B,-122.4636734,37.76228052
B,-122.4409373,37.7841536
B,-122.3897953,37.72263883
B,-122.4662503,37.72033785
B,-122.4047024,37.71341985
B,-122.437133,37.73714682
B,-122.424618,37.73283132
B,-122.3894185,37.72305772
B,-122.5009529,37.73556052
B,-122.4411694,37.78891994
B,-122.4163952,37.7453731
B,-122.4261377,37.73097326
B,-122.5030492,37.73996575
B,-122.4642652,37.74068823
B,-122.4172681,37.7302654
B,-122.4533976,37.73095435
B,-122.4435183,37.71238968
B,-122.4283573,37.7305291
B,-122.4235601,37.73245698
B,-122.4958206,37.73904187
B,-122.4912948,37.73511353
B,-122.4029381,37.75859405
B,-122.4376647,37.74093224
B,-122.4499583,37.75442152
B,-122.4109006,37.79367362
B,-122.4547538,37.71408198
B,-122.3816938,37.73129814
B,-122.4533701,37.76371351
B,-122.4511252,37.73013794
B,-122.4358455,37.75815235
B,-122.4491602,37.78276961
B,-122.4223586,37.80257751
B,-122.4393579,37.74533599
B,-122.4674086,37.74960934
B,-122.4228346,37.74231759
B,-122.4866715,37.76189203
B,-122.4523812,37.75824123
B,-122.5072122,37.75849303
B,-122.4989505,37.77376324
B,-122.5042616,37.76235996
B,-122.4490873,37.76877023
B,-122.4149692,37.7292842
B,-122.443574,37.71369995
B,-122.4796321,37.75347324
B,-122.3971657,37.71959343
B,-122.4971227,37.75768724
B,-122.408264,37.74504377
B,-122.4434266,37.74897344
B,-122.3866427,37.71739522
B,-122.463019,37.7785161
B,-122.4273275,37.73685733
B,-122.4595847,37.73828793
B,-122.4272912,37.75035934
B,-122.4031582,37.71653945
B,-122.4294501,37.79785191
B,-122.4402624,37.77881667
B,-122.47269,37.72682833
B,-122.4710381,37.74699206
B,-122.4764708,37.7848863
B,-122.4721288,37.78571056
B,-122.4443722,37.79911155
B,-122.4315865,37.72033283
B,-122.4029744,37.7405346
B,-122.3979763,37.74492839
B,-122.4175064,37.79160253
B,-122.4276288,37.73082303
B,-122.4052565,37.7633186
B,-122.476663,37.7417557
B,-122.4944,37.73661099
B,-122.4389375,37.78631716
B,-122.4885788,37.74310292
B,-122.4151409,37.80497642
B,-122.4440796,37.78375293
B,-122.4693376,37.75335414
B,-122.421673,37.72556328
B,-122.4016235,37.72381493
B,-122.4230418,37.73807352
B,-122.3895474,37.75100857
B,-122.4153775,37.79966025
B,-122.4180399,37.73920592
B,-122.4226605,37.74929704
B,-122.4918986,37.75978925
B,-122.4830074,37.74022905
B,-122.4320489,37.77173782
B,-122.4384462,37.77969089
B,-122.4416898,37.7652831
B,-122.4185515,37.74671738
B,-122.409087,37.74325639
B,-122.4042702,37.75226653
B,-122.4750621,37.7649109
B,-122.4455601,37.71777946
B,-122.4212072,37.71016084
B,-122.4357084,37.73670148
B,-122.4494402,37.74069793
B,-122.4055416,37.74390965
B,-122.4275704,37.79968331
B,-122.4489496,37.78085627
B,-122.382692,37.7304603
B,-122.3903116,37.73364506
B,-122.3897939,37.78771881
B,-122.4626089,37.72633994
B,-122.4391996,37.71598868
B,-122.4477718,37.74730839
B,-122.4353075,37.73042156
B,-122.422096,37.74072573
B,-122.4874213,37.74190506
B,-122.4249142,37.72869299
B,-122.5034161,37.7605309
B,-122.4521142,37.74997528
B,-122.4862006,37.7500648
B,-122.4149021,37.77638909
B,-122.4320121,37.72264726
B,-122.4244506,37.72551045
B,-122.4826274,37.78082966
B,-122.4114105,37.7449335
B,-122.4807309,37.73846154
B,-122.5036335,37.73807815
B,-122.4674661,37.76024494
B,-122.4379348,37.74189911
B,-122.501092,37.77366514
B,-122.499441,37.76008195
B,-122.5034678,37.75616296
B,-122.391695,37.73536927
B,-122.4055807,37.79986722
B,-122.4420855,37.79060765
B,-122.4278783,37.73738671
B,-122.391562,37.75175386
B,-122.3916066,37.76243934
B,-122.4162784,37.79666155
B,-122.4554488,37.73493933
B,-122.4230075,37.73846245
B,-122.4176535,37.79937353
B,-122.4926002,37.74417424
B,-122.4794577,37.75098643
B,-122.4804899,37.7859463
B,-122.4625984,37.71512526
B,-122.4048694,37.71058787
B,-122.4847106,37.75948142
B,-122.5018302,37.7481282
B,-122.4484856,37.73639104
B,-122.4539036,37.73154758
B,-122.5024742,37.76243901
B,-122.4252677,37.80220754
B,-122.4285417,37.79892349
B,-122.458247,37.72696292
B,-122.5073211,37.78074249
B,-122.4775871,37.78545682
B,-122.4293388,37.78084832
B,-122.5070586,37.77682274
B,-122.4338146,37.73211108
B,-122.4232525,37.72761681
B,-122.4181484,37.73430297
B,-122.4705107,37.77817699
B,-122.4488892,37.77574766
B,-122.4420108,37.73183104
B,-122.4552187,37.71573838
B,-122.3961842,37.75944891
B,-122.4568891,37.73114824
B,-122.3981189,37.75220953
B,-122.4396585,37.78144641
B,-122.4566548,37.73011874
B,-122.4847401,37.74452017
B,-122.4530895,37.72202842
B,-122.4384639,37.7197654
B,-122.4551043,37.74150709
B,-122.4491105,37.70857203
B,-122.4092569,37.74768255
B,-122.4088352,37.73432357
B,-122.4208527,37.79703541
B,-122.4758913,37.74116651
B,-122.4638359,37.72812548
B,-122.4166432,37.77586419
B,-122.418545,37.72416344
B,-122.4836044,37.77949623
B,-122.4502494,37.71192149
B,-122.4597579,37.77804356
B,-122.5075766,37.75348768
B,-122.455715,37.74643565
B,-122.4239091,37.74707565
B,-122.479762,37.75533973
B,-122.4231403,37.74712182
B,-122.4319626,37.71839363
B,-122.437065,37.73795595
B,-122.4610063,37.77549653
B,-122.463077,37.75802527
B,-122.4157122,37.74120435
B,-122.4123285,37.79813127
B,-122.492553,37.73195666
B,-122.4533985,37.73124055
B,-122.4264375,37.75737995
B,-122.4418632,37.72551397
B,-122.4130218,37.73508233
B,-122.5073058,37.75474806
B,-122.4452091,37.76957491
B,-122.4324362,37.73489331
B,-122.4110546,37.73241485
B,-122.41775,37.74592816
B,-122.4296283,37.79038656
B,-122.4356169,37.71547997
B,-122.4679979,37.71548696
B,-122.4750698,37.7599074
B,-122.3979871,37.73863216
B,-122.4506517,37.74883143
B,-122.4652798,37.71338795
B,-122.4703366,37.75637413
B,-122.3964336,37.76172297
B,-122.459472,37.77929559
B,-122.4492068,37.71233347
B,-122.4012152,37.72189834
B,-122.4020852,37.7131622
B,-122.4091157,37.71178138
B,-122.4034145,37.72368712
B,-122.4809505,37.73202953
B,-122.4112808,37.73819404
B,-122.451144,37.73255952
B,-122.4613673,37.73401071
B,-122.3887886,37.71635614
B,-122.408012,37.74069829
B,-122.4587158,37.74114596
B,-122.4329554,37.73547438
B,-122.3981317,37.7353729
B,-122.4503588,37.72906186
B,-122.4439488,37.76574331
B,-122.4698498,37.78394528
B,-122.5055917,37.74047422
B,-122.4297454,37.76039797
B,-122.4992164,37.77250325
B,-122.4120327,37.71139537
B,-122.432849,37.71529127
B,-122.3987167,37.75510657
B,-122.403679,37.71451296
B,-122.4248749,37.79189211
B,-122.4025137,37.76092725
B,-122.4534547,37.7315004
B,-122.4658872,37.71427857
B,-122.4736897,37.72441424
B,-122.4989961,37.75885233
B,-122.4822834,37.74525073
B,-122.4338888,37.74245023
B,-122.4831372,37.74209362
B,-122.3852383,37.73694594
B,-122.400881,37.71903675
B,-122.3824878,37.72762994
B,-122.4303746,37.79964495
B,-122.4652929,37.75471911
B,-122.4265314,37.73413489
B,-122.4807432,37.77459577
B,-122.4368826,37.72144931
B,-122.4565939,37.74336267
B,-122.4081957,37.73082039
B,-122.4187431,37.73465723
B,-122.448215,37.76169638
B,-122.4575467,37.75365855
B,-122.4099611,37.73502661
B,-122.4943493,37.73848459
B,-122.4413641,37.71598501
B,-122.3971759,37.73848861
B,-122.4158667,37.73803453
B,-122.405106,37.71772013
B,-122.4043107,37.75269203
B,-122.4336643,37.79922661
B,-122.3965028,37.73529553
B,-122.4069925,37.74690061
B,-122.4611032,37.78682878
B,-122.4839569,37.77444903
B,-122.4261833,37.72269171
B,-122.4094696,37.74562956
B,-122.4733128,37.73326031
B,-122.4175945,37.74329364
B,-122.4970607,37.74147821
B,-122.5027883,37.76180296
B,-122.3987178,37.75255961
B,-122.4486363,37.75451494
B,-122.4422949,37.80291116
B,-122.414342,37.76213419
B,-122.4862805,37.75629829
B,-122.488277,37.78471221
B,-122.4860116,37.75755371
B,-122.4523323,37.7633899
B,-122.4841552,37.78719639
B,-122.4214006,37.70919288
B,-122.4449869,37.79970018
B,-122.4470577,37.73425041
B,-122.449001,37.76111303
B,-122.4573999,37.74411137
B,-122.3877063,37.73437932
B,-122.4550842,37.74532209
B,-122.3907445,37.718468
B,-122.4566284,37.74198472
B,-122.4201988,37.7281561
B,-122.401264,37.75109
B,-122.4177975,37.80699897
B,-122.4511308,37.73096247
B,-122.4161622,37.73721919
B,-122.4701197,37.74703444
B,-122.4940739,37.74223675
B,-122.4689176,37.78585816
B,-122.4481286,37.70993125
B,-122.4701403,37.71964639
B,-122.4422904,37.76448039
B,-122.4164852,37.73854712
B,-122.4044948,37.73393431
B,-122.503642,37.77417274
B,-122.4946655,37.73784622
B,-122.4168275,37.79381889
B,-122.449486,37.75749803
B,-122.3899092,37.7514237
B,-122.4628221,37.72955087
B,-122.4740202,37.74997865
B,-122.5092047,37.7806544
B,-122.4313606,37.77389912
B,-122.4582611,37.72965276
B,-122.4505187,37.73808387
B,-122.4167195,37.73591391
B,-122.3914446,37.75053469
B,-122.4446691,37.71967273
B,-122.4441862,37.79819256
B,-122.4386301,37.73361612
B,-122.3936851,37.79038011
B,-122.3938271,37.78818556
B,-122.454455,37.76553984
B,-122.4354243,37.77178842
B,-122.4259721,37.72888916
B,-122.442857,37.72032048
B,-122.4472832,37.73206745
B,-122.4255047,37.75341454
B,-122.4039116,37.75186013
B,-122.4500074,37.75117242
B,-122.3943961,37.73321753
B,-122.4227083,37.74172836
B,-122.4042516,37.71773766
B,-122.4584221,37.7857729
B,-122.4401691,37.71884324
B,-122.4605587,37.72364184
B,-122.4198446,37.74138347
B,-122.5005199,37.75503205
B,-122.4727518,37.78443587
B,-122.4944676,37.73017267
B,-122.3870711,37.74031364
B,-122.4415289,37.79067965
B,-122.4230136,37.80217543
B,-122.4141623,37.73631754
B,-122.4161731,37.80051308
B,-122.4736839,37.76059329
B,-122.4454588,37.78062669
B,-122.4647225,37.78723563
B,-122.4348657,37.78014348
B,-122.4367,37.78086712
B,-122.4927981,37.77778629
B,-122.4922023,37.7641492
B,-122.4495981,37.7290653
B,-122.423585,37.79386157
B,-122.4437434,37.7525917
B,-122.4963272,37.77700282
B,-122.4044172,37.72608348
B,-122.4358042,37.74609449
B,-122.4312988,37.72953162
B,-122.5082328,37.77333775
B,-122.4500689,37.76396134
B,-122.4559181,37.73224561
B,-122.4379883,37.7617296
B,-122.4605766,37.7745225
B,-122.4608692,37.76317177
B,-122.4043708,37.72162759
B,-122.4873779,37.74128236
B,-122.3887825,37.74573469
B,-122.4126746,37.73896351
B,-122.5068998,37.75913009
B,-122.4042072,37.71694817
B,-122.4336616,37.7470239
B,-122.4313139,37.73085831
B,-122.3988341,37.75632359
B,-122.395385,37.76092994
B,-122.4495819,37.74122431
B,-122.4581274,37.72528261
B,-122.4832443,37.73511828
B,-122.4073777,37.72619567
B,-122.3903672,37.74502251
B,-122.4339724,37.77292613
B,-122.4398621,37.79652733
B,-122.4397451,37.73381497
B,-122.3954679,37.79088313
B,-122.4014213,37.71622794
B,-122.4623031,37.73098327
B,-122.4961066,37.75337037
B,-122.4389253,37.78089881
B,-122.4104723,37.74766817
B,-122.4698192,37.71728611
B,-122.4410096,37.77966982
B,-122.4286507,37.79667834
B,-122.4981342,37.74143004
B,-122.394346,37.72175714
B,-122.4438695,37.73455587
B,-122.4326345,37.7358449
B,-122.3975614,37.76336582
B,-122.4324121,37.80417048
B,-122.4044144,37.74770586
B,-122.4089659,37.73861622
B,-122.4854108,37.74386649
B,-122.3831396,37.73216889
B,-122.4022877,37.72909577
B,-122.4451444,37.77501055
B,-122.4856104,37.77749172
B,-122.453821,37.76213786
B,-122.4750177,37.76428136
B,-122.4656089,37.7161121
B,-122.4305486,37.72940289
B,-122.4319327,37.73085293
B,-122.4543946,37.7182344
B,-122.4082044,37.72110375
B,-122.4490406,37.73657008
B,-122.441588,37.7156894
B,-122.4349817,37.73717523
B,-122.4490386,37.75520909
B,-122.400523,37.71957366
B,-122.4003769,37.73302088
B,-122.451601,37.76813238
B,-122.4485445,37.75755009
B,-122.42614,37.7953826
B,-122.4626068,37.71596515
B,-122.447174,37.71393209
B,-122.3879115,37.72787171
B,-122.3947764,37.79033134
B,-122.4129013,37.73101168
B,-122.4395539,37.7219868
B,-122.4449492,37.70880544
B,-122.4192871,37.80298619
B,-122.4425236,37.78995131
B,-122.4021499,37.76052168
B,-122.4695717,37.74706131
B,-122.4039953,37.73856707
B,-122.4236562,37.73311075
B,-122.4456421,37.76045349
B,-122.4182282,37.7459597
B,-122.4993972,37.75945933
B,-122.4139369,37.73122855
B,-122.4336113,37.72341169
B,-122.4581294,37.7255079
B,-122.393593,37.71946373
B,-122.4244172,37.73437091
B,-122.4643285,37.70932717
B,-122.4384801,37.72535879
B,-122.4569041,37.77765777
B,-122.3974418,37.76209103
B,-122.4725514,37.78506229
B,-122.4110206,37.8040278
B,-122.3977453,37.73785804
B,-122.3946446,37.78743425
B,-122.4520808,37.71128158
B,-122.4605492,37.70868495
B,-122.4599192,37.76494018
B,-122.3730604,37.7286119
B,-122.4224623,37.74087462
B,-122.4469992,37.71925949
B,-122.5003907,37.75318117
B,-122.4717828,37.77438632
B,-122.5056354,37.7410932
B,-122.4175282,37.73426938
B,-122.4239771,37.73214644
B,-122.4074642,37.71408966
B,-122.4415972,37.75678926
B,-122.4153775,37.79219892
B,-122.4701579,37.75776225
B,-122.4197786,37.74359587
B,-122.3721667,37.72795184
B,-122.4280769,37.72641587
B,-122.4466076,37.76845241
B,-122.4145001,37.71447857
B,-122.4487619,37.73884636
B,-122.4987797,37.73515085
B,-122.3887217,37.72801663
B,-122.4541784,37.78019448
B,-122.5066919,37.75103164
B,-122.4378537,37.78934675
B,-122.4689219,37.71729169
B,-122.4329736,37.73510899
B,-122.4941855,37.73974472
B,-122.4627966,37.75997063
B,-122.4468379,37.73769858
B,-122.4306644,37.72059992
B,-122.4668053,37.71610554
B,-122.4170751,37.79944702
B,-122.4366343,37.73237685
B,-122.4727113,37.73092632
B,-122.4157295,37.79673115
B,-122.4532454,37.74326162
B,-122.4005316,37.75376251
B,-122.4771762,37.75981345
B,-122.4288389,37.79761042
B,-122.4413504,37.78979871
B,-122.382486,37.7518439
B,-122.4282705,37.79479576
B,-122.4955318,37.78087778
B,-122.5049861,37.77787506
B,-122.4620623,37.74119737
B,-122.4397437,37.73360606
B,-122.4864565,37.75878098
B,-122.4378326,37.78645765
B,-122.4280299,37.78522694
B,-122.4052805,37.75947973
B,-122.4589916,37.71119372
B,-122.4520139,37.71550965
B,-122.4967557,37.73713015
B,-122.4606048,37.70989233
B,-122.4341765,37.75235455
B,-122.4595082,37.77462954
B,-122.4351643,37.71992288
B,-122.4388737,37.71455294
B,-122.4307509,37.80151084
B,-122.4674331,37.75463621
B,-122.4432054,37.75609984
B,-122.4159221,37.73049087
B,-122.4207946,37.74646153
B,-122.4365408,37.73585
B,-122.5073684,37.77617759
B,-122.4052312,37.72454271
B,-122.4655293,37.72849663
B,-122.4172548,37.79035071
B,-122.4440006,37.79727507
B,-122.4284396,37.74680355
B,-122.4706937,37.75076471
B,-122.3971602,37.76253684
B,-122.4865852,37.76064858
B,-122.4058077,37.71978078
B,-122.4598992,37.72698644
B,-122.5017495,37.74189006
B,-122.404252,37.72923191
B,-122.4555884,37.72858066
B,-122.4282097,37.74440404
B,-122.4945762,37.74534037
B,-122.4483328,37.7323248
B,-122.3979758,37.73339453
B,-122.4585179,37.77654102
B,-122.4710439,37.75530924
B,-122.4772353,37.73263369
B,-122.4285704,37.72382959
B,-122.4195341,37.72479122
B,-122.5040899,37.77540118
B,-122.4425157,37.79840421
B,-122.4824984,37.7839917
B,-122.4145752,37.73099597
B,-122.4312673,37.79571015
B,-122.4479925,37.77528477
B,-122.4680113,37.71669826
B,-122.4023924,37.76307492
B,-122.4179468,37.73800727
B,-122.4337072,37.70910639
B,-122.4208308,37.73206596
B,-122.3985557,37.72245449
B,-122.4918627,37.73859471
B,-122.4980626,37.7557717
B,-122.4973973,37.7769541
B,-122.4588976,37.77742942
B,-122.4409774,37.72761305
B,-122.4178062,37.73892641
B,-122.4626576,37.72056271
B,-122.4037555,37.72537099
B,-122.4453315,37.77594105
B,-122.4029772,37.71515903
B,-122.4234528,37.74308368
B,-122.4690244,37.76200448
B,-122.3746765,37.73422131
B,-122.3964742,37.76214939
B,-122.439055,37.7267921
B,-122.4739977,37.75995533
B,-122.451592,37.74985588
B,-122.4572978,37.74078204
B,-122.4470071,37.76903548
B,-122.4163009,37.73903788
B,-122.4442847,37.73121546
B,-122.3860433,37.72681139
B,-122.4110417,37.73495489
B,-122.501715,37.7618504
B,-122.5058725,37.75979876
B,-122.4287123,37.75719871
B,-122.4381743,37.71642005
B,-122.4412638,37.78091738
B,-122.4902635,37.78239302
B,-122.4913639,37.73113521
B,-122.4348393,37.73722431
B,-122.4368746,37.79563447
B,-122.5083161,37.75844471
B,-122.4431057,37.7141374
B,-122.4963931,37.74213233
B,-122.4540559,37.7416358
B,-122.4690763,37.7576781
B,-122.5059892,37.74607364
B,-122.4286287,37.7280926
B,-122.4087539,37.80478917
B,-122.4186434,37.80561697
B,-122.4207116,37.80471144
B,-122.4718236,37.75007542
B,-122.389507,37.71668919
B,-122.4172484,37.73490625
B,-122.4415979,37.75362859
B,-122.4067089,37.72459233
B,-122.4710059,37.75684986
B,-122.4869201,37.78566105
B,-122.4123165,37.72934049
B,-122.453424,37.72184934
B,-122.4440033,37.75463361
B,-122.4284883,37.7330978
B,-122.4314891,37.74769546
B,-122.4167932,37.71012089
B,-122.4337065,37.7199316
B,-122.4898849,37.7617504
B,-122.4029351,37.72647108
B,-122.5068123,37.75788634
B,-122.4355336,37.75477442
B,-122.440853,37.79016288
B,-122.4103183,37.72188346
B,-122.461505,37.73188086
B,-122.4635001,37.7294126
B,-122.4232309,37.74792257
B,-122.4441668,37.73932136
B,-122.4090903,37.73136659
B,-122.4496795,37.71095737
B,-122.4966284,37.76083066
B,-122.4643229,37.78668363
B,-122.4530473,37.74182207
B,-122.4488343,37.72859429
B,-122.4290552,37.73196394
B,-122.4131166,37.79490165
B,-122.5019855,37.76059411
B,-122.4253933,37.7309113
B,-122.4229429,37.7292417
B,-122.4172365,37.72805452
B,-122.472603,37.73319165
B,-122.4060067,37.76031334
B,-122.4420404,37.75081112
B,-122.4550411,37.7446197
B,-122.4176256,37.7921958
B,-122.4449864,37.74812413
B,-122.4432579,37.71374808
B,-122.4541231,37.73299917
B,-122.4625466,37.71012422
B,-122.4295908,37.73048958
B,-122.4147556,37.73888881
B,-122.4644304,37.70948046
B,-122.5029474,37.74870322
B,-122.4404488,37.77974615
B,-122.4587619,37.77997058
B,-122.4342021,37.75262094
B,-122.4498445,37.73791709
B,-122.4438491,37.71877199
B,-122.4056012,37.75946084
B,-122.5026642,37.75494006
B,-122.4969297,37.73961469
B,-122.4044175,37.72697012
B,-122.4288017,37.73473782
B,-122.4033147,37.75232371
B,-122.4297345,37.7459185
B,-122.4074408,37.72372399
B,-122.4283496,37.72853772
B,-122.4158503,37.73946633
B,-122.4367646,37.79787758
B,-122.4400256,37.75601184
B,-122.3686251,37.73456654
B,-122.504565,37.74114129
B,-122.4711023,37.74512173
B,-122.4075352,37.80308093
B,-122.4702537,37.78455281
B,-122.3951045,37.76137409
B,-122.4492572,37.78451998
B,-122.4466725,37.78912658
B,-122.3846013,37.72945959
B,-122.384724,37.72514486
B,-122.4244984,37.77525136
B,-122.4951667,37.75528061
B,-122.4373101,37.78110637
B,-122.427716,37.74044684
B,-122.4756031,37.75240479
B,-122.4396294,37.73885489
B,-122.4490173,37.72159536
B,-122.4053601,37.75348441
B,-122.4343051,37.73966573
B,-122.4384935,37.73308462
B,-122.4297322,37.79368054
B,-122.4324877,37.77949046
B,-122.4083961,37.71560505
B,-122.4409667,37.75412321
B,-122.4422572,37.79148518
B,-122.4024133,37.71863156
B,-122.4030773,37.76346075
B,-122.4727343,37.76312778
B,-122.4320415,37.76106212
B,-122.4608911,37.72182855
B,-122.4564135,37.7289013
B,-122.4361521,37.78093632
B,-122.4362477,37.70949708
B,-122.4151904,37.79127259
B,-122.498283,37.77441817
B,-122.4819098,37.73309086
B,-122.4845277,37.76198647
B,-122.4181469,37.74489159
B,-122.4664128,37.75031381
B,-122.4836295,37.764529
B,-122.4172833,37.74129872
B,-122.4199399,37.79251937
B,-122.4554491,37.72376563
B,-122.4119073,37.80566669
B,-122.4404005,37.72442585
B,-122.4581781,37.72387366
B,-122.405663,37.73602138
B,-122.4274616,37.80192882
B,-122.4810921,37.75901744
B,-122.487095,37.78316091
B,-122.4687826,37.7839937
B,-122.4306071,37.77877413
B,-122.4030526,37.74687828
B,-122.433759,37.79969418
B,-122.4293382,37.80008114
B,-122.4698039,37.78332165
B,-122.4390813,37.7982193
B,-122.4701317,37.75419148
B,-122.4409181,37.7345757
B,-122.4892214,37.75741218
B,-122.5060576,37.77782632
B,-122.4304568,37.73264742
B,-122.4726977,37.74131157
B,-122.4300251,37.73138094
B,-122.4323421,37.75863094
B,-122.4532931,37.74208901
B,-122.4595835,37.76526868
B,-122.4217365,37.80418957
B,-122.4478135,37.73530637
B,-122.399176,37.73678345
B,-122.4407762,37.71129646
B,-122.3862896,37.72339792
B,-122.4467606,37.71846069
B,-122.4702821,37.75953904
B,-122.3995295,37.75403772
B,-122.4601692,37.78375589
B,-122.4840903,37.78618661
B,-122.5059851,37.73703379
B,-122.4050618,37.71098832
B,-122.4443064,37.73283687
B,-122.4336302,37.75828386
B,-122.4354832,37.71237097
B,-122.43181,37.74660332
B,-122.4081859,37.74124413
B,-122.4646219,37.75537308
B,-122.4527624,37.72211851
B,-122.4609075,37.76371986
B,-122.5039486,37.76300289
B,-122.4428956,37.71945838
B,-122.4280066,37.75004886
B,-122.3886543,37.73332512
B,-122.4581541,37.7303162
B,-122.3921788,37.72714157
B,-122.4329883,37.76313997
B,-122.4623757,37.76420521
B,-122.4007314,37.71371351
B,-122.4269049,37.74636078
B,-122.4993522,37.77436925
B,-122.4542707,37.74505443
B,-122.407389,37.73062818
B,-122.5043648,37.75362984
B,-122.4077569,37.71341284
B,-122.4701992,37.75638028
B,-122.4586096,37.70966545
B,-122.414543,37.8019957
B,-122.4178152,37.70908633
B,-122.4371515,37.70919145
B,-122.4440972,37.78661709
B,-122.4081524,37.71090945
B,-122.4284612,37.79574003
B,-122.432387,37.76264758
B,-122.4045714,37.71232071
B,-122.5003367,37.75754643
B,-122.4311723,37.80080867
B,-122.4701144,37.75714007
B,-122.4379795,37.73756964
B,-122.4346622,37.72484302
B,-122.4024244,37.72483148
B,-122.4552852,37.78742686
B,-122.4817261,37.77829134
B,-122.3855047,37.71799674
B,-122.4052451,37.72897128
B,-122.4844037,37.77567639
B,-122.4420303,37.7151625
B,-122.4426271,37.73454764
B,-122.392952,37.73482591
B,-122.4709947,37.73826702
B,-122.4728201,37.75777944
B,-122.4975264,37.77382846
B,-122.4441672,37.75986393
B,-122.4368536,37.71720466
B,-122.4236004,37.79114672
B,-122.4778538,37.78420244
B,-122.4832367,37.75892294
B,-122.4298982,37.75422106
B,-122.4327652,37.72733862
B,-122.4711771,37.76199247
B,-122.4191795,37.79991949
B,-122.4324803,37.75745087
B,-122.3966225,37.7192913
B,-122.4505055,37.7121267
B,-122.4667276,37.7853292
B,-122.4409253,37.71255216
B,-122.4947518,37.73908878
B,-122.4418798,37.74920332
B,-122.4819823,37.76147617
B,-122.4042843,37.76253184
B,-122.4771994,37.73924193
B,-122.440642,37.78068132
B,-122.41178,37.735017
B,-122.4027543,37.80314173
B,-122.431941,37.79626077
B,-122.4782695,37.73161157
B,-122.4478331,37.76204183
B,-122.3808773,37.73157986
B,-122.4397418,37.73330055
B,-122.4332731,37.7123119
B,-122.403071,37.75015433
B,-122.4146427,37.79134265
B,-122.4664972,37.74123891
B,-122.4261164,37.74614239
B,-122.5063676,37.75665755
B,-122.4695539,37.76452089
B,-122.4689358,37.71906675
B,-122.442759,37.76040982
B,-122.4975671,37.75891476
B,-122.4141116,37.72399316
B,-122.4649882,37.71428547
B,-122.4144171,37.80137582
B,-122.4318397,37.71903975
B,-122.3923485,37.71875739
B,-122.4948504,37.73185565
B,-122.4477804,37.74218763
B,-122.4294964,37.72214613
B,-122.4865463,37.77557815
B,-122.442268,37.71399365
B,-122.4328947,37.71140464
B,-122.4462076,37.77455531
B,-122.4202697,37.71000006
B,-122.3815524,37.72552321
B,-122.4060951,37.76456324
B,-122.4641287,37.71792226
B,-122.4100925,37.79663129
B,-122.4376083,37.77692276
B,-122.4202986,37.74493465
B,-122.4018351,37.7288382
B,-122.4599533,37.74386439
B,-122.4153751,37.71173778
B,-122.473552,37.75725516
B,-122.4562113,37.73374684
B,-122.4128552,37.73918275
B,-122.4610069,37.78051452
B,-122.4089419,37.70992872
B,-122.4471212,37.71603475
B,-122.45198,37.76999748
B,-122.4059978,37.73313404
B,-122.4154366,37.74500555
B,-122.4445165,37.71424684
B,-122.4155063,37.73521299
B,-122.3912167,37.72942939
B,-122.4255316,37.73825483
B,-122.3809143,37.75242613
B,-122.4896211,37.77356587
B,-122.4066695,37.74549229
B,-122.4479291,37.77497413
B,-122.4762633,37.76168646
B,-122.4483165,37.775562
B,-122.4128084,37.73744566
B,-122.4420561,37.7107303
B,-122.4126431,37.72836853
B,-122.4405599,37.75411873
B,-122.4672243,37.75135183
B,-122.4673831,37.71426707
B,-122.4188073,37.70899878
B,-122.4401546,37.75820681
B,-122.494532,37.74470852
B,-122.4604271,37.77739295
B,-122.467039,37.78469602
B,-122.4692327,37.74450216
B,-122.450184,37.75125381
B,-122.4385088,37.72594972
B,-122.4563976,37.77516985
B,-122.4342742,37.7278362
B,-122.4545958,37.73302284
B,-122.4088273,37.74328397
B,-122.4703661,37.76074071
B,-122.4191124,37.74528394
B,-122.4860289,37.78320996
B,-122.4461978,37.73735183
B,-122.4511393,37.73205233
B,-122.4327455,37.73584003
B,-122.5092629,37.77768046
B,-122.4849406,37.77814571
B,-122.4329623,37.8041001
B,-122.4739825,37.75812795
B,-122.4419386,37.78106673
B,-122.395463,37.73561872
B,-122.4769584,37.73111109
B,-122.4410059,37.72868088
B,-122.4126993,37.79616215
B,-122.4855653,37.77687012
B,-122.4412576,37.73309799
B,-122.404807,37.76464102
B,-122.4210858,37.72993822
B,-122.4591962,37.72304361
B,-122.5085044,37.77707246
B,-122.3810548,37.75404952
B,-122.4343946,37.73014198
B,-122.4049436,37.74780604
B,-122.422975,37.73916429
B,-122.4109928,37.73222747
B,-122.5008019,37.74879825
B,-122.4704156,37.71115815
B,-122.4723089,37.75941849
B,-122.466013,37.74098906
B,-122.4029219,37.7251448
B,-122.4681107,37.78464885
B,-122.4309576,37.7420857
B,-122.4052837,37.74816076
B,-122.4511069,37.72858859
B,-122.4933396,37.78033044
B,-122.4501539,37.7686342
B,-122.4949073,37.75154851
B,-122.4420735,37.78496233
B,-122.4174251,37.73837513
B,-122.4537039,37.78469535
B,-122.4126041,37.80074745
B,-122.4158449,37.79173526
B,-122.3898246,37.73620841
B,-122.4279772,37.79612891
B,-122.4363804,37.7559858
B,-122.4472521,37.73969945
B,-122.4916353,37.73530291
B,-122.4428776,37.7143504
B,-122.4852078,37.75634563
B,-122.4747559,37.76054564
B,-122.4212284,37.72888955
B,-122.4158455,37.73602076
B,-122.48509,37.73228596
B,-122.4520121,37.71868255
B,-122.4627062,37.77915076
B,-122.4612276,37.72122299
B,-122.4307999,37.72136586
B,-122.4610693,37.73154325
B,-122.4728351,37.72299888
B,-122.4418732,37.76102509
B,-122.4645488,37.7302867
B,-122.4710361,37.71123478
B,-122.4692926,37.71233404
B,-122.4925015,37.74791582
B,-122.4389807,37.72176089
B,-122.4400093,37.72074966
B,-122.4147333,37.72633664
B,-122.4332961,37.73047551
B,-122.398043,37.78779007
B,-122.4659257,37.71791033
B,-122.4688431,37.71337842
B,-122.436522,37.72701482
B,-122.3959338,37.72770345
B,-122.4986039,37.7532601
B,-122.4442853,37.73082489
B,-122.4368863,37.76554892
B,-122.4446905,37.75295905
B,-122.3896679,37.74083866
B,-122.4599137,37.74440881
B,-122.4810119,37.77832368
B,-122.4871978,37.73299672
B,-122.5053078,37.75171272
B,-122.4102361,37.80571415
B,-122.410403,37.79403852
B,-122.4858874,37.78132515
B,-122.4581481,37.72987837
B,-122.4614087,37.71488829
B,-122.5060321,37.74669468
B,-122.4512195,37.7825395
B,-122.4710903,37.75315628
B,-122.4425135,37.75642255
B,-122.4661698,37.71281825
B,-122.4819918,37.7564875
B,-122.4373445,37.76782792
B,-122.4201716,37.73553343
B,-122.4406041,37.78610515
B,-122.4278893,37.77911846
B,-122.411697,37.7304845
B,-122.4103019,37.71293448
B,-122.4513862,37.78761943
B,-122.4081473,37.72016246
B,-122.4084978,37.74126064
B,-122.41223,37.79622119
B,-122.4951419,37.73198436
B,-122.4332102,37.71044787
B,-122.4252704,37.72943061
B,-122.4373454,37.79796304
B,-122.4590162,37.71346267
B,-122.4266458,37.71868441
B,-122.4644215,37.71732103
B,-122.4469957,37.75896887
B,-122.4752212,37.75179762
B,-122.5024367,37.77734847
B,-122.496627,37.73527638
B,-122.4175798,37.8047073
B,-122.4612516,37.73297818
B,-122.5075206,37.77337042
B,-122.3735366,37.72820282
B,-122.4779665,37.76040338
B,-122.426683,37.74050964
B,-122.3942557,37.76271215
B,-122.4425232,37.75959579
B,-122.4619125,37.7218251
B,-122.4837166,37.73367569
B,-122.5062621,37.78062487
B,-122.4611008,37.74245431
B,-122.4000659,37.79775207
B,-122.4455467,37.78117039
B,-122.5016309,37.77613767
B,-122.4089875,37.7412865
B,-122.4735581,37.75600338
B,-122.4716336,37.71904835
B,-122.4185539,37.73713205
B,-122.4568587,37.73108092
B,-122.3879794,37.725704
B,-122.4156471,37.70890582
B,-122.4995333,37.77685689
B,-122.4124468,37.80830969
B,-122.4636403,37.70894472
B,-122.4324978,37.75808388
B,-122.4653232,37.71731413
B,-122.414549,37.72476045
B,-122.4671085,37.70893878
B,-122.3964294,37.79646283
B,-122.4781258,37.7473031
B,-122.4538397,37.71636048
B,-122.4397743,37.75899155
B,-122.4554803,37.73142167
B,-122.4086773,37.72142394
B,-122.440838,37.76345295
B,-122.421675,37.72645039
B,-122.5007304,37.76314607
B,-122.4843097,37.75887564
B,-122.4625692,37.7123529
B,-122.3974082,37.74555444
B,-122.4630341,37.74050387
B,-122.4292835,37.74782646
B,-122.4791863,37.73207515
B,-122.4024131,37.71687717
B,-122.4471037,37.76175914
B,-122.4550862,37.73246567
B,-122.4331006,37.72598885
B,-122.4165009,37.72955969
B,-122.4079005,37.74234243
B,-122.5005466,37.74007639
B,-122.42358,37.71028805
B,-122.4722176,37.74465014
B,-122.474629,37.77425083
B,-122.4050298,37.719433
B,-122.4290138,37.73243008
B,-122.3917805,37.72880239
B,-122.4716138,37.75544152
B,-122.4230581,37.72968988
B,-122.4352844,37.7086525
B,-122.4991274,37.76072034
B,-122.4407881,37.75276294
B,-122.4602053,37.77926276
B,-122.4368268,37.75702249
B,-122.4816204,37.74091198
B,-122.4573383,37.72711163
B,-122.4486691,37.72154779
B,-122.4147154,37.73477967
B,-122.4630467,37.76355318
B,-122.4561166,37.77552205
B,-122.465682,37.76032321
B,-122.4359171,37.79925968
B,-122.4404956,37.73236044
B,-122.4212016,37.79597776
B,-122.4309613,37.7914187
B,-122.4379498,37.7147171
B,-122.4631681,37.70852686
B,-122.5052969,37.7772184
B,-122.4560032,37.72987639
B,-122.4332277,37.71109902
B,-122.4107317,37.71043092
B,-122.4896951,37.74367797
B,-122.4444633,37.7514748
B,-122.4709125,37.77878058
B,-122.4876913,37.74064392
B,-122.4280929,37.71724835
B,-122.4785844,37.73855574
B,-122.4919022,37.77533407
B,-122.4269306,37.74662671
B,-122.4369251,37.75808637
B,-122.4233925,37.72795338
B,-122.4963571,37.73652304
B,-122.4459722,37.80148342
B,-122.4003555,37.7522682
B,-122.4026218,37.74936758
B,-122.4236043,37.72505749
B,-122.4312246,37.76030881
B,-122.418292,37.79273
B,-122.4561913,37.72758282
B,-122.4768367,37.73925764
B,-122.4738707,37.77928989
B,-122.4387169,37.7793408
B,-122.4111009,37.71113466
B,-122.445208,37.7130009
B,-122.392828,37.73601303
B,-122.4465553,37.72961883
B,-122.4946783,37.74470161
B,-122.4305974,37.73590928
B,-122.4913327,37.78234394
B,-122.473977,37.74935706
B,-122.4402416,37.71273699
B,-122.4853819,37.75882837
B,-122.4428769,37.76181963
B,-122.395467,37.76178119
B,-122.4520896,37.71986431
B,-122.4965625,37.73435531
B,-122.4642575,37.7547592
B,-122.4086321,37.73150654
B,-122.4512727,37.73942069
B,-122.4991632,37.74076068
B,-122.4650465,37.71968383
B,-122.4363882,37.79601522
B,-122.4648766,37.73004981
B,-122.4181122,37.79739927
B,-122.3970053,37.79664205
B,-122.4331366,37.73081096
B,-122.3886453,37.78821772
B,-122.4669845,37.77397109
B,-122.4262714,37.74210823
B,-122.4710551,37.75489375
B,-122.44582,37.73233617
B,-122.457655,37.73554195
B,-122.4787192,37.74041902
B,-122.4793158,37.77466092
B,-122.5076612,37.75098751
B,-122.4102086,37.79647234
B,-122.4137215,37.79512417
B,-122.488123,37.73359664
B,-122.4237161,37.74923818
B,-122.4450943,37.78362353
B,-122.4472701,37.71866078
B,-122.4544488,37.73081746
B,-122.4502674,37.78554799
B,-122.4463741,37.73546883
B,-122.4538342,37.72983089
B,-122.4125915,37.79718351
B,-122.3874752,37.7273092
B,-122.4497065,37.71890936
B,-122.392055,37.7602629
B,-122.4431109,37.75583983
B,-122.4142063,37.80171897
B,-122.5015383,37.75936542
B,-122.454955,37.7098723
B,-122.4361875,37.78666706
B,-122.5040261,37.74367043
B,-122.4667621,37.75528594
B,-122.4759375,37.78241917
B,-122.4267587,37.74129188
B,-122.4250568,37.79001763
B,-122.4587944,37.78572537
B,-122.4274149,37.72539312
B,-122.4041932,37.71407321
B,-122.4967346,37.75209424
B,-122.4495538,37.7467296
B,-122.4449882,37.79378664
B,-122.5023433,37.7605783
B,-122.466154,37.71193365
B,-122.416588,37.73738424
B,-122.4324749,37.71722838
B,-122.4437829,37.71132816
B,-122.4790589,37.78601118
B,-122.4266917,37.73217093
B,-122.4735852,37.74376224
B,-122.4366656,37.77227124
B,-122.4051453,37.79998349
B,-122.482801,37.75271029
B,-122.4180412,37.79426907
B,-122.3922257,37.7183724
B,-122.442251,37.75938534
B,-122.4812757,37.73245428
B,-122.4065697,37.73412505
B,-122.391325,37.79174865
B,-122.4198015,37.79464464
B,-122.4125769,37.79345934
B,-122.4685548,37.7540016
B,-122.4542646,37.77897283
B,-122.4119186,37.73579373
B,-122.4945478,37.74283528
B,-122.4743088,37.73873571
B,-122.4453919,37.70962513
B,-122.418842,37.7926595
B,-122.4741613,37.7468543
B,-122.403382,37.72188502
B,-122.3955575,37.73819329
B,-122.43526,37.73473321
B,-122.4592243,37.74425272
B,-122.4212224,37.79050494
B,-122.4639298,37.74146495
B,-122.489636,37.78366849
B,-122.3725258,37.72829656
B,-122.4753005,37.77858217
B,-122.4889555,37.77924706
B,-122.4121893,37.73741067
B,-122.3948896,37.74189083
B,-122.4456623,37.73475411
B,-122.4367399,37.76725424
B,-122.472121,37.7382169
B,-122.4626642,37.72112552
B,-122.4039884,37.71426548
B,-122.429669,37.75959827
B,-122.478151,37.7578999
B,-122.445071,37.70903086
B,-122.4626251,37.7177142
B,-122.3950578,37.72938469
B,-122.4414562,37.73440739
B,-122.4719521,37.75194129
B,-122.4119683,37.7962541
B,-122.4684313,37.74839696
B,-122.4098452,37.72688018
B,-122.4654181,37.77716512
B,-122.4542374,37.75634527
B,-122.4500626,37.7181869
B,-122.4091819,37.72528026
B,-122.3887181,37.75251342
B,-122.4212023,37.73123009
B,-122.4769798,37.73330261
B,-122.3972778,37.7603885
B,-122.4370418,37.77412946
B,-122.4097659,37.73889483
B,-122.5079682,37.75908316
B,-122.4588027,37.73377924
B,-122.4065889,37.80267087
B,-122.4666317,37.75342068
B,-122.3941617,37.7188405
B,-122.4048042,37.75783134
B,-122.4614515,37.71573927
B,-122.4355276,37.71011495
B,-122.4954342,37.76421787
B,-122.3976895,37.75109178
B,-122.3882853,37.75151745
B,-122.4290023,37.72615091
B,-122.4102836,37.76908479
B,-122.3823007,37.7278388
B,-122.3961696,37.71872087
B,-122.4458361,37.79799806
B,-122.4635594,37.74208697
B,-122.3927817,37.71931863
B,-122.473324,37.74003606
B,-122.4124241,37.73020817
B,-122.4122021,37.79723208
B,-122.4208416,37.79421015
B,-122.443579,37.80083362
B,-122.4398407,37.78237623
B,-122.4283626,37.74600236
B,-122.3953433,37.74689202
B,-122.4599049,37.73535392
B,-122.4085183,37.79211674
B,-122.4087069,37.76796246
B,-122.4842824,37.78391076
B,-122.4184713,37.79360773
B,-122.4004581,37.75295505
B,-122.4695397,37.78458495
B,-122.4684601,37.77953502
B,-122.4926706,37.7759231
B,-122.5034937,37.74118942
B,-122.4714627,37.75719824
B,-122.4148528,37.7415671
B,-122.4352569,37.73565203
B,-122.4120144,37.79781714
B,-122.4870514,37.78254029
B,-122.4122167,37.79048623
B,-122.431814,37.7789389
B,-122.4951943,37.74031285
B,-122.4615714,37.72182626
B,-122.5033748,37.77543388
B,-122.4844779,37.74078557
B,-122.4276209,37.7460486
B,-122.4044394,37.78345789
B,-122.4309286,37.72072584
B,-122.4995719,37.7619451
B,-122.4238011,37.74386898
B,-122.4621012,37.74275371
B,-122.4596443,37.72557549
B,-122.4928687,37.74291403
B,-122.4350589,37.74558711
B,-122.4407722,37.72010493
B,-122.4311413,37.74396975
B,-122.4016691,37.75199494
B,-122.4917575,37.76291238
B,-122.4347078,37.72723548
B,-122.4306462,37.76203482
B,-122.4387661,37.73782093
B,-122.4453255,37.78711525
B,-122.4055707,37.74328165
B,-122.4390349,37.7575582
B,-122.436776,37.72333065
B,-122.4507617,37.75951458
B,-122.4782555,37.74916845
B,-122.441269,37.72685245
B,-122.4641818,37.76443888
B,-122.398513,37.75296019
B,-122.4388889,37.71312805
B,-122.4402352,37.72083983
B,-122.4212259,37.79889748
B,-122.4277146,37.71919389
B,-122.4797092,37.73114123
B,-122.420227,37.80508422
B,-122.4562986,37.73503155
B,-122.4751729,37.78181047
B,-122.4204204,37.80602902
B,-122.4224915,37.73516808
B,-122.4186004,37.70945807
B,-122.4638551,37.73016099
B,-122.4581652,37.75447113
B,-122.4816565,37.7465235
B,-122.4413993,37.7844125
B,-122.445892,37.70967258
B,-122.4254517,37.72657602
B,-122.4827926,37.75769554
B,-122.4354335,37.7351275
B,-122.4006352,37.72941652
B,-122.4881493,37.75745946
B,-122.4391505,37.73539618
B,-122.451734,37.73625523
B,-122.457265,37.77633883
B,-122.4695218,37.75133136
B,-122.410801,37.79459261
B,-122.4800675,37.73205224
B,-122.4794507,37.77652617
B,-122.4034386,37.76386722
B,-122.3988475,37.75986614
B,-122.5039904,37.73806251
B,-122.4086967,37.72762404
B,-122.4800626,37.73911613
B,-122.4134944,37.73135646
B,-122.4580221,37.71317544
B,-122.4643404,37.70979058
B,-122.4124334,37.73700741
B,-122.458213,37.73456933
B,-122.4422072,37.75916042
B,-122.4403958,37.78230581
B,-122.4301826,37.72989409
B,-122.4620403,37.76453319
B,-122.4840981,37.7349847
B,-122.423994,37.74787752
B,-122.4318102,37.758663
B,-122.4090553,37.71116136
B,-122.4926993,37.76100401
B,-122.4457334,37.73676547
B,-122.4447263,37.71692108
B,-122.4183091,37.7458453
B,-122.4061296,37.76157804
B,-122.4270886,37.73662888
B,-122.4683879,37.74777208
B,-122.4955588,37.76087787
B,-122.4419193,37.75430273
B,-122.4239673,37.73836038
B,-122.4136243,37.74788998
B,-122.4113103,37.74035042
B,-122.3989,37.76725898
B,-122.4701797,37.74266383
B,-122.4497455,37.71939641
B,-122.4727705,37.75899024
B,-122.5031644,37.75180911
B,-122.4662361,37.71908595
B,-122.4632668,37.71792798
B,-122.4874942,37.78376544
B,-122.4234446,37.72807813
B,-122.4766343,37.76167015
B,-122.4453682,37.75769466
B,-122.4027633,37.71535641
B,-122.3944212,37.76098799
B,-122.4767296,37.77851752
B,-122.4710386,37.76008757
B,-122.4406554,37.72652384
B,-122.4293301,37.73673759
B,-122.49877,37.76073612
B,-122.4566012,37.73251519
B,-122.4590958,37.77931244
B,-122.4496775,37.74679639
B,-122.478797,37.74664967
B,-122.4683634,37.74741953
B,-122.4292068,37.74702617
B,-122.4730588,37.75728178
B,-122.4126349,37.71397479
B,-122.5006715,37.74693138
B,-122.4262297,37.75498061
B,-122.4519608,37.7519829
B,-122.3948201,37.78757405
B,-122.440501,37.75497055
B,-122.42368,37.73390687
B,-122.405918,37.73233555
B,-122.4440461,37.71030373
B,-122.4396527,37.72432937
B,-122.3933681,37.74641729
B,-122.4812008,37.75028552
B,-122.4947407,37.73014491
B,-122.4725661,37.73944596
B,-122.4185881,37.79697729
B,-122.4071264,37.74745689
B,-122.426704,37.72822676
B,-122.4389739,37.7323673
B,-122.46954,37.71965058
B,-122.4086121,37.74370715
B,-122.4037243,37.74219386
B,-122.4174067,37.80226742
B,-122.4182107,37.72865087
B,-122.4109905,37.79829981
B,-122.4581607,37.71942481
B,-122.4703521,37.75543747
B,-122.4967591,37.76269157
B,-122.4876105,37.75997845
B,-122.4539563,37.7806899
B,-122.4849891,37.73484354
B,-122.4432771,37.71922766
B,-122.4663955,37.76029191
B,-122.4234655,37.73643221
B,-122.4550106,37.75620459
B,-122.4856763,37.73226
B,-122.4337416,37.74326593
B,-122.4950723,37.77456503
B,-122.4595383,37.72364691
B,-122.4419629,37.70954354
B,-122.4316534,37.74929145
B,-122.4123311,37.71308258
B,-122.4741067,37.75122274
B,-122.4300514,37.73537826
B,-122.4308887,37.74906748
B,-122.3843567,37.72869067
B,-122.4385505,37.77903565
B,-122.4352882,37.79056779
B,-122.4541313,37.73004451
B,-122.4096885,37.73972626
B,-122.4518109,37.76080564
B,-122.4696699,37.71218093
B,-122.4092379,37.74129949
B,-122.4441066,37.71391831
B,-122.4278785,37.80120839
B,-122.4859693,37.73224702
B,-122.4180138,37.73756996
B,-122.4064939,37.80455441
B,-122.4473344,37.7747314
B,-122.3930977,37.73333196
B,-122.4050433,37.76035822
B,-122.43782,37.77945024
B,-122.4323221,37.73103634
B,-122.439248,37.71872806
B,-122.4835931,37.73192585
B,-122.4739766,37.75803889
B,-122.4358653,37.77396249
B,-122.435726,37.74528294
B,-122.4616169,37.74082984
B,-122.4327296,37.76048556
B,-122.4393387,37.71734151
B,-122.493571,37.73730625
B,-122.4406861,37.762749
B,-122.3953324,37.73648919
B,-122.430357,37.73636217
B,-122.4383192,37.78607707
B,-122.4992616,37.77312508
B,-122.4164584,37.77571678
B,-122.4502952,37.76020755
B,-122.4582623,37.72987749
B,-122.4977432,37.73584463
B,-122.4789268,37.74851535
B,-122.423949,37.73124135
B,-122.395309,37.78796357
B,-122.4491668,37.76193458
B,-122.4661861,37.7404872
B,-122.4681979,37.74663805
B,-122.4701957,37.77382794
B,-122.4746253,37.75867907
B,-122.4899593,37.73113179
B,-122.4260673,37.7233407
B,-122.4138776,37.74071464
B,-122.4995565,37.74635682
B,-122.4634269,37.78422975
B,-122.495994,37.74152607
B,-122.4892335,37.78306351
B,-122.4539861,37.72892041
B,-122.4300707,37.72988374
B,-122.4447711,37.75279039
B,-122.4003832,37.75281529
B,-122.4631992,37.76573861
B,-122.4500585,37.74156454
B,-122.5012703,37.7606257
B,-122.4418833,37.78403299
B,-122.481934,37.74027659
B,-122.4713013,37.74261702
B,-122.4483206,37.7346367
B,-122.4005437,37.73547051
B,-122.4239842,37.73491162
B,-122.4497173,37.7400876
B,-122.4273731,37.7903551
B,-122.4623482,37.77916679
B,-122.4327633,37.71877651
B,-122.4178782,37.78230524
B,-122.4077703,37.73404523
B,-122.4269602,37.73431917
B,-122.4056094,37.73859545
B,-122.3950295,37.73568794
B,-122.4864388,37.74319708
B,-122.480413,37.7646735
B,-122.435108,37.73114025
B,-122.4043968,37.72344524
B,-122.4577617,37.74167129
B,-122.4284532,37.76614753
B,-122.4382834,37.74917093
B,-122.4762189,37.73110297
B,-122.4413425,37.79824982
B,-122.433244,37.72894114
B,-122.432379,37.78173163
B,-122.43722,37.72739525
B,-122.5034779,37.75117075
B,-122.4046738,37.75309833
B,-122.4579498,37.73083127
B,-122.4180781,37.80122682
B,-122.4468477,37.76305691
B,-122.4208058,37.79958823
B,-122.5014958,37.77427114
B,-122.4396584,37.71818472
B,-122.4306549,37.73142514
B,-122.4080321,37.80293309
B,-122.3930992,37.7883761
B,-122.4373768,37.71699349
B,-122.40528,37.71956125
B,-122.4698306,37.71847235
B,-122.5010626,37.75252715
B,-122.4369701,37.71003644
B,-122.4271789,37.77825462
B,-122.4173635,37.79925177
B,-122.4512792,37.76849068
B,-122.4465399,37.72694984
B,-122.4341956,37.714957
B,-122.4598244,37.71659257
B,-122.4748309,37.74121441
B,-122.4547778,37.72362387
B,-122.5046698,37.75798032
B,-122.4363953,37.74471465
B,-122.4949366,37.77269884
B,-122.4992222,37.77749457
B,-122.4864133,37.75815944
B,-122.4063041,37.73632766
B,-122.449624,37.73306139
B,-122.4434806,37.71907626
B,-122.4069369,37.74536794
B,-122.4312484,37.77613893
B,-122.4948718,37.74593961
B,-122.4351919,37.77340973
B,-122.5074372,37.77712103
B,-122.4383688,37.76189552
B,-122.4261138,37.7261854
B,-122.4334827,37.74005479
B,-122.4344531,37.71605775
B,-122.4840255,37.7445516
B,-122.4504308,37.73959591
B,-122.4733106,37.7768059
B,-122.4648431,37.77409556
B,-122.4293956,37.7572421
B,-122.3893702,37.74508598
B,-122.4442463,37.79848951
B,-122.3949737,37.74726112
B,-122.4335496,37.77361472
B,-122.5060106,37.75667328
B,-122.4428976,37.74913023
B,-122.4164299,37.71092888
B,-122.5031891,37.73684805
B,-122.3937669,37.75760747
B,-122.4404334,37.76180189
B,-122.4414714,37.71383985
B,-122.4368706,37.7297365
B,-122.406403,37.73088582
B,-122.489222,37.77795162
B,-122.3895747,37.7171364
B,-122.4060981,37.73330867
B,-122.4166131,37.73710374
B,-122.4847676,37.78073297
B,-122.3907251,37.72474786
B,-122.4551693,37.74629891
B,-122.4418131,37.7110265
B,-122.4239568,37.79290717
B,-122.4049474,37.7309268
B,-122.4919899,37.73198141
B,-122.4894452,37.77607004
B,-122.4528123,37.71839948
B,-122.4072387,37.71276972
B,-122.391982,37.74530805
B,-122.3923272,37.73760589
B,-122.4231856,37.72786941
B,-122.4547209,37.73370262
B,-122.4029268,37.72337091
B,-122.4230734,37.73771377
B,-122.4801895,37.73378431
B,-122.4096806,37.73470303
B,-122.4027545,37.73648944
B,-122.4939985,37.73850004
B,-122.4254554,37.75100563
B,-122.5028761,37.76305116
B,-122.4797927,37.74037147
B,-122.4282378,37.73215212
B,-122.4413053,37.78394776
B,-122.4426791,37.78148347
B,-122.4191384,37.79970879
B,-122.4554966,37.74316376
B,-122.4821387,37.78400802
B,-122.437232,37.7575308
B,-122.4032554,37.72505829
B,-122.3736762,37.73428359
B,-122.5087915,37.77611274
B,-122.4933869,37.78097688
B,-122.4557726,37.77556473
B,-122.3977273,37.79129398
B,-122.4338213,37.79165719
B,-122.4950828,37.73113681
B,-122.4086066,37.77040502
B,-122.4606305,37.74380503
B,-122.40348,37.76086886
B,-122.4553405,37.74126769
B,-122.463018,37.74105457
B,-122.4775354,37.73262033
B,-122.4684247,37.71159987
B,-122.4011981,37.72371367
B,-122.4929993,37.74477857
B,-122.4008845,37.72169627
B,-122.4345772,37.73859827
B,-122.4729476,37.75002591
B,-122.4762548,37.74115037
B,-122.4884484,37.74123519
B,-122.4172312,37.80133478
B,-122.4724142,37.78319642
B,-122.4394084,37.75338668
B,-122.4384452,37.73418554
B,-122.4588716,37.72443137
B,-122.4706443,37.77505632
B,-122.4593711,37.75353096
B,-122.3963799,37.78881686
B,-122.4455948,37.75064408
B,-122.4054097,37.76416001
B,-122.4634809,37.71370199
B,-122.4314919,37.70950037
B,-122.390593,37.72907703
B,-122.4600064,37.736299
B,-122.500889,37.75004131
B,-122.4127043,37.73861942
B,-122.3964072,37.74561561
B,-122.4829325,37.75457558
B,-122.4017855,37.73299758
B,-122.4238751,37.74305726
B,-122.5074476,37.75162126
B,-122.5062732,37.76040461
B,-122.4310868,37.7330141
B,-122.4640433,37.77784953
B,-122.4505139,37.73984977
B,-122.4499016,37.76313447
B,-122.4833969,37.7458242
B,-122.4388859,37.78889459
B,-122.4201903,37.73074705
B,-122.4316019,37.74875786
B,-122.4132589,37.73705431
B,-122.4049075,37.74801563
B,-122.4748485,37.78247065
B,-122.4138999,37.8071695
B,-122.4305315,37.79207415
B,-122.4298489,37.7168462
B,-122.411997,37.76121471
B,-122.4576941,37.76463259
B,-122.4117962,37.71192844
B,-122.4269132,37.7188119
B,-122.4626275,37.71790901
B,-122.4948577,37.7534255
B,-122.4168461,37.72879295
B,-122.4053439,37.71182208
B,-122.4824591,37.74773569
B,-122.4407388,37.72491056
B,-122.3960707,37.76131595
B,-122.414205,37.73057143
B,-122.4707069,37.73765587
B,-122.4519572,37.78470253
B,-122.461654,37.72978366
B,-122.4074789,37.74554023
B,-122.4364774,37.74550756
B,-122.462246,37.72056687
B,-122.4183874,37.73399123
B,-122.4568048,37.72002743
B,-122.4548071,37.77562837
B,-122.4316882,37.77831749
B,-122.3994863,37.74010698
B,-122.4458045,37.78953466
B,-122.450655,37.7351503
B,-122.458129,37.75170668
B,-122.4841791,37.75701274
B,-122.4515381,37.76782316
B,-122.4992582,37.76258116
B,-122.5045164,37.74551541
B,-122.4123125,37.79929946
B,-122.4214259,37.72848925
B,-122.4040399,37.73646462
B,-122.479807,37.77650993
B,-122.4087673,37.7314654
B,-122.4357859,37.71669455
B,-122.4920233,37.7299922
B,-122.4346251,37.73067949
B,-122.4990763,37.73952015
B,-122.4226674,37.73420887
B,-122.4192869,37.7439781
B,-122.4405109,37.7241787
B,-122.4216941,37.79563562
B,-122.435986,37.72309763
B,-122.4388732,37.73614552
B,-122.4188983,37.73878701
B,-122.4752999,37.75798408
B,-122.4131642,37.79610366
B,-122.4277284,37.77818451
B,-122.4156817,37.71182428
B,-122.4109336,37.73980147
B,-122.4826972,37.7614447
B,-122.4739979,37.72303531
B,-122.4329281,37.79836563
B,-122.3969721,37.73526296
B,-122.4125733,37.79810105
B,-122.4301095,37.72984473
B,-122.4339477,37.80062857
B,-122.4184883,37.79926561
B,-122.5050472,37.74798572
B,-122.4027501,37.7566396
B,-122.3942165,37.71981759
B,-122.4322549,37.79781388
B,-122.4276979,37.7468481
B,-122.3952585,37.73011717
B,-122.4857424,37.77436746
B,-122.4341192,37.73901646
B,-122.4085793,37.74569941
B,-122.4374186,37.70853976
B,-122.4996755,37.75321277
B,-122.4375871,37.76719691
B,-122.4685363,37.76019798
B,-122.4255504,37.79802805
B,-122.4533184,37.78249271
B,-122.394555,37.72282268
B,-122.4324412,37.73494793
B,-122.4348718,37.71001085
B,-122.4576156,37.72416621
B,-122.4078878,37.70921501
B,-122.4072685,37.80445908
B,-122.4277529,37.8005865
B,-122.4291476,37.73656087
B,-122.3984661,37.7524633
B,-122.43822,37.7967363
B,-122.3938281,37.78780054
B,-122.4419951,37.73400483
B,-122.4310558,37.75709753
B,-122.4015694,37.72837163
B,-122.437296,37.79494256
B,-122.4487,37.73970375
B,-122.4086509,37.71206848
B,-122.4539883,37.72904149
B,-122.404112,37.75060296
B,-122.4394535,37.76195551
B,-122.4584923,37.7182271
B,-122.4729256,37.78190903
B,-122.4683073,37.75087974
B,-122.4398556,37.79089622
B,-122.4050233,37.74373459
B,-122.4455247,37.75859342
B,-122.4837638,37.74081703
B,-122.3995512,37.75421564
B,-122.4952532,37.77705164
B,-122.4265061,37.75013828
B,-122.4373653,37.78970806
B,-122.5078613,37.7804626
B,-122.4719154,37.77625085
B,-122.4368029,37.71025354
B,-122.4529265,37.71105379
B,-122.5056679,37.73704883
B,-122.3824826,37.73054844
B,-122.4506636,37.75811746
B,-122.4958396,37.7546269
B,-122.4924726,37.76288082
B,-122.4476872,37.73427788
B,-122.3982852,37.76075517
B,-122.4272109,37.78685019
B,-122.4785364,37.73793239
B,-122.4402341,37.72340715
B,-122.4007382,37.73766743
B,-122.4390279,37.78088524
B,-122.4017568,37.71791259
B,-122.4360066,37.76568971
B,-122.4534064,37.75119542
B,-122.4657056,37.78603187
B,-122.4187354,37.7390402
B,-122.4740583,37.73384934
B,-122.4311938,37.79259146
B,-122.4308429,37.79083323
B,-122.3904645,37.75053852
B,-122.3885743,37.74494823
B,-122.4700066,37.74018061
B,-122.4609745,37.72938696
B,-122.4942051,37.74410354
B,-122.4388036,37.75904545
B,-122.3926894,37.74998219
B,-122.4352932,37.77946778
B,-122.4687828,37.75176217
B,-122.4470828,37.73680669
B,-122.4694627,37.71396897
B,-122.4192079,37.72576386
B,-122.4378431,37.79487287
B,-122.4256133,37.73287941
B,-122.4722809,37.76194398
B,-122.4823513,37.77701696
B,-122.4849462,37.75261566
B,-122.4955626,37.73532071
B,-122.502015,37.74562521
B,-122.4342835,37.70863335
B,-122.4530244,37.74156636
B,-122.4320605,37.71001315
B,-122.4707082,37.71668273
B,-122.4663283,37.78475733
B,-122.4202173,37.74760495
B,-122.489713,37.7748099
B,-122.4417854,37.76269214
B,-122.4947764,37.74968698
B,-122.4544348,37.72184661
B,-122.4885287,37.73113257
B,-122.4384468,37.71094772
B,-122.4257187,37.75340142
B,-122.4505496,37.76390003
B,-122.4775313,37.77474234
B,-122.4033271,37.76301956
B,-122.4923372,37.74043898
B,-122.4103707,37.79464708
B,-122.4046235,37.7193797
B,-122.425776,37.79358303
B,-122.4612722,37.73001212
B,-122.4232669,37.78114343
B,-122.4977268,37.74581329
B,-122.4540877,37.72063875
B,-122.4086821,37.802408
B,-122.3869774,37.72577135
B,-122.3978918,37.76683477
B,-122.4607967,37.72910976
B,-122.5002844,37.73635086
B,-122.4659434,37.71967703
B,-122.3722196,37.73471689
B,-122.4382363,37.72146828
B,-122.4856435,37.76255966
B,-122.4899285,37.76237077
B,-122.4456894,37.78894971
B,-122.4695269,37.71788633
B,-122.4195078,37.79317187
B,-122.3952871,37.7860999
B,-122.480421,37.75967052
B,-122.4885043,37.77299252
B,-122.4099539,37.71141436
B,-122.4157646,37.72710881
B,-122.4693765,37.74145243
B,-122.4401467,37.71714545
B,-122.4462092,37.78918559
B,-122.4156106,37.79056786
B,-122.5001985,37.76067304
B,-122.4688996,37.71548042
B,-122.443608,37.72251808
B,-122.4258206,37.74293924
B,-122.450909,37.74288379
B,-122.445475,37.78548537
B,-122.4417192,37.78003756
B,-122.43303,37.74253606
B,-122.394423,37.73691981
B,-122.4843588,37.77505456
B,-122.3990298,37.73458412
B,-122.4265068,37.7256663
B,-122.41526,37.7473972
B,-122.4619009,37.77794621
B,-122.4539822,37.72870212
B,-122.4969421,37.73464491
B,-122.4450741,37.71829035
B,-122.4655642,37.75346646
B,-122.4170268,37.80040586
B,-122.4586769,37.74271076
B,-122.4608036,37.73499983
B,-122.4234528,37.73246807
B,-122.4100241,37.80605871
B,-122.4883615,37.73999286
B,-122.4166007,37.74044283
B,-122.3897356,37.75631248
B,-122.4208722,37.72890698
B,-122.444753,37.7576566
B,-122.454023,37.72960832
B,-122.4593235,37.72606619
B,-122.5065877,37.77528692
B,-122.4218647,37.73657447
B,-122.4800815,37.73481457
B,-122.4508836,37.75124706
B,-122.4391851,37.73899658
B,-122.4145355,37.79638131
B,-122.4371649,37.71876559
B,-122.5057808,37.77407476
B,-122.4964637,37.77890586
B,-122.4815608,37.78589707
B,-122.4470715,37.71694391
B,-122.4421016,37.80197587
B,-122.4658647,37.75781971
B,-122.3870918,37.73087298
B,-122.4301497,37.72992722
B,-122.4438656,37.78825871
B,-122.4753508,37.75366191
B,-122.4332657,37.74004454
B,-122.4084694,37.71360375
B,-122.441652,37.73535773
B,-122.4951578,37.76027045
B,-122.3993516,37.75201165
B,-122.4110354,37.76127253
B,-122.4684264,37.75498152
B,-122.4491021,37.78054492
B,-122.4938075,37.74099889
B,-122.476517,37.78550535
B,-122.472496,37.73135617
B,-122.4511131,37.72882351
B,-122.4183466,37.80692914
B,-122.3936819,37.7601782
B,-122.4327758,37.78998951
B,-122.4037127,37.7531555
B,-122.4179506,37.74063472
B,-122.4343822,37.79722458
B,-122.4558703,37.72880711
B,-122.4534672,37.72914363
B,-122.4003777,37.71458534
B,-122.4052477,37.73163367
B,-122.496524,37.74400134
B,-122.5037371,37.75490624
B,-122.4666891,37.75093973
B,-122.4949875,37.75528892
B,-122.4167168,37.79604465
B,-122.446181,37.71558078
B,-122.4091738,37.74239086
B,-122.4410153,37.75414887
B,-122.4634127,37.73077485
B,-122.4333561,37.72611063
B,-122.394941,37.78582463
B,-122.4439049,37.76195945
B,-122.4589907,37.71110759
B,-122.4269897,37.77731433
B,-122.4119558,37.76079024
B,-122.4159049,37.73762064
B,-122.4311576,37.71800843
B,-122.4282594,37.73349609
B,-122.436539,37.75380868
B,-122.4403235,37.77912572
B,-122.438384,37.71281733
B,-122.4560467,37.71377857
B,-122.4531205,37.71763333
B,-122.4070844,37.73498679
B,-122.4176353,37.74508212
B,-122.4081263,37.73448111
B,-122.4216169,37.77034291
B,-122.4045548,37.73458013
B,-122.4164857,37.77573855
B,-122.4476305,37.71283294
B,-122.4217646,37.74266868
B,-122.4199593,37.74158367
B,-122.4722049,37.77685624
B,-122.4184757,37.79084599
B,-122.4510872,37.76411862
B,-122.460813,37.73173271
B,-122.4633062,37.74276241
B,-122.4863313,37.75193089
B,-122.4051648,37.80061904
B,-122.497882,37.77381217
B,-122.3993593,37.76998943
B,-122.3953411,37.73554965
B,-122.4458737,37.75218139
B,-122.4688614,37.74147494
B,-122.4337312,37.72607425
B,-122.4516024,37.73379571
B,-122.459292,37.74428572
B,-122.4337958,37.75613354
B,-122.4153263,37.72590731
B,-122.4032302,37.7514405
B,-122.4854753,37.77562694
B,-122.4268295,37.75333333
B,-122.4157692,37.7279946
B,-122.5034502,37.74056968
B,-122.4028154,37.74355694
B,-122.4019311,37.72539498
B,-122.3935912,37.78659505
B,-122.4057031,37.73641238
B,-122.4166983,37.73615134
B,-122.4145042,37.73712504
B,-122.4869465,37.77618364
B,-122.46419,37.73113026
B,-122.4437093,37.72909245
B,-122.3945427,37.76226584
B,-122.5035513,37.77292871
B,-122.4185448,37.70958158
B,-122.494142,37.73911277
B,-122.4903824,37.77415537
B,-122.4976111,37.77989886
B,-122.4561326,37.72252227
B,-122.4380257,37.73640953
B,-122.4142871,37.72882545
B,-122.494592,37.74346711
B,-122.4090825,37.7140215
B,-122.397389,37.71971406
B,-122.4096095,37.7480701
B,-122.4090744,37.7317815
B,-122.503087,37.74557816
B,-122.4806682,37.78345128
B,-122.4377575,37.76659353
B,-122.4071185,37.72294613
B,-122.4024065,37.71951934
B,-122.434257,37.73183343
B,-122.4661252,37.76154991
B,-122.4464047,37.79856664
B,-122.4447854,37.7788999
B,-122.4737046,37.72302635
B,-122.4393994,37.75709801
B,-122.4341936,37.79629341
B,-122.4955256,37.75526395
B,-122.496287,37.77638133
B,-122.4536394,37.78763501
B,-122.4335265,37.71632039
B,-122.4602146,37.72243507
B,-122.4292169,37.73532877
B,-122.4582357,37.7248215
B,-122.3831494,37.73742592
B,-122.4574075,37.73226
B,-122.4505865,37.74097256
B,-122.3819295,37.75273783
B,-122.4143221,37.80091008
B,-122.4412742,37.78379281
B,-122.4441462,37.71316542
B,-122.4040398,37.75998019
B,-122.4389889,37.78121743
B,-122.48427,37.77381018
B,-122.3817394,37.72846536
B,-122.4652838,37.71383556
B,-122.3860293,37.72995495
B,-122.5069903,37.77588605
B,-122.4618537,37.7346811
B,-122.4034768,37.76429312
B,-122.4626157,37.71685047
B,-122.42069,37.72670797
B,-122.449089,37.73800758
B,-122.4318035,37.7089633
B,-122.4712726,37.7507224
B,-122.4309746,37.77203406
B,-122.4399748,37.74258193
B,-122.5059599,37.76104059
B,-122.427784,37.79517206
B,-122.4222602,37.74190228
B,-122.4727739,37.7475392
B,-122.4685844,37.71425574
B,-122.4293645,37.78084506
B,-122.4826637,37.77637966
B,-122.3712458,37.73384889
B,-122.4048875,37.76207009
B,-122.4621281,37.76578992
B,-122.5007484,37.75316537
B,-122.4106171,37.73108872
B,-122.4630035,37.71792972
B,-122.492529,37.7380641
B,-122.4152505,37.7379999
B,-122.507997,37.75471741
B,-122.4235012,37.73454456
B,-122.4052955,37.79900859
B,-122.4441039,37.70882563
B,-122.4076096,37.71742776
B,-122.4461656,37.79128856
B,-122.4700693,37.75443993
B,-122.4723309,37.75973268
B,-122.4430713,37.78193789
B,-122.5000954,37.74384387
B,-122.3708697,37.73426555
B,-122.4323538,37.7927457
B,-122.4604387,37.7323858
B,-122.4610321,37.71137382
B,-122.4371696,37.72647323
B,-122.4424675,37.71801125
B,-122.4506457,37.72123223
B,-122.4644726,37.72763328
B,-122.4059084,37.73057213
B,-122.4106269,37.79370845
B,-122.4321782,37.79186546
B,-122.4119866,37.74422363
B,-122.3953845,37.72140115
B,-122.4348988,37.75445746
B,-122.4420898,37.71925724
B,-122.4285223,37.7195789
B,-122.4455498,37.75018479
B,-122.4258374,37.75500289
B,-122.4666113,37.70823251
B,-122.4250655,37.79840942
B,-122.4187736,37.73433508
B,-122.3917937,37.74551896
B,-122.4052518,37.79996989
B,-122.5006286,37.74630965
B,-122.4697506,37.74705253
B,-122.4279927,37.7361294
B,-122.4872116,37.7593711
B,-122.4435161,37.78018456
B,-122.3903753,37.74967009
B,-122.4374285,37.74787181
B,-122.3968835,37.79604954
B,-122.4814935,37.75962326
B,-122.4629329,37.74155063
B,-122.4086849,37.79209647
B,-122.3918907,37.73365748
B,-122.4554655,37.73135579
B,-122.3960049,37.78694139
B,-122.4390503,37.76150186
B,-122.4747009,37.73935208
B,-122.446773,37.73957953
B,-122.4713206,37.71787433
B,-122.4182209,37.79516108
B,-122.4555084,37.77920905
B,-122.4702154,37.75858492
B,-122.4917119,37.73724844
B,-122.4509182,37.76328754
B,-122.4711618,37.75371278
B,-122.4175263,37.74048751
B,-122.4914782,37.73769813
B,-122.4350296,37.72546597
B,-122.4612127,37.73494079
B,-122.4438443,37.71730815
B,-122.4157441,37.74080367
B,-122.4031937,37.76473841
B,-122.4785695,37.7485311
B,-122.4347644,37.71516605
B,-122.4335413,37.70998335
B,-122.4723768,37.77435369
B,-122.4179824,37.79397454
B,-122.426982,37.74715907
B,-122.4939289,37.74785268
B,-122.4605676,37.71010938
B,-122.4785068,37.75788424
B,-122.4541111,37.76349348
B,-122.4060471,37.76326632
B,-122.3994552,37.7532955
B,-122.4569236,37.78721809
B,-122.4046673,37.72233778
B,-122.4468142,37.73233168
B,-122.4111203,37.76556316
B,-122.403993,37.7176435
B,-122.4271823,37.72857941
B,-122.4726508,37.77807999
B,-122.4802984,37.73114768
B,-122.4607476,37.78684534
B,-122.3982754,37.73151582
B,-122.4405868,37.79169774
B,-122.4688884,37.75080096
B,-122.4102158,37.79466669
B,-122.4931433,37.76222895
B,-122.4988738,37.7519995
B,-122.4190536,37.70986379
B,-122.415398,37.73638855
B,-122.4151749,37.76402907
B,-122.4488646,37.73355889
B,-122.4708404,37.74139313
B,-122.3967268,37.71810176
B,-122.4409844,37.78799282
B,-122.4498661,37.7521619
B,-122.5067612,37.76224938
B,-122.4376327,37.71665465
B,-122.4387639,37.76226552
B,-122.4436229,37.77871789
B,-122.4540746,37.71879141
B,-122.4229832,37.72433835
B,-122.400742,37.73536403
B,-122.4252748,37.74216859
B,-122.4126139,37.7961729
B,-122.470769,37.74700393
B,-122.4824476,37.7324026
B,-122.4335976,37.77106237
B,-122.4676621,37.7834205
B,-122.471627,37.71846034
B,-122.443908,37.78568478
B,-122.4428797,37.7796545
B,-122.4014691,37.73168106
B,-122.4245494,37.8042118
B,-122.448104,37.73306758
B,-122.4394648,37.70982887
B,-122.4732724,37.72588974
B,-122.4145947,37.71271234
B,-122.3900628,37.72027317
B,-122.4478915,37.7800785
B,-122.4370553,37.72363778
B,-122.4429224,37.71296747
B,-122.4767079,37.74237716
B,-122.4324036,37.75710273
B,-122.4712577,37.74199807
B,-122.5002332,37.74071302
B,-122.3731553,37.73485432
B,-122.4189426,37.7452154
B,-122.4765247,37.75049177
B,-122.3898839,37.71731527
B,-122.3965085,37.78664488
B,-122.4207371,37.79088034
B,-122.4727986,37.77495814
B,-122.424706,37.79941116
B,-122.4794594,37.78161484
B,-122.5003314,37.77307612
B,-122.4446058,37.71973037
B,-122.4643434,37.71006793
B,-122.4259661,37.73854932
B,-122.4653162,37.71671397
B,-122.4372511,37.79749698
B,-122.4098506,37.7474343
B,-122.4526225,37.73515182
B,-122.4355283,37.74277681
B,-122.4175064,37.73775557
B,-122.3873193,37.74108498
B,-122.465009,37.71611672
B,-122.4648434,37.77905474
B,-122.3902316,37.72320188
B,-122.4745385,37.75743739
B,-122.4647595,37.7096327
B,-122.3893455,37.72837064
B,-122.4223001,37.73515853
B,-122.5001184,37.75443147
B,-122.502406,37.75121921
B,-122.4432243,37.8047048
B,-122.4847968,37.73229893
B,-122.4348678,37.7389174
B,-122.478023,37.75604091
B,-122.4541598,37.74141129
B,-122.3957451,37.73798675
B,-122.4268724,37.79344351
B,-122.4146376,37.73796544
B,-122.4953242,37.74218065
B,-122.4767964,37.74362089
B,-122.4428463,37.78321884
B,-122.5066303,37.76038882
B,-122.4003722,37.73267393
B,-122.3872595,37.73494342
B,-122.4143375,37.71144499
B,-122.4807582,37.78469184
B,-122.4190191,37.79353545
B,-122.4628733,37.76106945
B,-122.4504473,37.76827953
B,-122.5009129,37.76064149
B,-122.4683261,37.71789434
B,-122.4499823,37.75956074
B,-122.4183128,37.73923205
B,-122.4548841,37.74623189
B,-122.4392311,37.72462375
B,-122.5057412,37.75793333
B,-122.4095129,37.7910158
B,-122.5007806,37.75877433
B,-122.4776052,37.73984633
B,-122.4155316,37.73718338
B,-122.4626233,37.71756579
B,-122.4409702,37.78510261
B,-122.4598334,37.71744365
B,-122.4138563,37.79857361
B,-122.4630466,37.73392924
B,-122.4616065,37.72911531
B,-122.4854267,37.73291206
B,-122.3918072,37.75430081
B,-122.4540794,37.71941289
B,-122.500488,37.74943666
B,-122.4622212,37.73521729
B,-122.4009404,37.71401911
B,-122.4138372,37.80686021
B,-122.3944113,37.74574142
B,-122.401256,37.71937912
B,-122.4790806,37.76097908
B,-122.4599597,37.73737718
B,-122.4924124,37.73639032
B,-122.4362153,37.79794746
B,-122.4366358,37.75489046
B,-122.4003178,37.75464269
B,-122.4715823,37.77812842
B,-122.5024823,37.75745238
B,-122.4203661,37.79741331
B,-122.4454977,37.76140745
B,-122.3944371,37.78567422
B,-122.4596663,37.71058948
B,-122.4145894,37.70905534
B,-122.4996718,37.77875911
B,-122.4831975,37.77385912
B,-122.4127172,37.71221818
B,-122.4446961,37.72075878
B,-122.4609779,37.75467003
B,-122.4689345,37.75562034
B,-122.4662328,37.75281506
B,-122.4082152,37.7115286
B,-122.4588611,37.70941698
B,-122.4955705,37.75339404
B,-122.469153,37.76390766
B,-122.4693015,37.71292828
B,-122.4057075,37.71970757
B,-122.4029008,37.71983268
B,-122.4700498,37.74080087
B,-122.4645104,37.70963682
B,-122.4316343,37.72458379
B,-122.4290178,37.79014712
B,-122.4653207,37.76533726
B,-122.4410043,37.75427923
B,-122.4610559,37.74067151
B,-122.3908557,37.7235561
B,-122.4148563,37.70868343
B,-122.4707478,37.78136248
B,-122.4495688,37.77476601
B,-122.4257466,37.75018353
B,-122.4425384,37.71854781
B,-122.4101473,37.72059354
B,-122.4007198,37.75205196
B,-122.432119,37.76186124
B,-122.4357358,37.78162616
B,-122.3931088,37.74717412
B,-122.4319087,37.77382957
B,-122.4683508,37.75028519
B,-122.4318481,37.73232791
B,-122.4099059,37.74494675
B,-122.3989117,37.73227918
B,-122.4004484,37.72962543
B,-122.4433803,37.78863656
B,-122.4477081,37.73753403
B,-122.4375909,37.79917747
B,-122.503581,37.74243484
B,-122.4365634,37.75408172
B,-122.4044181,37.72874429
B,-122.4861667,37.78507202
B,-122.407163,37.71803776
B,-122.406711,37.74524322
B,-122.4235738,37.72838729
B,-122.4721843,37.75701299
B,-122.4328334,37.7615502
B,-122.3964661,37.75192955
B,-122.4571532,37.7225921
B,-122.4640881,37.77846818
B,-122.4750369,37.75429861
B,-122.4718209,37.7587476
B,-122.4770063,37.78237181
B,-122.4413611,37.71443327
B,-122.4942527,37.74222887
B,-122.3916037,37.75257847
B,-122.5091024,37.77548075
B,-122.3958621,37.71791855
B,-122.4418991,37.798179
B,-122.4619247,37.75754608
B,-122.4344132,37.72379499
B,-122.4637882,37.71429468
B,-122.4351014,37.70946109
B,-122.4333576,37.74383856
B,-122.3973136,37.73345408
B,-122.4769194,37.78610825
B,-122.4072,37.72402159
B,-122.4640885,37.71429237
B,-122.467029,37.70960109
B,-122.4942746,37.77836288
B,-122.4034327,37.75359964
B,-122.4528753,37.73463953
B,-122.4518618,37.71977303
B,-122.4814798,37.73116193
B,-122.4531763,37.74355855
B,-122.4468791,37.7349722
B,-122.4101737,37.8054043
B,-122.4091872,37.76991918
B,-122.3999905,37.73013685
B,-122.484426,37.7451564
B,-122.4156459,37.72609789
B,-122.413767,37.73375894
B,-122.4218607,37.74252009
B,-122.4379991,37.72037927
B,-122.4062705,37.7477487
B,-122.408914,37.7391969
B,-122.4450123,37.79113452
B,-122.4553479,37.75567694
B,-122.4375823,37.71221852
B,-122.4874807,37.75811237
B,-122.4214234,37.71022164
B,-122.4162232,37.7291346
B,-122.4801926,37.74097544
B,-122.4515556,37.72905708
B,-122.4324031,37.72213111
B,-122.4236099,37.7995505
B,-122.3999333,37.76108344
B,-122.4029871,37.75910364
B,-122.4165185,37.79109147
B,-122.4931146,37.7771489
B,-122.439813,37.77377264
B,-122.4328207,37.73148081
B,-122.4696161,37.71412891
B,-122.4496045,37.7541133
B,-122.452381,37.71723913
B,-122.4152284,37.73598509
B,-122.4066782,37.71191478
B,-122.4287668,37.718279
B,-122.405398,37.72406651
B,-122.4682767,37.75646624
B,-122.4355531,37.72887671
B,-122.39487,37.73102563
B,-122.4167735,37.77596807
B,-122.4415131,37.74795186
B,-122.4023827,37.73193403
B,-122.4194966,37.74290089
B,-122.4470486,37.75299124
B,-122.3991174,37.73737674
B,-122.4169204,37.73909765
B,-122.415126,37.790304
B,-122.4101536,37.73919622
B,-122.409978,37.74559842
B,-122.4057968,37.73278455
B,-122.4384383,37.71101539
B,-122.4734449,37.75577398
B,-122.3947906,37.71919742
B,-122.4864307,37.78381356
B,-122.4405984,37.78868015
B,-122.4889009,37.73076633
B,-122.4329464,37.74084068
B,-122.4888669,37.73181514
B,-122.4665406,37.70916492
B,-122.3978813,37.75992459
B,-122.4557635,37.71823198
B,-122.4415047,37.7236265
B,-122.494415,37.78028834
B,-122.4450707,37.75089702
B,-122.4285023,37.72853415
B,-122.4049924,37.74793578
B,-122.4777357,37.74170823
B,-122.4283367,37.73027332
B,-122.4733492,37.75624771
B,-122.4957051,37.75276504
B,-122.4603703,37.75715717
B,-122.5053329,37.76231258
B,-122.461289,37.73239994
B,-122.4119451,37.79747279
B,-122.4718956,37.76196091
B,-122.4584499,37.7867211
B,-122.3812901,37.75191288
B,-122.4818342,37.73200751
B,-122.3989891,37.73856461
B,-122.4027361,37.71854621
B,-122.3904723,37.72711882
B,-122.4439472,37.79983254
B,-122.4053764,37.76721528
B,-122.4147345,37.70998257
B,-122.4916274,37.76105128
B,-122.4930125,37.76036514
B,-122.4733948,37.7240604
B,-122.450597,37.73856886
B,-122.4505726,37.76889992
B,-122.4826645,37.75583615
B,-122.3971549,37.75911355
B,-122.4087302,37.74280601
B,-122.4063001,37.73366017
B,-122.4046838,37.80004239
B,-122.4355885,37.7222418
B,-122.3966511,37.74638869
B,-122.4189505,37.78201063
B,-122.4742419,37.75059238
B,-122.4570883,37.72758415
B,-122.4644568,37.72035095
B,-122.4353062,37.72069592
B,-122.4381955,37.7296946
B,-122.4178804,37.73493782
B,-122.405126,37.76120892
B,-122.3806765,37.75324134
B,-122.4747864,37.74558094
B,-122.3972779,37.76380896
B,-122.4817354,37.78340174
B,-122.45262,37.75180704
B,-122.39804,37.75820527
B,-122.4470689,37.7162923
B,-122.4117182,37.76165845
B,-122.4744087,37.75557556
B,-122.4656443,37.7196793
B,-122.4096081,37.73836381
B,-122.4143998,37.74728768
B,-122.4522655,37.75237929
B,-122.4877932,37.75747516
B,-122.4263098,37.78792789
B,-122.466362,37.7546777
B,-122.4026275,37.75536263
B,-122.4967788,37.75271649
B,-122.4119466,37.74021801
B,-122.3814214,37.7307862
B,-122.4243114,37.79467355
B,-122.4006949,37.75547686
B,-122.4968878,37.7298412
B,-122.4575027,37.7307801
B,-122.4254214,37.79182262
B,-122.408858,37.72625173
B,-122.4254875,37.79771632
B,-122.4730127,37.72683964
B,-122.4126074,37.74104276
B,-122.4077368,37.80347947
B,-122.4027133,37.75963268
B,-122.4199624,37.80099088
B,-122.4313419,37.74609151
B,-122.4376086,37.73388792
B,-122.4054654,37.74017966
B,-122.4599715,37.72639288
B,-122.4191518,37.74061075
B,-122.4322164,37.75515367
B,-122.4387239,37.71183782
B,-122.5013607,37.77240519
B,-122.4205274,37.72719422
B,-122.4201917,37.73529384
B,-122.4585176,37.72365197
B,-122.479707,37.75970198
B,-122.4617263,37.76517367
B,-122.3938687,37.72943787
B,-122.4103651,37.8050641
B,-122.4943132,37.77397555
B,-122.4571377,37.7188285
B,-122.4075801,37.73917003
B,-122.4474415,37.70865907
B,-122.4551519,37.78006722
B,-122.4332743,37.79172652
B,-122.3853063,37.72450194
B,-122.406269,37.73284563
B,-122.4400571,37.7890625
B,-122.3855489,37.72527276
B,-122.4179339,37.7993373
B,-122.4385308,37.73571675
B,-122.4117631,37.79656749
B,-122.4269385,37.73179066
B,-122.503154,37.75679911
B,-122.4012467,37.72279364
B,-122.3976062,37.72996875
B,-122.4278674,37.73873165
B,-122.4260314,37.72190908
B,-122.443729,37.71287399
B,-122.4818514,37.75960748
B,-122.4035096,37.71807391
B,-122.3949053,37.76267295
B,-122.4773174,37.78171636
B,-122.4940846,37.76031782
B,-122.4254554,37.80313261
B,-122.4166409,37.7367934
B,-122.4222454,37.77888321
B,-122.4505059,37.71131462
B,-122.4453558,37.75983053
B,-122.4676579,37.70893565
B,-122.4971156,37.76267582
B,-122.4442613,37.75382058
B,-122.4267596,37.74476052
B,-122.4960969,37.75835558
B,-122.4845958,37.73358795
B,-122.4202828,37.73003853
B,-122.3941768,37.75843797
B,-122.4949244,37.74157404
B,-122.4077096,37.72699558
B,-122.4449283,37.74896136
B,-122.4165789,37.72733939
B,-122.4208721,37.74189316
B,-122.5058796,37.75481129
B,-122.4586707,37.72511278
B,-122.4258704,37.735346
B,-122.4041709,37.751222
B,-122.4913942,37.73157073
B,-122.475029,37.77485646
B,-122.483972,37.7845482
B,-122.4278051,37.7980611
B,-122.5053509,37.75233638
B,-122.4389913,37.72506394
B,-122.460208,37.71404293
B,-122.4223957,37.74234454
B,-122.4028261,37.74547798
B,-122.4995792,37.75695601
B,-122.4795126,37.73253227
B,-122.4297629,37.71203049
B,-122.4468477,37.75835689
B,-122.3872277,37.73281844
B,-122.47853,37.73112831
B,-122.4275086,37.7293176
B,-122.4190959,37.79949156
B,-122.4528494,37.77524303
B,-122.4723536,37.75592203
B,-122.4347376,37.75821682
B,-122.4440165,37.73799448
B,-122.4502181,37.70963063
B,-122.4038207,37.74120606
B,-122.4161603,37.79209902
B,-122.4725008,37.74367647
B,-122.4074793,37.74774659
B,-122.4015222,37.73114907
B,-122.4491931,37.78790304
B,-122.4377074,37.72076505
B,-122.4372689,37.71355699
B,-122.4177291,37.72659498
B,-122.4461436,37.7742434
B,-122.4029657,37.7172412
B,-122.4287775,37.74195639
B,-122.4026365,37.76220611
B,-122.4317266,37.72110621
B,-122.4365864,37.71707699
B,-122.4413155,37.70974846
B,-122.4351355,37.73149173
B,-122.4466626,37.74098179
B,-122.4519945,37.72986443
B,-122.5073434,37.76035729
B,-122.4354231,37.74214141
B,-122.450366,37.72058845
B,-122.4496507,37.71805877
B,-122.3901365,37.73259725
B,-122.469337,37.76140895
B,-122.473406,37.76189456
B,-122.4074008,37.73425683
B,-122.4877478,37.77739471
B,-122.4457842,37.76855666
B,-122.4280726,37.80216842
B,-122.5025685,37.77422191
B,-122.5041139,37.78064877
B,-122.5051655,37.75484295
B,-122.407498,37.71768837
B,-122.4718715,37.77562004
B,-122.4591525,37.72931093
B,-122.430159,37.79302475
B,-122.4812044,37.78591357
B,-122.4711702,37.74075647
B,-122.4496085,37.7358593
B,-122.3979545,37.73050612
B,-122.4162138,37.71140934
B,-122.3780395,37.72668027
B,-122.4018923,37.72090841
B,-122.4868161,37.75378013
B,-122.4584787,37.77599585
B,-122.4483353,37.71301907
B,-122.4078066,37.73806267
B,-122.474648,37.74870399
B,-122.4485085,37.71494353
B,-122.4006035,37.74199022
B,-122.4873628,37.78190331
B,-122.3906047,37.73191545
B,-122.4488551,37.73180019
B,-122.4353095,37.72639623
B,-122.4476392,37.77564786
B,-122.4320814,37.75778238
B,-122.418663,37.79177319
B,-122.4361509,37.76495859
B,-122.416721,37.80044427
B,-122.3840377,37.73008484
B,-122.4687375,37.78337037
B,-122.4525867,37.733998
B,-122.4356107,37.71498541
B,-122.4155423,37.79580447
B,-122.4460598,37.71728742
B,-122.3735022,37.73134894
B,-122.4295391,37.75049223
B,-122.4113493,37.80016878
B,-122.4952449,37.76151396
B,-122.458193,37.71004865
B,-122.4159942,37.80085404
B,-122.4511831,37.74317714
B,-122.4190509,37.72801694
B,-122.4550704,37.78048854
B,-122.4036023,37.71432447
B,-122.3786608,37.7270329
B,-122.4645381,37.73123238
B,-122.4164364,37.80303186
B,-122.5042348,37.75176229
B,-122.3897116,37.73423998
B,-122.4570639,37.7556093
B,-122.4588462,37.72002132
B,-122.4164696,37.73951615
B,-122.400057,37.75903095
B,-122.4036021,37.76214777
B,-122.4126424,37.73467603
B,-122.5040793,37.78017496
B,-122.4872431,37.73363605
B,-122.4315492,37.71749047
B,-122.4465887,37.75062981
B,-122.4489406,37.77600015
B,-122.4940695,37.74473137
B,-122.430984,37.74235633
B,-122.4493776,37.77383264
B,-122.422947,37.80346301
B,-122.4397968,37.75715621
B,-122.4595972,37.74396552
B,-122.3952012,37.72962715
B,-122.5061052,37.77846667
B,-122.469638,37.75376509
B,-122.4200351,37.72776091
B,-122.494059,37.74971744
B,-122.4217698,37.80437537
B,-122.440797,37.72604232
B,-122.4374725,37.77025292
B,-122.4777987,37.77846914
B,-122.479481,37.76158622
B,-122.4123633,37.7650538
B,-122.4065915,37.71611884
B,-122.4370473,37.79927561
B,-122.4162528,37.77555275
B,-122.4196543,37.79528703
B,-122.4708314,37.756352
B,-122.465246,37.77967966
B,-122.4945143,37.74595543
B,-122.4371301,37.73842031
B,-122.4751649,37.77672146
B,-122.4530762,37.71929893
B,-122.4633992,37.7585504
B,-122.4229516,37.80186487
B,-122.4609893,37.76489291
B,-122.4725735,37.72881023
B,-122.4086452,37.74406538
B,-122.3794254,37.73434421
B,-122.478806,37.74166087
B,-122.4465508,37.71587714
B,-122.4064017,37.73383704
B,-122.4661684,37.71270217
B,-122.4673956,37.78468039
B,-122.4551094,37.7206362
B,-122.4486424,37.74144666
B,-122.4407415,37.76176504
B,-122.4397501,37.70934607
B,-122.4020585,37.73455963
B,-122.4450588,37.75839326
B,-122.4627524,37.77486128
B,-122.4311095,37.73108078
B,-122.4710155,37.75009431
B,-122.4573326,37.72813393
B,-122.4972538,37.75955331
B,-122.3861685,37.72562732
B,-122.4170592,37.79656833
B,-122.4454228,37.75078845
B,-122.4626009,37.71537038
B,-122.4414507,37.71065343
B,-122.3854885,37.72115222
B,-122.4608293,37.77799455
B,-122.4295504,37.71003015
B,-122.4430268,37.72313109
B,-122.4520591,37.70900471
B,-122.4170699,37.72676741
B,-122.4056108,37.74797917
B,-122.4703363,37.73954397
B,-122.4174975,37.73459327
B,-122.3858567,37.72702041
B,-122.4732775,37.75476628
B,-122.5054278,37.75857111
B,-122.4339747,37.73196612
B,-122.4217473,37.73728862
B,-122.4482385,37.78039134
B,-122.3803801,37.75325851
B,-122.503713,37.74430641
B,-122.4677071,37.78404263
B,-122.4954051,37.76380171
B,-122.430249,37.74186719
B,-122.4271573,37.72527017
B,-122.450441,37.75229082
B,-122.4318616,37.72961805
B,-122.494417,37.74096521
B,-122.4887626,37.74059668
B,-122.410423,37.80664746
B,-122.499294,37.74262721
B,-122.4323177,37.79812459
B,-122.4602472,37.71574671
B,-122.4624301,37.72866923
B,-122.4757847,37.77544574
B,-122.4484407,37.76917179
B,-122.4289296,37.75964299
B,-122.4155079,37.72911781
B,-122.4058493,37.73916829
B,-122.4747776,37.75056878
B,-122.4122135,37.72997236
B,-122.444277,37.72962525
B,-122.4487638,37.78855957
B,-122.4407675,37.71172968
B,-122.4322484,37.73843642
B,-122.4424105,37.71432524
B,-122.4432956,37.78544411
B,-122.4647523,37.75724626
B,-122.4024963,37.73866467
B,-122.4827681,37.78273703
B,-122.4773689,37.74671273
B,-122.3921342,37.78913798
B,-122.4751944,37.76173345
B,-122.4182636,37.74298001
B,-122.4745255,37.74185106
B,-122.4001742,37.73829156
B,-122.4701751,37.75800762
B,-122.391057,37.73217177
B,-122.4735059,37.77430213
B,-122.4618122,37.71657435
B,-122.3930297,37.72009007
B,-122.4874348,37.7321821
B,-122.4771849,37.74921566
B,-122.4350491,37.71527065
B,-122.3952312,37.71976342
B,-122.3974654,37.72038423
B,-122.4463059,37.73810877
B,-122.408038,37.74708837
B,-122.4226093,37.73973097
B,-122.4421192,37.7256514
B,-122.3972195,37.7457624
B,-122.4710251,37.75461594
B,-122.3955188,37.78730181
B,-122.4624411,37.76514197
B,-122.4710168,37.75595596
B,-122.4392445,37.75788625
B,-122.4425852,37.71462569
B,-122.4865559,37.7500491
B,-122.4014219,37.71977851
B,-122.452975,37.78081064
B,-122.3988732,37.75472986
B,-122.4226383,37.80031024
B,-122.390904,37.74651557
B,-122.4685561,37.74909152
B,-122.4585432,37.77689552
B,-122.4444068,37.79091026
B,-122.4338612,37.72212355
B,-122.4026269,37.71483248
B,-122.4386666,37.75316151
B,-122.4292616,37.79691847
B,-122.4887737,37.77672453
B,-122.3952572,37.78750783
B,-122.4575885,37.73178322
B,-122.4128811,37.73663838
B,-122.3729544,37.72884008
B,-122.5038685,37.75676769
B,-122.4069604,37.74333205
B,-122.4340239,37.78152567
B,-122.4366659,37.75917524
B,-122.4814136,37.77894566
B,-122.4299833,37.79214363
B,-122.4427678,37.79964823
B,-122.4324801,37.73070142
B,-122.3791069,37.7282906
B,-122.4668063,37.75590797
B,-122.4637003,37.78802592
B,-122.4015623,37.7390801
B,-122.461057,37.74078147
B,-122.4567687,37.7255518
B,-122.4022444,37.72000529
B,-122.3853703,37.72232907
B,-122.4541928,37.76417409
B,-122.4692072,37.7595444
B,-122.4400485,37.71508008
B,-122.462627,37.71811562
B,-122.4848416,37.76135029
B,-122.473716,37.75854871
B,-122.4442747,37.72935751
B,-122.5043036,37.73742396
B,-122.4469912,37.71231999
B,-122.4194794,37.74543204
B,-122.4438114,37.73867313
B,-122.4200308,37.72599289
B,-122.408954,37.74781578
B,-122.4536606,37.74328741
B,-122.4325296,37.79362362
B,-122.4521528,37.73513256
B,-122.4714074,37.74697578
B,-122.440676,37.7637423
B,-122.4413453,37.75245487
B,-122.3987753,37.72187661
B,-122.4023905,37.75965213
B,-122.4502359,37.78291488
B,-122.4446145,37.75466569
B,-122.4349169,37.79151831
B,-122.435614,37.77272332
B,-122.4031718,37.71444
B,-122.4448049,37.74939081
B,-122.4541071,37.74482059
B,-122.4363316,37.73918524
B,-122.3871494,37.73506728
B,-122.4634467,37.76415822
B,-122.5051603,37.77535222
B,-122.4626693,37.71613939
B,-122.4443192,37.73430475
B,-122.3936395,37.75281248
B,-122.4083586,37.72505231
B,-122.3875074,37.74087642
B,-122.4655736,37.78419481
B,-122.3891384,37.73486959
B,-122.3896437,37.75198771
B,-122.4275681,37.73005562
B,-122.4739163,37.75617237
B,-122.5002051,37.75567404
B,-122.4557487,37.74635195
B,-122.4163398,37.79418339
B,-122.4489499,37.78174166
B,-122.4465002,37.78824173
B,-122.47415,37.75184523
B,-122.4831072,37.75706
B,-122.4105379,37.71001602
B,-122.4350071,37.72907355
B,-122.4361708,37.72284756
B,-122.4410395,37.7594584
B,-122.4013208,37.7131177
B,-122.3905708,37.73851626
B,-122.4275097,37.78267353
B,-122.3931027,37.72105156
B,-122.431576,37.73143365
B,-122.3903467,37.72830507
B,-122.401105,37.76015441
B,-122.4909309,37.78173861
B,-122.4693478,37.75641835
B,-122.473596,37.7755455
B,-122.4269971,37.7278402
B,-122.4486427,37.74185057
B,-122.4405718,37.77940995
B,-122.4935385,37.74226034
B,-122.4750915,37.74993144
B,-122.45148,37.73574366
B,-122.4635161,37.71672959
B,-122.4475458,37.7397731
B,-122.4545107,37.72877815
B,-122.4079267,37.74496287
B,-122.4437012,37.78173425
B,-122.4635433,37.76041701
B,-122.4225125,37.74151223
B,-122.3948372,37.72109021
B,-122.4428999,37.7106907
B,-122.4499195,37.76078765
B,-122.431024,37.74019204
B,-122.4860995,37.77435114
B,-122.4457602,37.71434391
B,-122.4298109,37.7358318
B,-122.4380565,37.71155407
B,-122.5048295,37.74487944
B,-122.4321198,37.72946877
B,-122.3956177,37.74978051
B,-122.4374486,37.73211099
B,-122.4979512,37.74393843
B,-122.4027752,37.75054443
B,-122.4421914,37.70845544
B,-122.4238727,37.73024372
B,-122.4307049,37.7929548
B,-122.4782466,37.77973588
B,-122.4396359,37.75531563
B,-122.4862473,37.78631512
B,-122.4494098,37.77542243
B,-122.4409501,37.72929582
B,-122.4060358,37.74547313
B,-122.4168096,37.79472883
B,-122.5000672,37.75880551
B,-122.4598886,37.7378519
B,-122.4569413,37.74507242
B,-122.4181178,37.73462556
B,-122.428667,37.73746507
B,-122.39568,37.73574169
B,-122.4317258,37.73206167
B,-122.3957346,37.73114976
B,-122.4369857,37.74387634
B,-122.4494756,37.78379114
B,-122.4661904,37.71008539
B,-122.439399,37.74190622
B,-122.4442581,37.77947977
B,-122.3933254,37.73755041
B,-122.4350564,37.78107533
B,-122.441032,37.79953454
B,-122.4519919,37.72905572
B,-122.4529006,37.77549464
B,-122.457515,37.72593474
B,-122.4703919,37.70907942
B,-122.4578884,37.72428064
B,-122.5030221,37.75493106
B,-122.4394988,37.72354593
B,-122.436485,37.77420114
B,-122.426429,37.74933818
B,-122.4253563,37.73208233
B,-122.4680919,37.75896915
B,-122.3790016,37.72628121
B,-122.463813,37.75915659
B,-122.4055842,37.73887339
B,-122.426164,37.73140268
B,-122.4106673,37.72710845
B,-122.4965964,37.78076559
B,-122.4280882,37.79389031
B,-122.4540677,37.73532692
B,-122.4356974,37.79817271
B,-122.4030704,37.7531937
B,-122.4638598,37.72854846
B,-122.4371554,37.72016579
B,-122.4251767,37.75665297
B,-122.4344077,37.73112941
B,-122.4456622,37.75819191
B,-122.4273978,37.75143118
B,-122.454732,37.76424358
B,-122.4390916,37.78120344
B,-122.439657,37.78400069
B,-122.4739733,37.75439297
B,-122.4023075,37.72530125
B,-122.4151641,37.79257004
B,-122.474134,37.73108495
B,-122.4674248,37.71790035
B,-122.4201939,37.72550657
B,-122.4097684,37.79502627
B,-122.4954819,37.72998483
B,-122.4468478,37.79851105
B,-122.499266,37.75759335
B,-122.4857835,37.7594341
B,-122.4325802,37.71516285
B,-122.4675699,37.78215752
B,-122.4115047,37.8036499
B,-122.4234127,37.73737014
B,-122.4718049,37.77874024
B,-122.4739948,37.78625084
B,-122.4798617,37.78224072
B,-122.4389332,37.71141903
B,-122.4837349,37.77633079
B,-122.5024328,37.77235615
B,-122.415979,37.73681538
B,-122.3882194,37.72962269
B,-122.4642452,37.7653615
B,-122.4524294,37.72959312
B,-122.4272397,37.74982595
B,-122.4648287,37.72945326
B,-122.4500814,37.76158619
B,-122.4714826,37.76131446
B,-122.4928298,37.76286506
B,-122.4939828,37.74348914
B,-122.4305253,37.79482094
B,-122.4846746,37.77944641
B,-122.3952191,37.79160858
B,-122.5073011,37.77525428
B,-122.4164874,37.73605786
B,-122.501217,37.73942583
B,-122.4736299,37.72043819
B,-122.3808938,37.73052571
B,-122.4539608,37.73234797
B,-122.4793502,37.7597177
B,-122.4454214,37.71737044
B,-122.3965544,37.73813441
B,-122.4630707,37.74135129
B,-122.4364747,37.70975221
B,-122.4825662,37.75957597
B,-122.4944457,37.74347353
B,-122.4346099,37.71824893
B,-122.3923626,37.78977999
B,-122.4177795,37.74336846
B,-122.4170347,37.73771006
B,-122.4160171,37.74547196
B,-122.4343588,37.79433161
B,-122.4510272,37.76152955
B,-122.4502366,37.7407304
B,-122.4292324,37.74729335
B,-122.4914038,37.73665461
B,-122.3933648,37.73202462
B,-122.4723708,37.75254905
B,-122.4153666,37.78102706
B,-122.4929123,37.7435363
B,-122.4485321,37.73592579
B,-122.4054891,37.80089694
B,-122.3930418,37.74559295
B,-122.4572667,37.72414938
B,-122.4652545,37.71142594
B,-122.3985852,37.73511732
B,-122.3838597,37.72714841
B,-122.4355015,37.728482
B,-122.4279666,37.71789695
B,-122.4214486,37.80556746
B,-122.390091,37.7306811
B,-122.4909545,37.76170323
B,-122.494974,37.7627704
B,-122.4246118,37.73559643
B,-122.4872914,37.74004012
B,-122.4742648,37.73810403
B,-122.4600059,37.72905995
B,-122.4369374,37.7543337
B,-122.4801317,37.78596252
B,-122.4327516,37.73062626
B,-122.4434626,37.76532217
B,-122.4017861,37.71482889
B,-122.4131587,37.73586544
B,-122.4032856,37.76259236
B,-122.4630302,37.7161359
B,-122.4012293,37.76143397
B,-122.4715897,37.74136202
B,-122.4742364,37.75308848
B,-122.4604268,37.73095038
B,-122.451091,37.76756295
B,-122.4063999,37.73174859
B,-122.4126954,37.73992383
B,-122.4937988,37.74598707
B,-122.4578005,37.75485664
B,-122.4059067,37.72968666
B,-122.4158099,37.79992297
B,-122.4372835,37.78652743
B,-122.4569085,37.73340406
B,-122.4122975,37.73621035
B,-122.4175118,37.80004736
B,-122.397805,37.76249792
B,-122.4492362,37.73588153
B,-122.4447822,37.71148256
B,-122.4584648,37.77580519
B,-122.4554859,37.73000087
B,-122.4921871,37.74855323
B,-122.4163814,37.73723163
B,-122.4790901,37.75599386
B,-122.4054216,37.73203425
B,-122.4533871,37.73011119
B,-122.4341427,37.74726601
B,-122.4733013,37.72637039
B,-122.4306717,37.76230091
B,-122.455176,37.71319605
B,-122.4395267,37.70968005
B,-122.4562495,37.72979855
B,-122.4289876,37.73075384
B,-122.4348542,37.79955478
B,-122.3935161,37.73420075
B,-122.4483959,37.73806318
B,-122.4329525,37.79086476
B,-122.4334399,37.71980422
B,-122.4950362,37.75341762
B,-122.4598902,37.75564537
B,-122.4001428,37.75991358
B,-122.5071899,37.74789077
B,-122.4952883,37.76213428
B,-122.4734194,37.73107479
B,-122.5049168,37.74612088
B,-122.4458951,37.77586938
B,-122.4641855,37.73051925
B,-122.398127,37.76247847
B,-122.3733214,37.7346729
B,-122.4457853,37.72827548
B,-122.4275484,37.74525021
B,-122.4652706,37.71270071
B,-122.4142261,37.74153837
B,-122.4438303,37.7793552
B,-122.4268138,37.73363069
B,-122.4255534,37.72450446
B,-122.4513438,37.71502278
B,-122.4163267,37.80527658
B,-122.4681033,37.74898459
B,-122.482681,37.7315587
B,-122.4600253,37.7348178
B,-122.4139325,37.80175309
B,-122.4729351,37.776823
B,-122.4220121,37.79720992
B,-122.412043,37.79912083
B,-122.4068402,37.76195219
B,-122.4202297,37.71009167
B,-122.4587277,37.73003746
B,-122.4341757,37.7432398
B,-122.4498587,37.72193332
B,-122.4339988,37.79253727
B,-122.3982811,37.75733594
B,-122.381981,37.73062555
B,-122.4763813,37.78364552
B,-122.4351532,37.72419534
B,-122.4647088,37.71611963
B,-122.4283663,37.72796734
B,-122.4941577,37.7372406
B,-122.3890309,37.72976777
B,-122.4963222,37.73295369
B,-122.4884983,37.73489016
B,-122.4395833,37.7387697
B,-122.4487039,37.78826645
B,-122.411117,37.76212096
B,-122.4141251,37.71010579
B,-122.4794162,37.78599496
B,-122.3936416,37.72513713
B,-122.3949822,37.7600997
B,-122.4419786,37.77892535
B,-122.4020889,37.71608141
B,-122.4187104,37.72456278
B,-122.4871691,37.73259593
B,-122.3920682,37.73244401
B,-122.4796719,37.77464466
B,-122.4114405,37.80334003
B,-122.4457558,37.71905205
B,-122.4320175,37.77158224
B,-122.4557114,37.74331067
B,-122.3839211,37.7281284
B,-122.4452609,37.78679616
B,-122.4637009,37.72792852
B,-122.4336517,37.71567485
B,-122.3844833,37.72750231
B,-122.3709946,37.73307605
B,-122.3875739,37.73870937
B,-122.4643338,37.73218199
B,-122.4758489,37.78615986
B,-122.4647477,37.71968609
B,-122.4294623,37.74969167
B,-122.4295041,37.71730206
B,-122.4148255,37.79407905
B,-122.4333556,37.79081335
B,-122.4378526,37.71023053
B,-122.4788252,37.73113155
B,-122.4576458,37.75363739
B,-122.4038112,37.72029069
B,-122.5023777,37.74061748
B,-122.3956299,37.76348013
B,-122.4404323,37.72809673
B,-122.4036524,37.71977566
B,-122.4253,37.79678655
B,-122.4470073,37.74923943
B,-122.4598108,37.76338628
B,-122.4133298,37.73983823
B,-122.3930829,37.73077247
B,-122.4994881,37.7762354
B,-122.4091499,37.73885923
B,-122.4122564,37.74023298
B,-122.4237852,37.73389706
B,-122.4716917,37.75845369
B,-122.4179156,37.73821347
B,-122.4537348,37.78534127
B,-122.3939746,37.79015129
B,-122.4358082,37.7697961
B,-122.4704059,37.7525055
B,-122.4269796,37.7230713
B,-122.4949884,37.74905853
B,-122.4014994,37.75713829
B,-122.4370169,37.77095028
B,-122.4718334,37.73947816
B,-122.4043866,37.73958706
B,-122.4761092,37.77983128
B,-122.4194299,37.74018292
B,-122.3992573,37.73020323
B,-122.4453211,37.80379994
B,-122.4762029,37.78111532
B,-122.4408147,37.75303159
B,-122.4522515,37.78244916
B,-122.48388,37.78330889
B,-122.4916674,37.74109328
B,-122.4428327,37.78870675
B,-122.3954295,37.78681498
B,-122.4091671,37.72085095
B,-122.441763,37.72437329
B,-122.4312189,37.74476579
B,-122.4079311,37.74399694
B,-122.398338,37.75114666
B,-122.4056275,37.73567932
B,-122.4375807,37.77374518
B,-122.410761,37.71346867
B,-122.4697063,37.77697013
B,-122.4331626,37.74732396
B,-122.4333627,37.77268609
B,-122.3900104,37.78836518
B,-122.455162,37.78682375
B,-122.3896869,37.7524126
B,-122.4434352,37.74886032
B,-122.4058868,37.72436807
B,-122.4052974,37.76297619
B,-122.4399075,37.71012196
B,-122.4353482,37.71112605
B,-122.4028489,37.71452653
B,-122.3976422,37.76421616
B,-122.4743959,37.73998836
B,-122.428063,37.71633238
B,-122.4549282,37.73299609
B,-122.4502582,37.74238521
B,-122.4815915,37.75588351
B,-122.4038012,37.76084945
B,-122.4854691,37.76007287
B,-122.4495842,37.73651344
B,-122.4624356,37.7754305
B,-122.4651038,37.7778005
B,-122.4354121,37.71863147
B,-122.4279712,37.73352293
B,-122.4020806,37.72399327
B,-122.4070665,37.71825936
B,-122.481485,37.76462676
B,-122.4594361,37.72460738
B,-122.4299936,37.74751708
B,-122.4507961,37.73451065
B,-122.4341587,37.77385432
B,-122.4704963,37.76260361
B,-122.4563086,37.73120334
B,-122.4259919,37.75660387
B,-122.3912414,37.71999511
B,-122.5088603,37.77705626
B,-122.3942716,37.73094059
B,-122.4359185,37.77140492
B,-122.4615143,37.73156187
B,-122.4262602,37.73974854
B,-122.3787407,37.72870169
B,-122.407359,37.73333654
B,-122.4503165,37.73417341
B,-122.4089719,37.74577508
B,-122.408187,37.72288227
B,-122.4278272,37.75595425
B,-122.4438274,37.7396133
B,-122.4388303,37.73851457
B,-122.5082309,37.76281487
B,-122.4377947,37.73739028
B,-122.4478013,37.74197641
B,-122.4686063,37.71609603
B,-122.4762487,37.78175869
B,-122.4275393,37.7772443
B,-122.4131452,37.73829833
B,-122.5081256,37.77677416
B,-122.414606,37.80230656
B,-122.4503819,37.76307321
B,-122.4625517,37.71344043
B,-122.4615347,37.74275611
B,-122.4259724,37.7973352
B,-122.4465506,37.72880988
B,-122.4085589,37.73382078
B,-122.4439156,37.79127411
B,-122.4220641,37.8036358
B,-122.4117311,37.71373069
B,-122.4696266,37.75538068
B,-122.4493312,37.78416015
B,-122.4233612,37.78160114
B,-122.4412933,37.75387912
B,-122.4582523,37.72820034
B,-122.4042425,37.72391245
B,-122.3816398,37.75318554
B,-122.4309545,37.73239834
B,-122.3945322,37.75756145
B,-122.4513822,37.73857628
B,-122.4330665,37.70856468
B,-122.4720521,37.74569436
B,-122.4728253,37.74317102
B,-122.4425829,37.79024348
B,-122.4658213,37.75719882
B,-122.4357795,37.74582025
B,-122.4294518,37.73517615
B,-122.3951334,37.78782364
B,-122.4597871,37.75401499
B,-122.4121357,37.73102063
B,-122.4470898,37.71788341
B,-122.4523126,37.71871556
B,-122.4169312,37.70892715
B,-122.4043489,37.74785637
B,-122.4179139,37.74479674
B,-122.4461404,37.7626194
B,-122.383359,37.72875449
B,-122.3920409,37.72014227
B,-122.427852,37.74844737
B,-122.4347874,37.72185967
B,-122.4749866,37.77924041
B,-122.4102165,37.73163667
B,-122.4636531,37.78737182
B,-122.4711708,37.76191023
B,-122.4498221,37.72090169
B,-122.4435284,37.75840652
B,-122.4731931,37.73816917
B,-122.4517272,37.76875266
B,-122.4010921,37.73340307
B,-122.4114191,37.71364642
B,-122.3970651,37.79694097
B,-122.439289,37.71302197
B,-122.4482865,37.71511815
B,-122.427535,37.73456564
B,-122.4800355,37.73159834
B,-122.5021437,37.74748982
B,-122.459438,37.71659611
B,-122.4433259,37.72720887
B,-122.4674116,37.75150385
B,-122.4524444,37.7639455
B,-122.4313711,37.7463587
B,-122.3888387,37.7331201
B,-122.4301742,37.72459403
B,-122.4453196,37.7139908
B,-122.4577595,37.76557032
B,-122.4077648,37.80252346
B,-122.4347761,37.70978673
B,-122.4825333,37.77954336
B,-122.5021657,37.77361594
B,-122.4078795,37.73005697
B,-122.4049128,37.72994652
B,-122.4595265,37.72001927
B,-122.4264175,37.7528262
B,-122.4042341,37.79914386
B,-122.4337616,37.72838961
B,-122.4098433,37.72599394
B,-122.4720147,37.74632062
B,-122.4880513,37.7325572
B,-122.3822841,37.73713501
B,-122.4009203,37.74060476
B,-122.434128,37.72225069
B,-122.4397896,37.75771416
B,-122.4391576,37.72301888
B,-122.4570234,37.71230789
B,-122.4660966,37.77651087
B,-122.4059431,37.74602437
B,-122.4983761,37.75513162
B,-122.4424301,37.78396326
B,-122.4878135,37.73337221
B,-122.4539093,37.76240089
B,-122.4416454,37.72767768
B,-122.4120652,37.74002869
B,-122.3934228,37.74612907
B,-122.4033319,37.74175697
B,-122.4106883,37.70969145
B,-122.442007,37.73128602
B,-122.4590405,37.74432194
B,-122.507967,37.77459919
B,-122.4644151,37.71672179
B,-122.4231741,37.73853003
B,-122.4599659,37.7538743
B,-122.5000185,37.77371432
B,-122.4022404,37.71911969
B,-122.4598031,37.77866115
B,-122.4882367,37.77425347
B,-122.3850352,37.73094984
B,-122.4910971,37.77412269
B,-122.4262578,37.72862127
B,-122.472246,37.77498333
B,-122.4054024,37.72582573
B,-122.4655096,37.70961861
B,-122.4560912,37.71797876
B,-122.4410695,37.76212829
B,-122.4534148,37.72003596
B,-122.4413182,37.75085411
B,-122.5043909,37.73866543
B,-122.4122014,37.73957329
B,-122.497534,37.77885857
B,-122.4430459,37.71487998
B,-122.4563331,37.73260017
B,-122.4548785,37.77589356
B,-122.4350592,37.71424706
B,-122.4561436,37.72875302
B,-122.4111429,37.72211128
B,-122.4023996,37.74332339
B,-122.4359277,37.71746755
B,-122.4508553,37.74138787
B,-122.4613411,37.75599612
B,-122.4424854,37.70899956
B,-122.4289622,37.77898278
B,-122.4001351,37.72890819
B,-122.4182945,37.79272969
B,-122.4527469,37.7493409
B,-122.4056959,37.79927609
B,-122.4098239,37.72156807
B,-122.4019549,37.71419698
B,-122.4295789,37.75478092
B,-122.4566208,37.74430361
B,-122.4592495,37.7544506
B,-122.434532,37.7464555
B,-122.4095366,37.74076245
B,-122.4098956,37.73973876
B,-122.4434231,37.78142146
B,-122.4643725,37.71278482
B,-122.45724,37.74401512
B,-122.4957837,37.75899266
B,-122.4853402,37.77376134
B,-122.4457631,37.78449404
B,-122.3869786,37.75801546
B,-122.5014877,37.73817215
B,-122.4225529,37.7346039
B,-122.4707412,37.75750881
B,-122.5056217,37.75107533
B,-122.4465648,37.7312619
B,-122.409416,37.71186496
B,-122.4496896,37.77795371
B,-122.5038347,37.75115523
B,-122.4961512,37.77451569
B,-122.4143309,37.73443482
B,-122.4923155,37.7810295
B,-122.4564157,37.72880203
B,-122.4053556,37.71235929
B,-122.4103216,37.72276923
B,-122.4185582,37.74510168
B,-122.3894671,37.73032885
B,-122.4404558,37.75972645
B,-122.4993975,37.77499158
B,-122.499893,37.73586725
B,-122.4578628,37.754009
B,-122.4250031,37.7233184
B,-122.4956904,37.73717681
B,-122.4595931,37.72562232
B,-122.4854702,37.73355114
B,-122.3925381,37.72167803
B,-122.4623985,37.73190628
B,-122.4367144,37.71494409
B,-122.3890188,37.73606133
B,-122.413235,37.79548931
B,-122.4116477,37.79599362
B,-122.4299153,37.79458526
B,-122.4941985,37.74659318
B,-122.4479205,37.77817889
B,-122.4169432,37.79658014
B,-122.4512893,37.75824499
B,-122.4698486,37.72031213
B,-122.4130655,37.73905791
B,-122.4110292,37.80307312
B,-122.416774,37.7455281
B,-122.4058899,37.76925997
B,-122.428786,37.75429251
B,-122.4415034,37.75993567
B,-122.4058357,37.73635533
B,-122.4771345,37.77914612
B,-122.4681845,37.75298022
B,-122.4397358,37.73997854
B,-122.3925479,37.76281318
B,-122.402115,37.79372903
B,-122.4201815,37.74259674
B,-122.4310777,37.73838637
B,-122.4401012,37.75560234
B,-122.4151151,37.74553447
B,-122.4910521,37.73001367
B,-122.4051669,37.76162982
B,-122.4812229,37.76088479
B,-122.4593011,37.777445
B,-122.4112558,37.73029734
B,-122.4873491,37.73082971
B,-122.4363135,37.72265447
B,-122.4434626,37.74850043
B,-122.4145762,37.79381049
B,-122.4109066,37.73774284
B,-122.4700636,37.77695385
B,-122.4581379,37.72696248
B,-122.4330023,37.77368392
B,-122.4956522,37.73220928
B,-122.4121256,37.7358057
B,-122.4629527,37.70847636
B,-122.3876261,37.73596528
B,-122.418669,37.73849576
B,-122.4719832,37.77873218
B,-122.4348294,37.74008235
B,-122.455177,37.76512884
B,-122.4714579,37.73949467
B,-122.4393112,37.74273286
B,-122.4380606,37.71988977
B,-122.4287873,37.75884578
B,-122.4820972,37.73535002
B,-122.4457977,37.72989007
B,-122.4105773,37.79071341
B,-122.4586183,37.70862579
B,-122.4257279,37.79056312
B,-122.4848698,37.74638165
B,-122.4502445,37.76239696
B,-122.4768401,37.74424316
B,-122.4793273,37.74912118
B,-122.4076772,37.80348707
B,-122.4517928,37.71862792
B,-122.3985361,37.75209867
B,-122.3950903,37.73105705
B,-122.4642802,37.72828554
B,-122.4938708,37.73665466
B,-122.4350091,37.73944888
B,-122.4572636,37.72450116
B,-122.441751,37.7596442
B,-122.5090353,37.77455026
B,-122.3957836,37.74526085
B,-122.4823573,37.73479803
B,-122.4481362,37.71791849
B,-122.4552587,37.76418016
B,-122.4365054,37.72769349
B,-122.5083322,37.75470254
B,-122.4210626,37.74160076
B,-122.4128916,37.79523041
B,-122.4402386,37.79839028
B,-122.4382381,37.72721783
B,-122.4219654,37.79975951
B,-122.379422,37.73421101
B,-122.4385688,37.77043244
B,-122.4083477,37.73856093
B,-122.4457233,37.7800845
B,-122.4307841,37.79888786
B,-122.4946202,37.76029503
B,-122.4213358,37.74189537
B,-122.4723399,37.77871606
B,-122.431304,37.71878366
B,-122.4024674,37.75708199
B,-122.4248004,37.79430976
B,-122.4788495,37.74228275
B,-122.4988129,37.73578224
B,-122.3721287,37.72776522
B,-122.4089815,37.80428089
B,-122.4460407,37.73381438
B,-122.4679692,37.71279337
B,-122.4382588,37.74891573
B,-122.3975235,37.79718937
B,-122.4333996,37.80069891
B,-122.4963661,37.75709694
B,-122.3959397,37.73516844
B,-122.3942959,37.78743115
B,-122.4897582,37.77543176
B,-122.372474,37.72825619
B,-122.4707786,37.77692126
B,-122.4765701,37.74051394
B,-122.407216,37.73435399
B,-122.4199882,37.74251866
B,-122.4166068,37.73717391
B,-122.4814587,37.77958378
B,-122.3919163,37.72132512
B,-122.4600241,37.72473151
B,-122.4674041,37.71610238
B,-122.4491727,37.71442114
B,-122.4547658,37.72003273
B,-122.4106751,37.79551331
B,-122.4708582,37.75835944
B,-122.462838,37.77603561
B,-122.4651359,37.74033014
B,-122.5067685,37.75726408
B,-122.4376099,37.72501648
B,-122.485106,37.73951527
B,-122.4472158,37.76095342
B,-122.4465848,37.77642441
B,-122.4067369,37.73440498
B,-122.499607,37.74198699
B,-122.4639803,37.73133861
B,-122.4588579,37.72365028
B,-122.4700881,37.75676325
B,-122.3916504,37.76158267
B,-122.4145006,37.74074485
B,-122.4646127,37.76037011
B,-122.4385069,37.78701001
B,-122.3971247,37.73135004
B,-122.464219,37.77534905
B,-122.4027472,37.75321292
B,-122.3956073,37.71934565
B,-122.4442693,37.71764987
B,-122.4622129,37.73381628
B,-122.4568121,37.77720574
B,-122.4193742,37.73144513
B,-122.4691082,37.74271075
B,-122.4353997,37.74176564
B,-122.4115589,37.79555216
B,-122.4277278,37.73965917
B,-122.491579,37.73985027
B,-122.482328,37.74587131
B,-122.4958314,37.75712045
B,-122.430424,37.72855266
B,-122.4950264,37.73032749
B,-122.412403,37.7628978
B,-122.4914538,37.78400975
B,-122.4626051,37.71579032
B,-122.476898,37.75047531
B,-122.4473834,37.75850788
B,-122.5010437,37.76250224
B,-122.4599704,37.70828842
B,-122.48131,37.76212814
B,-122.3953472,37.74469726
B,-122.4450681,37.71348917
B,-122.4612406,37.72407608
B,-122.3924198,37.75050603
B,-122.4288693,37.70942917
B,-122.4522221,37.76836989
B,-122.4694232,37.76265074
B,-122.4460679,37.75249018
B,-122.4451382,37.71223724
B,-122.4769759,37.74111835
B,-122.3917753,37.76157512
B,-122.3803594,37.73052093
B,-122.4355278,37.70937518
B,-122.4665068,37.71610712
B,-122.4074164,37.7232568
B,-122.4954211,37.7384377
B,-122.4465491,37.72854049
B,-122.5027042,37.77608847
B,-122.3913192,37.75261998
B,-122.4905307,37.73130507
B,-122.4373171,37.72128117
B,-122.4358394,37.72095075
B,-122.460005,37.75446605
B,-122.417923,37.74599361
B,-122.5061906,37.77962996
B,-122.456907,37.77980797
B,-122.448365,37.73574323
B,-122.4724866,37.74879923
B,-122.4246881,37.79654746
B,-122.4988657,37.77751077
B,-122.4704389,37.71328394
B,-122.4543773,37.74111421
B,-122.4538598,37.74125952
B,-122.4339487,37.73541339
B,-122.4344432,37.72968225
B,-122.4367032,37.74791543
B,-122.4131934,37.74156559
B,-122.4698447,37.75273875
B,-122.4610539,37.74047097
B,-122.4841546,37.74641323
B,-122.4289645,37.79823235
B,-122.4150935,37.74117529
B,-122.4145163,37.7263934
B,-122.386762,37.73856307
B,-122.4679507,37.75087251
B,-122.4211587,37.79296255
B,-122.4251605,37.72599082
B,-122.4018543,37.75059391
B,-122.4467276,37.71543508
B,-122.4948572,37.74719282
B,-122.4356972,37.74501987
B,-122.4524409,37.70840822
B,-122.4126395,37.73701912
B,-122.4867258,37.75752223
B,-122.4653565,37.72034439
B,-122.4433804,37.70907124
B,-122.4494335,37.76081755
B,-122.4500039,37.73682455
B,-122.4290273,37.79854306
B,-122.4111292,37.72999061
B,-122.4806231,37.78282985
B,-122.4083828,37.73542886
B,-122.4325574,37.70876454
B,-122.4945845,37.77770521
B,-122.4726214,37.75636298
B,-122.4292081,37.75480454
B,-122.4945687,37.73186804
B,-122.4476871,37.71558964
B,-122.4316809,37.7975682
B,-122.43904,37.71673726
B,-122.377026,37.73997637
B,-122.4091155,37.80235337
B,-122.4543151,37.71002732
B,-122.3942544,37.73045637
B,-122.4191941,37.79584068
B,-122.4752001,37.76181572
B,-122.4037163,37.74134204
B,-122.4641407,37.71973133
B,-122.3943608,37.72998963
B,-122.4118767,37.80551217
B,-122.4750291,37.77988252
B,-122.4810685,37.7840566
B,-122.4325678,37.74333699
B,-122.3726992,37.7284537
B,-122.4488643,37.72078166
B,-122.4156754,37.74166813
B,-122.4062349,37.72871239
B,-122.4438248,37.71175669
B,-122.4442696,37.78468307
B,-122.4676726,37.75337668
B,-122.4335828,37.79605238
B,-122.4384942,37.73403418
B,-122.426152,37.78987842
B,-122.4715697,37.75070971
B,-122.4612425,37.73709333
B,-122.40826,37.79214982
B,-122.464265,37.76566019
B,-122.4392643,37.79912421
B,-122.4248473,37.73401587
B,-122.4088426,37.72182493
B,-122.3728485,37.73207319
B,-122.3980502,37.77247398
B,-122.4152408,37.79221636
B,-122.4715708,37.75535186
B,-122.4867836,37.73503711
B,-122.4713167,37.77440179
B,-122.4649259,37.75973211
B,-122.4225217,37.7404111
B,-122.4494193,37.73778911
B,-122.5018456,37.73815647
B,-122.4404991,37.74983056
B,-122.4924831,37.78332828
B,-122.4901742,37.78112631
B,-122.3988804,37.75681034
B,-122.427775,37.74764813
B,-122.4885628,37.78371707
B,-122.4151956,37.73987969
B,-122.4178389,37.80155654
B,-122.4582443,37.72633669
B,-122.4482499,37.77613553
B,-122.4653076,37.74066454
B,-122.4579265,37.7333096
B,-122.4453935,37.7395215
B,-122.4358188,37.71078795
B,-122.3907989,37.72257749
B,-122.3866566,37.75803481
B,-122.4494005,37.73716294
B,-122.4529459,37.72909601
B,-122.4727946,37.78255828
B,-122.4612331,37.72243109
B,-122.4022604,37.72443164
B,-122.4953801,37.76088575
B,-122.4613756,37.71315368
B,-122.4498604,37.74294845
B,-122.4968236,37.73157721
B,-122.4480862,37.73068933
B,-122.4802084,37.77711445
B,-122.5074744,37.76221782
B,-122.4293234,37.73899573
B,-122.40084,37.73132793
B,-122.4868192,37.77934802
B,-122.4268971,37.79913259
B,-122.4114401,37.73124778
B,-122.4706182,37.75139054
B,-122.4198791,37.74170667
B,-122.5052314,37.74548401
B,-122.4197731,37.80006006
B,-122.4488359,37.72883113
B,-122.4572378,37.72868006
B,-122.460192,37.71228456
B,-122.4656279,37.71791231
B,-122.4183153,37.79562826
B,-122.4824356,37.75771127
B,-122.43939,37.79974728
B,-122.4210997,37.79267102
B,-122.4286055,37.73572951
B,-122.465295,37.71489339
B,-122.4705382,37.75636512
B,-122.4565241,37.77579124
B,-122.4208437,37.80088244
B,-122.4185176,37.74553622
B,-122.4235798,37.80497257
B,-122.4705747,37.74824937
B,-122.4980839,37.74579763
B,-122.4881498,37.77800024
B,-122.4539715,37.76433516
B,-122.4948131,37.74656074
B,-122.4175966,37.73708302
B,-122.3801977,37.72506981
B,-122.4396445,37.72067369
B,-122.4535227,37.76203576
B,-122.4170896,37.73956599
B,-122.4126903,37.73035367
B,-122.501225,37.77553239
B,-122.4544701,37.73032094
B,-122.4533127,37.76219669
B,-122.406214,37.72427924
B,-122.4141345,37.73111865
B,-122.4919421,37.76041237
B,-122.4851631,37.77626509
B,-122.4275149,37.72332647
B,-122.4315581,37.73957886
B,-122.4378427,37.721314
B,-122.4424817,37.80384225
B,-122.4368409,37.74203871
B,-122.4330803,37.74571164
B,-122.4900619,37.73867451
B,-122.4233643,37.72937363
B,-122.4331797,37.74973651
B,-122.4111335,37.72033453
B,-122.4048489,37.73432064
B,-122.4594039,37.738848
B,-122.4584363,37.73538672
B,-122.5026136,37.75931824
B,-122.4040696,37.78433019
B,-122.4485715,37.72120068
B,-122.486426,37.74818434
B,-122.4086793,37.72231105
B,-122.4626557,37.74195159
B,-122.4869789,37.74067533
B,-122.4206535,37.79609319
B,-122.4523533,37.77761463
B,-122.4449242,37.79347057
B,-122.423172,37.73447958
B,-122.4351939,37.71256096
B,-122.4293683,37.72420992
B,-122.4898355,37.74054936
B,-122.4371026,37.72355671
B,-122.3989176,37.79607865
B,-122.4808031,37.78531096
B,-122.4134741,37.77771476
B,-122.4632697,37.71613358
B,-122.412539,37.73582961
B,-122.3873272,37.73793622
B,-122.3974478,37.73611604
B,-122.3988599,37.73660635
B,-122.4275985,37.79425367
B,-122.4050409,37.7476491
B,-122.4383611,37.71907317
B,-122.4211828,37.72790137
B,-122.4431384,37.77910283
B,-122.436789,37.73644538
B,-122.3881613,37.72864332
B,-122.423439,37.72806476
B,-122.4167149,37.71029515
B,-122.4068644,37.71872432
B,-122.4724609,37.78383047
B,-122.5049597,37.74674205
B,-122.4697048,37.75640239
B,-122.4591158,37.72527652
B,-122.4635627,37.72108352
B,-122.4439232,37.71439054
B,-122.4793425,37.76471915
B,-122.4766381,37.74674499
B,-122.4541286,37.78727124
B,-122.4435359,37.76263815
B,-122.425229,37.79365264
B,-122.4056695,37.79991656
B,-122.4038099,37.72890403
B,-122.4245974,37.7502527
B,-122.4683373,37.74969779
B,-122.4382122,37.71330731
B,-122.4562669,37.77977351
B,-122.4509391,37.74883024
B,-122.4564381,37.7330802
B,-122.4510156,37.75168762
B,-122.4820835,37.77827515
B,-122.4886223,37.74372519
B,-122.4460152,37.71863612
B,-122.4930507,37.74040749
B,-122.4215053,37.72868069
B,-122.4375895,37.75750879
B,-122.5085435,37.7621705
B,-122.4571826,37.73108382
B,-122.4430415,37.7842033
B,-122.3946506,37.75327377
B,-122.462594,37.71468805
B,-122.4160101,37.72856855
B,-122.5022639,37.75433342
B,-122.4395026,37.78913355
B,-122.4145079,37.79593462
B,-122.4723231,37.78194589
B,-122.4410986,37.79986048
B,-122.4443434,37.75343649
B,-122.3995306,37.73274947
B,-122.4140767,37.79966795
B,-122.4758271,37.76049801
B,-122.4504998,37.7100064
B,-122.3959865,37.78609624
B,-122.4782004,37.77909447
B,-122.4684053,37.75833126
B,-122.4479693,37.70963637
B,-122.4415518,37.70967788
B,-122.4454539,37.71858911
B,-122.4162358,37.79955192
B,-122.4152197,37.80063497
B,-122.4376928,37.78301064
B,-122.4450959,37.75364064
B,-122.460589,37.76428359
B,-122.4448527,37.75746276
B,-122.415274,37.72856752
B,-122.4333205,37.70846501
B,-122.4140168,37.73793053
B,-122.4272484,37.73359022
B,-122.4038091,37.71877287
B,-122.4721119,37.74881573
B,-122.4145749,37.73984123
B,-122.4347304,37.7126942
B,-122.4084905,37.73451637
B,-122.4582665,37.73055117
B,-122.4487903,37.73599997
B,-122.4782682,37.76476703
B,-122.4850446,37.7844996
B,-122.4388903,37.72392208
B,-122.5062927,37.75042632
B,-122.404322,37.76295487
B,-122.437319,37.71610796
B,-122.4116333,37.72153979
B,-122.4521098,37.74911954
B,-122.5053795,37.77346862
B,-122.4081967,37.72553804
B,-122.4383039,37.76838782
B,-122.4080473,37.80300709
B,-122.4430533,37.76427139
B,-122.4741435,37.78312565
B,-122.4977932,37.75703436
B,-122.4520819,37.75371227
B,-122.4046875,37.80099923
B,-122.4743854,37.74497586
B,-122.385993,37.72268248
B,-122.4722752,37.76186172
B,-122.4871071,37.73173069
B,-122.385632,37.71681253
B,-122.3965539,37.76299947
B,-122.4951843,37.74530398
B,-122.4073521,37.72351081
B,-122.4104004,37.74083022
B,-122.4514654,37.77772766
B,-122.4786467,37.75476436
B,-122.503035,37.74994591
B,-122.506764,37.77278154
B,-122.4155695,37.74039303
B,-122.4831523,37.7732366
B,-122.5052219,37.75046961
B,-122.4986692,37.77968882
B,-122.4033282,37.7427578
B,-122.4478297,37.76893059
B,-122.4432118,37.71034415
B,-122.4061632,37.747867
B,-122.4534231,37.71002559
B,-122.4386624,37.71099046
B,-122.4015597,37.73781938
B,-122.4944798,37.7403444
B,-122.4435596,37.7895219
B,-122.4582394,37.72528217
B,-122.442236,37.75791294
B,-122.4684798,37.75507386
B,-122.4390185,37.79790904
B,-122.4414233,37.78223187
B,-122.4192868,37.74223598
B,-122.4631336,37.76479815
B,-122.4075914,37.71563461
B,-122.459,37.71198915
B,-122.4191254,37.74602948
B,-122.4778384,37.7585372
B,-122.4160942,37.73901794
B,-122.4033911,37.71926033
B,-122.4286926,37.7217613
B,-122.3963467,37.74463523
B,-122.448863,37.73331185
B,-122.4245331,37.73582686
B,-122.3905966,37.79117485
B,-122.410638,37.73274885
B,-122.443036,37.80377171
B,-122.456044,37.71348417
B,-122.4768626,37.7753966
B,-122.4323664,37.70893168
B,-122.4222174,37.7451834
B,-122.4077195,37.73859954
B,-122.4465518,37.71196742
B,-122.4002526,37.72700689
B,-122.470446,37.7497233
B,-122.4542675,37.76461433
B,-122.4472052,37.71640151
B,-122.4665447,37.75217784
B,-122.5029267,37.7586805
B,-122.507918,37.75097582
B,-122.4482468,37.71015009
B,-122.4047685,37.80003158
B,-122.4842101,37.73232486
B,-122.3906531,37.78704096
B,-122.4288092,37.72111607
B,-122.3889648,37.73193343
B,-122.4059812,37.71569735
B,-122.436402,37.72318565
B,-122.4444939,37.78301245
B,-122.4355376,37.74296716
B,-122.4252095,37.72738023
B,-122.4218404,37.80354593
B,-122.4674361,37.75089669
B,-122.4069478,37.71344691
B,-122.4202601,37.74112187
B,-122.4337852,37.77199508
B,-122.4333326,37.74356532
B,-122.4347348,37.71760332
B,-122.4544659,37.73145955
B,-122.4081063,37.7401548
B,-122.4216037,37.74399494
B,-122.4731659,37.74502892
B,-122.4598432,37.76385058
B,-122.410845,37.80595641
B,-122.4443137,37.73405596
B,-122.3798481,37.72487135
B,-122.4148875,37.73518045
B,-122.4056962,37.73260969
B,-122.4944614,37.78093086
B,-122.4723151,37.73105908
B,-122.3932655,37.7469575
B,-122.4379075,37.73611691
B,-122.3879824,37.73516388
B,-122.4394078,37.71165627
B,-122.3993942,37.75268691
B,-122.5018523,37.75872748
B,-122.4469847,37.77031272
B,-122.4755805,37.78243628
B,-122.4286952,37.79411357
B,-122.4753077,37.75304091
B,-122.4501966,37.76703709
B,-122.4452242,37.79775585
B,-122.4791885,37.75224632
B,-122.4367505,37.71589915
B,-122.3940692,37.78837856
B,-122.4504889,37.75492868
B,-122.4657354,37.75595371
B,-122.4154973,37.79836618
B,-122.4111345,37.7352939
B,-122.4404266,37.71225271
B,-122.4249725,37.73018775
B,-122.406934,37.7233828
B,-122.4465392,37.80428294
B,-122.4479332,37.78383686
B,-122.4205459,37.78993593
B,-122.3922167,37.75513128
B,-122.4120212,37.73464497
B,-122.466201,37.72761639
B,-122.4104511,37.74516723
B,-122.4078415,37.76189192
B,-122.4034231,37.72634289
B,-122.4794781,37.74100719
B,-122.4299066,37.76207925
B,-122.4091728,37.72262613
B,-122.4245405,37.73735563
B,-122.3986703,37.75205969
B,-122.474062,37.71988395
B,-122.4731643,37.75313609
B,-122.4350108,37.7294925
B,-122.4742997,37.77488972
B,-122.4547744,37.75653141
B,-122.5084356,37.77612896
B,-122.4277885,37.72345687
B,-122.4130054,37.70883017
B,-122.5078295,37.75285231
B,-122.4601941,37.71316097
B,-122.4954411,37.75152872
B,-122.4978991,37.73208052
B,-122.4087037,37.73271779
B,-122.5049394,37.7567205
B,-122.4139615,37.79600337
B,-122.4404832,37.72835175
B,-122.4829232,37.75956023
B,-122.46022,37.72401068
B,-122.4251549,37.77516779
B,-122.4617663,37.77608497
B,-122.4023534,37.72662645
B,-122.4308582,37.73041184
B,-122.4264251,37.7213866
B,-122.4324818,37.72634699
B,-122.4495764,37.72181994
B,-122.4517433,37.71455586
B,-122.4392388,37.71170113
B,-122.4345556,37.73160737
B,-122.4086888,37.71492633
B,-122.4304278,37.74426955
B,-122.4420019,37.73044762
B,-122.4929512,37.78553215
B,-122.4221957,37.74396314
B,-122.4518293,37.71937333
B,-122.437767,37.72079288
B,-122.4413398,37.75967004
B,-122.4710208,37.71787634
B,-122.4677969,37.78528637
B,-122.4272572,37.73830363
B,-122.4936137,37.73791073
B,-122.5013003,37.74565656
B,-122.4151572,37.70965855
B,-122.4117618,37.79915637
B,-122.4491855,37.75308895
B,-122.4417273,37.78884844
B,-122.4494284,37.71879792
B,-122.4160157,37.76526734
B,-122.4881166,37.73760245
B,-122.4297175,37.80195997
B,-122.385874,37.71758727
B,-122.4185566,37.72770945
B,-122.4107699,37.73924296
B,-122.4779114,37.74419611
B,-122.4336385,37.73179498
B,-122.5006427,37.76189779
B,-122.3878488,37.73317429
B,-122.3985471,37.75332053
B,-122.4486368,37.73620096
B,-122.4469739,37.73904534
B,-122.4972161,37.77446698
B,-122.41417,37.80013092
B,-122.4410103,37.76146851
B,-122.3937962,37.7761473
B,-122.4638294,37.71792425
B,-122.405515,37.79993629
B,-122.4661354,37.75656195
B,-122.408371,37.72859801
B,-122.4404166,37.71268968
B,-122.4551123,37.72124048
B,-122.4998416,37.7606888
B,-122.3736903,37.73114061
B,-122.4101481,37.76217886
B,-122.4206417,37.74224744
B,-122.4508864,37.72234215
B,-122.4565143,37.72795975
B,-122.4625163,37.7421532
B,-122.4291094,37.72923674
B,-122.4852364,37.74137669
B,-122.3872762,37.73381099
B,-122.470338,37.75473636
B,-122.3887524,37.71858615
B,-122.4351783,37.73548417
B,-122.5071649,37.77338674
B,-122.4406758,37.75471993
B,-122.5002885,37.77245422
B,-122.4517904,37.7690637
B,-122.4657799,37.77714883
B,-122.386595,37.72933089
B,-122.4859408,37.74633435
B,-122.4515285,37.74881457
B,-122.4860629,37.75318986
B,-122.4359911,37.77458256
B,-122.4387173,37.7536948
B,-122.4450433,37.75148261
B,-122.4394648,37.75900768
B,-122.4560309,37.71201196
B,-122.4281814,37.7999238
B,-122.4489336,37.74095782
B,-122.4400996,37.76160849
B,-122.3996121,37.76110278
B,-122.4303199,37.77881076
B,-122.5011936,37.75438234
B,-122.4692596,37.7757431
B,-122.4124022,37.79974544
B,-122.4074331,37.74527551
B,-122.4343637,37.71954066
B,-122.4711263,37.74013383
B,-122.407191,37.72312188
B,-122.4276986,37.77818831
B,-122.4463035,37.73386371
B,-122.4571421,37.71942745
B,-122.4059737,37.76074414
B,-122.5023724,37.74560952
B,-122.4104643,37.79433299
B,-122.4567983,37.73415156
B,-122.3915348,37.72489339
B,-122.4523144,37.73764768
B,-122.4404946,37.75695086
B,-122.4167867,37.72951344
B,-122.5043111,37.77351761
B,-122.5013481,37.74128578
B,-122.4050545,37.74115199
B,-122.4557155,37.77878712
B,-122.4587455,37.72758068
B,-122.431384,37.73309734
B,-122.447347,37.77857802
B,-122.4316535,37.70889586
B,-122.4627027,37.71793172
B,-122.4423099,37.70943019
B,-122.4545128,37.73237932
B,-122.4046902,37.71976999
B,-122.4726318,37.75612874
B,-122.4568107,37.72184016
B,-122.4613687,37.76518953
B,-122.4137427,37.80082342
B,-122.3948945,37.74228441
B,-122.4675742,37.75201903
B,-122.4640734,37.76288556
B,-122.4419969,37.73420197
B,-122.4884177,37.75620394
B,-122.412382,37.80799823
B,-122.470129,37.73709068
B,-122.4667526,37.76027625
B,-122.3884002,37.73256128
B,-122.4402616,37.71186305
B,-122.4311791,37.77870116
B,-122.4237786,37.73955391
B,-122.4582405,37.72550756
B,-122.4737682,37.74126281
B,-122.4266268,37.72501691
B,-122.4386419,37.79604717
B,-122.4266798,37.80361988
B,-122.40241,37.72213807
B,-122.4815696,37.73244131
B,-122.4986314,37.76386474
B,-122.4341109,37.73502853
B,-122.4448825,37.75090248
B,-122.4309068,37.79670999
B,-122.4448743,37.71783355
B,-122.4561054,37.74366844
B,-122.4098209,37.72067924
B,-122.3969551,37.76382787
B,-122.4441649,37.72238773
B,-122.3959134,37.74406547
B,-122.4287241,37.73235887
B,-122.4262296,37.73608922
B,-122.395626,37.76006083
B,-122.463371,37.7402561
B,-122.4432411,37.76157227
B,-122.4054011,37.75390888
B,-122.4184151,37.73640068
B,-122.4083518,37.72328323
B,-122.452304,37.71647152
B,-122.4222617,37.79844561
B,-122.4290777,37.74569123
B,-122.4700486,37.7121781
B,-122.4555953,37.72921124
B,-122.4369539,37.77063505
B,-122.4397408,37.71063338
B,-122.4716721,37.77939127
B,-122.4557942,37.72383849
B,-122.444322,37.76420832
B,-122.422166,37.74204797
B,-122.4052159,37.76213418
B,-122.5058501,37.74919907
B,-122.4392378,37.75535667
B,-122.4486047,37.74146569
B,-122.4881391,37.73383373
B,-122.4944599,37.75032251
B,-122.4879238,37.75933968
B,-122.4322739,37.77569165
B,-122.4186115,37.73786218
B,-122.503506,37.77230706
B,-122.4160874,37.73563905
B,-122.4523697,37.75336128
B,-122.4415409,37.78792229
B,-122.4038912,37.72311861
B,-122.4721747,37.75908337
B,-122.4738577,37.76307839
B,-122.4133639,37.79335888
B,-122.4746933,37.73234016
B,-122.445863,37.78982473
B,-122.4920908,37.73717229
B,-122.4012707,37.76186004
B,-122.4514971,37.71743463
B,-122.5018215,37.75311796
B,-122.4160914,37.79573538
B,-122.4291064,37.80171983
B,-122.4170987,37.72860454
B,-122.4601145,37.73520739
B,-122.4100668,37.79377971
B,-122.4882412,37.78422273
B,-122.4049579,37.79905161
B,-122.3726869,37.7312011
B,-122.4340868,37.78183637
B,-122.4427054,37.75889697
B,-122.4190911,37.73402787
B,-122.4078826,37.71495831
B,-122.4294943,37.79250697
B,-122.4610115,37.7165817
B,-122.453869,37.73472206
B,-122.4412003,37.78060313
B,-122.4929281,37.73854749
B,-122.4265132,37.80013586
B,-122.431629,37.79193507
B,-122.4530402,37.78405795
B,-122.4561723,37.74302559
B,-122.4354242,37.76984531
B,-122.388784,37.7289967
B,-122.4638493,37.73170267
B,-122.3981896,37.78869416
B,-122.4405392,37.72826807
B,-122.431692,37.71032253
B,-122.4994255,37.74449522
B,-122.4408894,37.73401683
B,-122.4162335,37.70907075
B,-122.4376252,37.79934717
B,-122.4003845,37.75195427
B,-122.4799829,37.77400615
B,-122.4586585,37.78383865
B,-122.446003,37.76293187
B,-122.4070985,37.73279718
B,-122.4422582,37.76168706
B,-122.4398724,37.78813376
B,-122.4695709,37.78012496
B,-122.4140899,37.79417631