image_right,image_left,lat,long,travel_bearing
streetview_0_right.jpg,streetview_0_left.jpg,37.72206388,-122.3865495,301.1
streetview_1_right.jpg,streetview_1_left.jpg,37.73557088,-122.4148522,316.4
streetview_2_right.jpg,streetview_2_left.jpg,37.7820055,-122.4707908,223.1
streetview_3_right.jpg,streetview_3_left.jpg,37.76218166,-122.494215,350.0
streetview_4_right.jpg,streetview_4_left.jpg,37.77386104,-122.496815,128.0
streetview_5_right.jpg,streetview_5_left.jpg,37.72857169,-122.4236509,354.8
streetview_6_right.jpg,streetview_6_left.jpg,37.79664049,-122.4314552,236.4
streetview_7_right.jpg,streetview_7_left.jpg,37.76137218,-122.4984562,125.2
streetview_8_right.jpg,streetview_8_left.jpg,37.71211782,-122.4103247,10.7
streetview_9_right.jpg,streetview_9_left.jpg,37.75899681,-122.3990886,145.2
streetview_10_right.jpg,streetview_10_left.jpg,37.7290454,-122.3727629,295.3
streetview_11_right.jpg,streetview_11_left.jpg,37.74531097,-122.4162433,149.2
streetview_12_right.jpg,streetview_12_left.jpg,37.73389907,-122.4076306,225.5
streetview_13_right.jpg,streetview_13_left.jpg,37.70847038,-122.4403531,307.2
streetview_14_right.jpg,streetview_14_left.jpg,37.73469803,-122.4840808,52.2
streetview_15_right.jpg,streetview_15_left.jpg,37.7598372,-122.4431136,21.9
streetview_16_right.jpg,streetview_16_left.jpg,37.7732711,-122.4362966,208.2
streetview_17_right.jpg,streetview_17_left.jpg,37.73215656,-122.464157,291.5
streetview_18_right.jpg,streetview_18_left.jpg,37.74159867,-122.4944613,320.3
streetview_19_right.jpg,streetview_19_left.jpg,37.75410998,-122.5076192,114.9
streetview_20_right.jpg,streetview_20_left.jpg,37.72421665,-122.4264246,312.2
streetview_21_right.jpg,streetview_21_left.jpg,37.75474533,-122.4690881,165.6
streetview_22_right.jpg,streetview_22_left.jpg,37.7146249,-122.4560566,32.6
streetview_23_right.jpg,streetview_23_left.jpg,37.78867452,-122.3962012,228.3
streetview_24_right.jpg,streetview_24_left.jpg,37.73270405,-122.4756439,45.1
streetview_25_right.jpg,streetview_25_left.jpg,37.76411819,-122.4357195,206.0
streetview_26_right.jpg,streetview_26_left.jpg,37.72492767,-122.4599368,95.5
streetview_27_right.jpg,streetview_27_left.jpg,37.71997252,-122.395043,297.9
streetview_28_right.jpg,streetview_28_left.jpg,37.74610167,-122.4576143,110.8
streetview_29_right.jpg,streetview_29_left.jpg,37.73022059,-122.4046565,297.2
streetview_30_right.jpg,streetview_30_left.jpg,37.7477118,-122.4477792,25.5
streetview_31_right.jpg,streetview_31_left.jpg,37.79208368,-122.4209808,217.2
streetview_32_right.jpg,streetview_32_left.jpg,37.76129071,-122.4505138,147.1
streetview_33_right.jpg,streetview_33_left.jpg,37.70975567,-122.4083252,341.2
streetview_34_right.jpg,streetview_34_left.jpg,37.78846854,-122.4422226,217.3
streetview_35_right.jpg,streetview_35_left.jpg,37.75789958,-122.4716505,211.5
streetview_36_right.jpg,streetview_36_left.jpg,37.73199383,-122.4917072,59.8
streetview_37_right.jpg,streetview_37_left.jpg,37.7594641,-122.4318866,184.4
streetview_38_right.jpg,streetview_38_left.jpg,37.73103064,-122.4346303,228.6
streetview_39_right.jpg,streetview_39_left.jpg,37.71026912,-122.4643456,350.3
streetview_40_right.jpg,streetview_40_left.jpg,37.75249962,-122.4734785,92.8
streetview_41_right.jpg,streetview_41_left.jpg,37.74981009,-122.4038777,264.4
streetview_42_right.jpg,streetview_42_left.jpg,37.74296109,-122.4918003,42.4
streetview_43_right.jpg,streetview_43_left.jpg,37.79615966,-122.4302332,219.6
streetview_44_right.jpg,streetview_44_left.jpg,37.75826866,-122.4698345,155.9
streetview_45_right.jpg,streetview_45_left.jpg,37.71495275,-122.4453973,12.6
streetview_46_right.jpg,streetview_46_left.jpg,37.75995289,-122.4326777,146.2
streetview_47_right.jpg,streetview_47_left.jpg,37.72355366,-122.4018995,287.7
streetview_48_right.jpg,streetview_48_left.jpg,37.74980478,-122.5062498,126.3
streetview_49_right.jpg,streetview_49_left.jpg,37.74458961,-122.4972808,94.3
streetview_50_right.jpg,streetview_50_left.jpg,37.74255845,-122.4628417,101.7
streetview_51_right.jpg,streetview_51_left.jpg,37.72981128,-122.385221,346.0
streetview_52_right.jpg,streetview_52_left.jpg,37.80247543,-122.4081469,193.8
streetview_53_right.jpg,streetview_53_left.jpg,37.72886297,-122.431078,305.7
streetview_54_right.jpg,streetview_54_left.jpg,37.75658203,-122.4798479,132.2
streetview_55_right.jpg,streetview_55_left.jpg,37.7243896,-122.4350058,300.9
streetview_56_right.jpg,streetview_56_left.jpg,37.75620337,-122.5023945,87.3
streetview_57_right.jpg,streetview_57_left.jpg,37.75806571,-122.4515197,176.8
streetview_58_right.jpg,streetview_58_left.jpg,37.7362569,-122.4499872,191.0
streetview_59_right.jpg,streetview_59_left.jpg,37.72986637,-122.4515589,15.4
streetview_60_right.jpg,streetview_60_left.jpg,37.79404352,-122.4292435,177.7
streetview_61_right.jpg,streetview_61_left.jpg,37.72510651,-122.4256957,282.1
streetview_62_right.jpg,streetview_62_left.jpg,37.7298318,-122.4536083,45.0
streetview_63_right.jpg,streetview_63_left.jpg,37.75062565,-122.4273169,226.1
streetview_64_right.jpg,streetview_64_left.jpg,37.73305795,-122.4503865,209.7
streetview_65_right.jpg,streetview_65_left.jpg,37.71490841,-122.4634949,15.8
streetview_66_right.jpg,streetview_66_left.jpg,37.74962587,-122.4511042,195.4
streetview_67_right.jpg,streetview_67_left.jpg,37.72664453,-122.4591269,79.0
streetview_68_right.jpg,streetview_68_left.jpg,37.72909513,-122.4431464,300.7
streetview_69_right.jpg,streetview_69_left.jpg,37.74543933,-122.4779975,146.2
streetview_70_right.jpg,streetview_70_left.jpg,37.70917778,-122.4473391,5.0
streetview_71_right.jpg,streetview_71_left.jpg,37.78927567,-122.438401,196.7
streetview_72_right.jpg,streetview_72_left.jpg,37.73016274,-122.4608529,202.3
streetview_73_right.jpg,streetview_73_left.jpg,37.71166671,-122.4704214,327.4
streetview_74_right.jpg,streetview_74_left.jpg,37.74339417,-122.4961244,93.8
streetview_75_right.jpg,streetview_75_left.jpg,37.74204248,-122.4701364,26.0
streetview_76_right.jpg,streetview_76_left.jpg,37.78475296,-122.44372,212.2
streetview_77_right.jpg,streetview_77_left.jpg,37.76528453,-122.459226,213.6
streetview_78_right.jpg,streetview_78_left.jpg,37.73460878,-122.4849749,41.2
streetview_79_right.jpg,streetview_79_left.jpg,37.79993945,-122.4124412,187.9
streetview_80_right.jpg,streetview_80_left.jpg,37.72061473,-122.4262801,60.5
streetview_81_right.jpg,streetview_81_left.jpg,37.73342978,-122.3976896,339.4
streetview_82_right.jpg,streetview_82_left.jpg,37.79380687,-122.4263826,192.4
streetview_83_right.jpg,streetview_83_left.jpg,37.71683464,-122.4477457,325.7
streetview_84_right.jpg,streetview_84_left.jpg,37.77806965,-122.5006955,124.5
streetview_85_right.jpg,streetview_85_left.jpg,37.73017097,-122.4125219,246.4
streetview_86_right.jpg,streetview_86_left.jpg,37.7225052,-122.434662,45.7
streetview_87_right.jpg,streetview_87_left.jpg,37.74135322,-122.4102647,238.1
streetview_88_right.jpg,streetview_88_left.jpg,37.71382896,-122.4661816,23.2
streetview_89_right.jpg,streetview_89_left.jpg,37.75616483,-122.4432348,116.8
streetview_90_right.jpg,streetview_90_left.jpg,37.74657374,-122.4192372,354.6
streetview_91_right.jpg,streetview_91_left.jpg,37.78912987,-122.4243162,194.5
streetview_92_right.jpg,streetview_92_left.jpg,37.70958512,-122.4503526,36.9
streetview_93_right.jpg,streetview_93_left.jpg,37.74413737,-122.4175164,326.9
streetview_94_right.jpg,streetview_94_left.jpg,37.78098574,-122.4479248,279.6
streetview_95_right.jpg,streetview_95_left.jpg,37.78346757,-122.4665945,140.2
streetview_96_right.jpg,streetview_96_left.jpg,37.7243134,-122.4044084,288.4
streetview_97_right.jpg,streetview_97_left.jpg,37.7499941,-122.5019615,78.3
streetview_98_right.jpg,streetview_98_left.jpg,37.75480504,-122.4724644,308.4
streetview_99_right.jpg,streetview_99_left.jpg,37.76026191,-122.4811792,323.6
streetview_100_right.jpg,streetview_100_left.jpg,37.77518718,-122.4951176,153.3
streetview_101_right.jpg,streetview_101_left.jpg,37.71822649,-122.4588338,107.2
streetview_102_right.jpg,streetview_102_left.jpg,37.7118718,-122.432896,263.1
streetview_103_right.jpg,streetview_103_left.jpg,37.71062686,-122.4459346,274.5
streetview_104_right.jpg,streetview_104_left.jpg,37.71201456,-122.4684295,350.2
streetview_105_right.jpg,streetview_105_left.jpg,37.7324256,-122.4728874,131.9
streetview_106_right.jpg,streetview_106_left.jpg,37.7177804,-122.4522887,67.4
streetview_107_right.jpg,streetview_107_left.jpg,37.73217944,-122.4084443,253.4
streetview_108_right.jpg,streetview_108_left.jpg,37.71728719,-122.4716144,69.2
streetview_109_right.jpg,streetview_109_left.jpg,37.73919458,-122.3984228,257.2
streetview_110_right.jpg,streetview_110_left.jpg,37.72987168,-122.4503632,16.9
streetview_111_right.jpg,streetview_111_left.jpg,37.80256755,-122.4224366,159.3
streetview_112_right.jpg,streetview_112_left.jpg,37.72870655,-122.387161,282.2
streetview_113_right.jpg,streetview_113_left.jpg,37.73738092,-122.4381722,275.9
streetview_114_right.jpg,streetview_114_left.jpg,37.74171606,-122.4917117,115.8
streetview_115_right.jpg,streetview_115_left.jpg,37.72068568,-122.436764,274.2
streetview_116_right.jpg,streetview_116_left.jpg,37.72157048,-122.4521097,114.5
streetview_117_right.jpg,streetview_117_left.jpg,37.71816838,-122.4426612,334.9
streetview_118_right.jpg,streetview_118_left.jpg,37.72859504,-122.4488343,327.5
streetview_119_right.jpg,streetview_119_left.jpg,37.78350927,-122.4931517,71.8
streetview_120_right.jpg,streetview_120_left.jpg,37.80141177,-122.4239904,170.0
streetview_121_right.jpg,streetview_121_left.jpg,37.73738536,-122.4097,306.2
streetview_122_right.jpg,streetview_122_left.jpg,37.78410965,-122.4903877,125.2
streetview_123_right.jpg,streetview_123_left.jpg,37.73354965,-122.399805,205.2
streetview_124_right.jpg,streetview_124_left.jpg,37.71391656,-122.4114963,297.6
streetview_125_right.jpg,streetview_125_left.jpg,37.74786844,-122.4935726,6.4
streetview_126_right.jpg,streetview_126_left.jpg,37.7818376,-122.4887876,144.8
streetview_127_right.jpg,streetview_127_left.jpg,37.73895166,-122.4505042,58.9
streetview_128_right.jpg,streetview_128_left.jpg,37.75194759,-122.4232367,219.5
streetview_129_right.jpg,streetview_129_left.jpg,37.71411844,-122.4625813,205.3
streetview_130_right.jpg,streetview_130_left.jpg,37.70950328,-122.46534,13.3
streetview_131_right.jpg,streetview_131_left.jpg,37.796597,-122.4393147,137.7
streetview_132_right.jpg,streetview_132_left.jpg,37.785918,-122.4270394,248.3
streetview_133_right.jpg,streetview_133_left.jpg,37.76248644,-122.5014012,93.9
streetview_134_right.jpg,streetview_134_left.jpg,37.76112058,-122.4758696,113.5
streetview_135_right.jpg,streetview_135_left.jpg,37.73306592,-122.3945311,224.2
streetview_136_right.jpg,streetview_136_left.jpg,37.72462852,-122.4049027,288.1
streetview_137_right.jpg,streetview_137_left.jpg,37.73076936,-122.4286828,56.9
streetview_138_right.jpg,streetview_138_left.jpg,37.73981433,-122.4111458,307.8
streetview_139_right.jpg,streetview_139_left.jpg,37.77746004,-122.4726052,125.4
streetview_140_right.jpg,streetview_140_left.jpg,37.75864723,-122.43912,9.4
streetview_141_right.jpg,streetview_141_left.jpg,37.79876622,-122.4307595,200.6
streetview_142_right.jpg,streetview_142_left.jpg,37.71965937,-122.4683399,339.2
streetview_143_right.jpg,streetview_143_left.jpg,37.76241814,-122.4888543,148.6
streetview_144_right.jpg,streetview_144_left.jpg,37.70920633,-122.4477371,5.6
streetview_145_right.jpg,streetview_145_left.jpg,37.75398155,-122.4421451,332.7
streetview_146_right.jpg,streetview_146_left.jpg,37.77610311,-122.4565876,162.8
streetview_147_right.jpg,streetview_147_left.jpg,37.71183002,-122.4313811,21.3
streetview_148_right.jpg,streetview_148_left.jpg,37.73845771,-122.4182766,223.8
streetview_149_right.jpg,streetview_149_left.jpg,37.71640646,-122.4449623,67.6
streetview_150_right.jpg,streetview_150_left.jpg,37.72229913,-122.4268484,0.6
streetview_151_right.jpg,streetview_151_left.jpg,37.72935537,-122.4267607,291.3
streetview_152_right.jpg,streetview_152_left.jpg,37.74055175,-122.4630995,117.5
streetview_153_right.jpg,streetview_153_left.jpg,37.72463617,-122.4244996,303.3
streetview_154_right.jpg,streetview_154_left.jpg,37.73756565,-122.4493863,291.6
streetview_155_right.jpg,streetview_155_left.jpg,37.75376595,-122.5011498,108.5
streetview_156_right.jpg,streetview_156_left.jpg,37.73867326,-122.4441137,224.3
streetview_157_right.jpg,streetview_157_left.jpg,37.73481659,-122.4488761,11.2
streetview_158_right.jpg,streetview_158_left.jpg,37.79952186,-122.4326,164.9
streetview_159_right.jpg,streetview_159_left.jpg,37.73921762,-122.4120242,229.1
streetview_160_right.jpg,streetview_160_left.jpg,37.72300406,-122.4357088,1.7
streetview_161_right.jpg,streetview_161_left.jpg,37.77230576,-122.4338476,353.7
streetview_162_right.jpg,streetview_162_left.jpg,37.79948867,-122.4376539,181.0
streetview_163_right.jpg,streetview_163_left.jpg,37.71544938,-122.4395822,348.6
streetview_164_right.jpg,streetview_164_left.jpg,37.78038622,-122.4560904,175.3
streetview_165_right.jpg,streetview_165_left.jpg,37.73330222,-122.4511516,7.5
streetview_166_right.jpg,streetview_166_left.jpg,37.74210648,-122.4496821,111.5
streetview_167_right.jpg,streetview_167_left.jpg,37.73371385,-122.4227899,358.8
streetview_168_right.jpg,streetview_168_left.jpg,37.79559299,-122.424497,162.1
streetview_169_right.jpg,streetview_169_left.jpg,37.74058996,-122.4020379,302.6
streetview_170_right.jpg,streetview_170_left.jpg,37.76256461,-122.4454482,200.5
streetview_171_right.jpg,streetview_171_left.jpg,37.71849715,-122.4662298,335.2
streetview_172_right.jpg,streetview_172_left.jpg,37.74466149,-122.4815258,126.3
streetview_173_right.jpg,streetview_173_left.jpg,37.72878253,-122.4542469,334.1
streetview_174_right.jpg,streetview_174_left.jpg,37.76176446,-122.4744888,88.0
streetview_175_right.jpg,streetview_175_left.jpg,37.7625942,-122.4440951,259.3
streetview_176_right.jpg,streetview_176_left.jpg,37.75452934,-122.4979761,74.3
streetview_177_right.jpg,streetview_177_left.jpg,37.76436331,-122.4537377,156.8
streetview_178_right.jpg,streetview_178_left.jpg,37.73787573,-122.4393483,178.0
streetview_179_right.jpg,streetview_179_left.jpg,37.71564096,-122.438371,94.2
streetview_180_right.jpg,streetview_180_left.jpg,37.71398417,-122.4098892,272.5
streetview_181_right.jpg,streetview_181_left.jpg,37.71608651,-122.4704033,26.8
streetview_182_right.jpg,streetview_182_left.jpg,37.73570696,-122.4578733,39.6
streetview_183_right.jpg,streetview_183_left.jpg,37.76110685,-122.4313015,156.3
streetview_184_right.jpg,streetview_184_left.jpg,37.72205506,-122.4096617,334.6
streetview_185_right.jpg,streetview_185_left.jpg,37.74858307,-122.4255923,109.9
streetview_186_right.jpg,streetview_186_left.jpg,37.73271986,-122.3703673,303.1
streetview_187_right.jpg,streetview_187_left.jpg,37.74899886,-122.4020146,292.9
streetview_188_right.jpg,streetview_188_left.jpg,37.77631451,-122.4840918,129.0
streetview_189_right.jpg,streetview_189_left.jpg,37.72551255,-122.4049074,278.4
streetview_190_right.jpg,streetview_190_left.jpg,37.72990238,-122.4427586,1.3
streetview_191_right.jpg,streetview_191_left.jpg,37.79104345,-122.441029,209.3
streetview_192_right.jpg,streetview_192_left.jpg,37.74629175,-122.4728035,7.8
streetview_193_right.jpg,streetview_193_left.jpg,37.77518637,-122.467789,57.4
streetview_194_right.jpg,streetview_194_left.jpg,37.80409584,-122.4104723,205.9
streetview_195_right.jpg,streetview_195_left.jpg,37.73801448,-122.4510142,15.9
streetview_196_right.jpg,streetview_196_left.jpg,37.80285606,-122.4276497,197.6
streetview_197_right.jpg,streetview_197_left.jpg,37.71429927,-122.4631886,53.9
streetview_198_right.jpg,streetview_198_left.jpg,37.72776434,-122.4398147,14.2
streetview_199_right.jpg,streetview_199_left.jpg,37.76124097,-122.4290819,193.9
streetview_200_right.jpg,streetview_200_left.jpg,37.72354011,-122.4409121,354.7
streetview_201_right.jpg,streetview_201_left.jpg,37.78392536,-122.4479513,183.2
streetview_202_right.jpg,streetview_202_left.jpg,37.74280488,-122.4508408,246.9
streetview_203_right.jpg,streetview_203_left.jpg,37.73395816,-122.4770244,68.1
streetview_204_right.jpg,streetview_204_left.jpg,37.74818121,-122.4322822,205.6
streetview_205_right.jpg,streetview_205_left.jpg,37.71977203,-122.4495064,30.7
streetview_206_right.jpg,streetview_206_left.jpg,37.73875535,-122.4352348,88.9
streetview_207_right.jpg,streetview_207_left.jpg,37.73915985,-122.4095334,294.8
streetview_208_right.jpg,streetview_208_left.jpg,37.75242265,-122.4457965,130.2
streetview_209_right.jpg,streetview_209_left.jpg,37.72137032,-122.3993009,61.3
streetview_210_right.jpg,streetview_210_left.jpg,37.73332317,-122.3717203,242.0
streetview_211_right.jpg,streetview_211_left.jpg,37.70911477,-122.4292539,73.8
streetview_212_right.jpg,streetview_212_left.jpg,37.71591483,-122.3996636,290.4
streetview_213_right.jpg,streetview_213_left.jpg,37.74132939,-122.4863104,55.3
streetview_214_right.jpg,streetview_214_left.jpg,37.76236118,-122.4478979,231.6
streetview_215_right.jpg,streetview_215_left.jpg,37.7469275,-122.4725021,86.4
streetview_216_right.jpg,streetview_216_left.jpg,37.74822663,-122.4462201,188.1
streetview_217_right.jpg,streetview_217_left.jpg,37.73865045,-122.4479346,156.8
streetview_218_right.jpg,streetview_218_left.jpg,37.72681543,-122.4415218,96.6
streetview_219_right.jpg,streetview_219_left.jpg,37.72230147,-122.3919762,292.8
streetview_220_right.jpg,streetview_220_left.jpg,37.73701119,-122.4363206,334.5
streetview_221_right.jpg,streetview_221_left.jpg,37.76446744,-122.4528729,231.8
streetview_222_right.jpg,streetview_222_left.jpg,37.73779946,-122.4957339,333.8
streetview_223_right.jpg,streetview_223_left.jpg,37.75721709,-122.5078368,28.8
streetview_224_right.jpg,streetview_224_left.jpg,37.78107859,-122.4912429,88.6
streetview_225_right.jpg,streetview_225_left.jpg,37.78201799,-122.442325,150.7
streetview_226_right.jpg,streetview_226_left.jpg,37.74107418,-122.4132322,285.8
streetview_227_right.jpg,streetview_227_left.jpg,37.74997278,-122.4531378,142.3
streetview_228_right.jpg,streetview_228_left.jpg,37.72294654,-122.4267179,338.8
streetview_229_right.jpg,streetview_229_left.jpg,37.75325292,-122.4416232,106.8
streetview_230_right.jpg,streetview_230_left.jpg,37.74528117,-122.4082395,339.6
streetview_231_right.jpg,streetview_231_left.jpg,37.78677952,-122.4277672,175.7
streetview_232_right.jpg,streetview_232_left.jpg,37.72883636,-122.4222975,320.7
streetview_233_right.jpg,streetview_233_left.jpg,37.78646978,-122.4819609,130.6
streetview_234_right.jpg,streetview_234_left.jpg,37.72799256,-122.3958964,267.3
streetview_235_right.jpg,streetview_235_left.jpg,37.72637684,-122.4393303,335.9
streetview_236_right.jpg,streetview_236_left.jpg,37.7844633,-122.4722178,202.3
streetview_237_right.jpg,streetview_237_left.jpg,37.73649179,-122.4970701,358.1
streetview_238_right.jpg,streetview_238_left.jpg,37.77377956,-122.4985941,142.3
streetview_239_right.jpg,streetview_239_left.jpg,37.73253771,-122.4582322,232.1
streetview_240_right.jpg,streetview_240_left.jpg,37.72839567,-122.4649482,28.5
streetview_241_right.jpg,streetview_241_left.jpg,37.76271807,-122.4413461,84.6
streetview_242_right.jpg,streetview_242_left.jpg,37.76581628,-122.3997381,187.4
streetview_243_right.jpg,streetview_243_left.jpg,37.73114599,-122.4054072,315.2
streetview_244_right.jpg,streetview_244_left.jpg,37.73660303,-122.4122624,337.2
streetview_245_right.jpg,streetview_245_left.jpg,37.79045726,-122.4409126,167.9
streetview_246_right.jpg,streetview_246_left.jpg,37.73259139,-122.4252844,308.6
streetview_247_right.jpg,streetview_247_left.jpg,37.7752846,-122.4929851,118.6
streetview_248_right.jpg,streetview_248_left.jpg,37.74111633,-122.4138434,355.9
streetview_249_right.jpg,streetview_249_left.jpg,37.80043962,-122.4192848,241.0
streetview_250_right.jpg,streetview_250_left.jpg,37.79636873,-122.4285881,248.4
streetview_251_right.jpg,streetview_251_left.jpg,37.77880416,-122.4846289,68.7
streetview_252_right.jpg,streetview_252_left.jpg,37.80254587,-122.4075861,254.4
streetview_253_right.jpg,streetview_253_left.jpg,37.78581736,-122.483351,213.8
streetview_254_right.jpg,streetview_254_left.jpg,37.76240738,-122.5031895,148.9
streetview_255_right.jpg,streetview_255_left.jpg,37.72446835,-122.4742689,95.9
streetview_256_right.jpg,streetview_256_left.jpg,37.72097899,-122.4314597,54.7
streetview_257_right.jpg,streetview_257_left.jpg,37.73289547,-122.4101596,134.8
streetview_258_right.jpg,streetview_258_left.jpg,37.7227878,-122.3973088,287.1
streetview_259_right.jpg,streetview_259_left.jpg,37.7423299,-122.47778,99.7
streetview_260_right.jpg,streetview_260_left.jpg,37.73159906,-122.3988532,293.6
streetview_261_right.jpg,streetview_261_left.jpg,37.75636225,-122.4706024,53.5
streetview_262_right.jpg,streetview_262_left.jpg,37.77606317,-122.4368633,177.9
streetview_263_right.jpg,streetview_263_left.jpg,37.71555543,-122.4341058,82.0
streetview_264_right.jpg,streetview_264_left.jpg,37.72094738,-122.3856727,325.8
streetview_265_right.jpg,streetview_265_left.jpg,37.78771284,-122.4431932,144.6
streetview_266_right.jpg,streetview_266_left.jpg,37.72515169,-122.3870063,279.5
streetview_267_right.jpg,streetview_267_left.jpg,37.7321029,-122.4397342,300.3
streetview_268_right.jpg,streetview_268_left.jpg,37.75093914,-122.4805298,132.1
streetview_269_right.jpg,streetview_269_left.jpg,37.74001077,-122.4652347,86.8
streetview_270_right.jpg,streetview_270_left.jpg,37.74199099,-122.4196923,210.0
streetview_271_right.jpg,streetview_271_left.jpg,37.71307117,-122.4407758,38.7
streetview_272_right.jpg,streetview_272_left.jpg,37.748099,-122.405268,253.1
streetview_273_right.jpg,streetview_273_left.jpg,37.73794408,-122.447416,93.7
streetview_274_right.jpg,streetview_274_left.jpg,37.73544192,-122.398067,221.0
streetview_275_right.jpg,streetview_275_left.jpg,37.72650951,-122.4078728,281.2
streetview_276_right.jpg,streetview_276_left.jpg,37.73257974,-122.446579,123.9
streetview_277_right.jpg,streetview_277_left.jpg,37.71338458,-122.4104497,344.1
streetview_278_right.jpg,streetview_278_left.jpg,37.74204009,-122.4207764,324.6
streetview_279_right.jpg,streetview_279_left.jpg,37.75055894,-122.4284282,249.8
streetview_280_right.jpg,streetview_280_left.jpg,37.74387636,-122.4513549,88.9
streetview_281_right.jpg,streetview_281_left.jpg,37.74463085,-122.4030038,341.9
streetview_282_right.jpg,streetview_282_left.jpg,37.7525742,-122.4062853,14.4
streetview_283_right.jpg,streetview_283_left.jpg,37.76348018,-122.4027543,253.1
streetview_284_right.jpg,streetview_284_left.jpg,37.74315004,-122.487508,152.2
streetview_285_right.jpg,streetview_285_left.jpg,37.71425909,-122.4682843,44.8
streetview_286_right.jpg,streetview_286_left.jpg,37.74773674,-122.4262744,175.8
streetview_287_right.jpg,streetview_287_left.jpg,37.74534032,-122.4260492,254.2
streetview_288_right.jpg,streetview_288_left.jpg,37.7307375,-122.491039,59.6
streetview_289_right.jpg,streetview_289_left.jpg,37.75090935,-122.4476163,185.0
streetview_290_right.jpg,streetview_290_left.jpg,37.71039359,-122.4521018,285.0
streetview_291_right.jpg,streetview_291_left.jpg,37.71338165,-122.4661764,10.8
streetview_292_right.jpg,streetview_292_left.jpg,37.75541815,-122.455992,185.9
streetview_293_right.jpg,streetview_293_left.jpg,37.73328295,-122.4588684,67.2
streetview_294_right.jpg,streetview_294_left.jpg,37.74749666,-122.4160412,182.7
streetview_295_right.jpg,streetview_295_left.jpg,37.73512321,-122.4167902,327.0
streetview_296_right.jpg,streetview_296_left.jpg,37.76136271,-122.4383179,192.4
streetview_297_right.jpg,streetview_297_left.jpg,37.71880914,-122.4501195,297.9
streetview_298_right.jpg,streetview_298_left.jpg,37.73681087,-122.4931654,77.4
streetview_299_right.jpg,streetview_299_left.jpg,37.75280703,-122.4023836,227.3
streetview_300_right.jpg,streetview_300_left.jpg,37.73600605,-122.425398,311.2
streetview_301_right.jpg,streetview_301_left.jpg,37.77930095,-122.4878869,187.4
streetview_302_right.jpg,streetview_302_left.jpg,37.72987022,-122.4959533,78.8
streetview_303_right.jpg,streetview_303_left.jpg,37.7389179,-122.4382954,232.3
streetview_304_right.jpg,streetview_304_left.jpg,37.71905437,-122.4707338,93.5
streetview_305_right.jpg,streetview_305_left.jpg,37.71788193,-122.4464871,327.6
streetview_306_right.jpg,streetview_306_left.jpg,37.7728946,-122.4906499,137.0
streetview_307_right.jpg,streetview_307_left.jpg,37.75615357,-122.4709311,103.0
streetview_308_right.jpg,streetview_308_left.jpg,37.74718757,-122.4220456,279.0
streetview_309_right.jpg,streetview_309_left.jpg,37.74988862,-122.4436344,266.2
streetview_310_right.jpg,streetview_310_left.jpg,37.74721505,-122.4942419,103.4
streetview_311_right.jpg,streetview_311_left.jpg,37.73556736,-122.4324977,121.7
streetview_312_right.jpg,streetview_312_left.jpg,37.72054315,-122.4017401,292.9
streetview_313_right.jpg,streetview_313_left.jpg,37.74078556,-122.4624647,17.1
streetview_314_right.jpg,streetview_314_left.jpg,37.77414431,-122.4494415,231.2
streetview_315_right.jpg,streetview_315_left.jpg,37.74197085,-122.4999638,69.5
streetview_316_right.jpg,streetview_316_left.jpg,37.75404095,-122.4591098,114.2
streetview_317_right.jpg,streetview_317_left.jpg,37.7462745,-122.4372759,354.3
streetview_318_right.jpg,streetview_318_left.jpg,37.77836633,-122.4413028,118.0
streetview_319_right.jpg,streetview_319_left.jpg,37.76069696,-122.3992505,221.1
streetview_320_right.jpg,streetview_320_left.jpg,37.7234605,-122.4402417,98.5
streetview_321_right.jpg,streetview_321_left.jpg,37.71872089,-122.4003171,300.8
streetview_322_right.jpg,streetview_322_left.jpg,37.72604113,-122.4158628,257.0
streetview_323_right.jpg,streetview_323_left.jpg,37.71732791,-122.4635231,305.8
streetview_324_right.jpg,streetview_324_left.jpg,37.73880682,-122.5011734,70.6
streetview_325_right.jpg,streetview_325_left.jpg,37.75779426,-122.4328411,220.1
streetview_326_right.jpg,streetview_326_left.jpg,37.7288477,-122.4636611,146.9
streetview_327_right.jpg,streetview_327_left.jpg,37.71130929,-122.4492327,5.7
streetview_328_right.jpg,streetview_328_left.jpg,37.78717945,-122.4396817,196.6
streetview_329_right.jpg,streetview_329_left.jpg,37.78144129,-122.4418452,148.4
streetview_330_right.jpg,streetview_330_left.jpg,37.72955928,-122.4014434,335.2
streetview_331_right.jpg,streetview_331_left.jpg,37.8047362,-122.4455106,180.6
streetview_332_right.jpg,streetview_332_left.jpg,37.73097863,-122.4465632,13.7
streetview_333_right.jpg,streetview_333_left.jpg,37.79432372,-122.4270501,204.1
streetview_334_right.jpg,streetview_334_left.jpg,37.77599236,-122.4374205,155.3
streetview_335_right.jpg,streetview_335_left.jpg,37.74651612,-122.4202699,284.8
streetview_336_right.jpg,streetview_336_left.jpg,37.7606015,-122.4876534,84.7
streetview_337_right.jpg,streetview_337_left.jpg,37.76206754,-122.4675877,153.7
streetview_338_right.jpg,streetview_338_left.jpg,37.7163086,-122.4389727,293.6
streetview_339_right.jpg,streetview_339_left.jpg,37.7284454,-122.4740496,2.0
streetview_340_right.jpg,streetview_340_left.jpg,37.76125891,-122.4726036,106.0
streetview_341_right.jpg,streetview_341_left.jpg,37.74385134,-122.3961054,217.5
streetview_342_right.jpg,streetview_342_left.jpg,37.72831198,-122.4111641,12.1
streetview_343_right.jpg,streetview_343_left.jpg,37.76137301,-122.4022323,257.5
streetview_344_right.jpg,streetview_344_left.jpg,37.74371775,-122.5029541,104.2
streetview_345_right.jpg,streetview_345_left.jpg,37.72090434,-122.3895145,285.6
streetview_346_right.jpg,streetview_346_left.jpg,37.73939883,-122.4736378,124.5
streetview_347_right.jpg,streetview_347_left.jpg,37.71901263,-122.4362127,312.3
streetview_348_right.jpg,streetview_348_left.jpg,37.7503486,-122.4797712,191.4
streetview_349_right.jpg,streetview_349_left.jpg,37.74151849,-122.4820216,27.5
streetview_350_right.jpg,streetview_350_left.jpg,37.78404246,-122.4539628,170.9
streetview_351_right.jpg,streetview_351_left.jpg,37.71292715,-122.4396299,16.8
streetview_352_right.jpg,streetview_352_left.jpg,37.74938457,-122.42567,148.6
streetview_353_right.jpg,streetview_353_left.jpg,37.71565069,-122.3995997,276.1
streetview_354_right.jpg,streetview_354_left.jpg,37.72062772,-122.4581676,9.2
streetview_355_right.jpg,streetview_355_left.jpg,37.77914319,-122.4461453,268.1
streetview_356_right.jpg,streetview_356_left.jpg,37.77809715,-122.4860121,146.5
streetview_357_right.jpg,streetview_357_left.jpg,37.72310844,-122.4400688,16.6
streetview_358_right.jpg,streetview_358_left.jpg,37.72709419,-122.4385695,301.9
streetview_359_right.jpg,streetview_359_left.jpg,37.75582052,-122.4969915,90.9
streetview_360_right.jpg,streetview_360_left.jpg,37.75510978,-122.442357,12.2
streetview_361_right.jpg,streetview_361_left.jpg,37.80264871,-122.4292948,187.6
streetview_362_right.jpg,streetview_362_left.jpg,37.71876805,-122.4434131,247.5
streetview_363_right.jpg,streetview_363_left.jpg,37.71132666,-122.4661515,66.8
streetview_364_right.jpg,streetview_364_left.jpg,37.73574654,-122.3940213,303.0
streetview_365_right.jpg,streetview_365_left.jpg,37.76044725,-122.4421556,125.5
streetview_366_right.jpg,streetview_366_left.jpg,37.74549774,-122.4156451,29.2
streetview_367_right.jpg,streetview_367_left.jpg,37.76168256,-122.4042053,260.3
streetview_368_right.jpg,streetview_368_left.jpg,37.75283692,-122.4693125,291.7
streetview_369_right.jpg,streetview_369_left.jpg,37.75429805,-122.4739666,88.7
streetview_370_right.jpg,streetview_370_left.jpg,37.75464634,-122.4551343,24.8
streetview_371_right.jpg,streetview_371_left.jpg,37.79985409,-122.4287297,226.6
streetview_372_right.jpg,streetview_372_left.jpg,37.74301281,-122.5046967,134.5
streetview_373_right.jpg,streetview_373_left.jpg,37.7160881,-122.4701047,29.7
streetview_374_right.jpg,streetview_374_left.jpg,37.80460753,-122.406218,227.8
streetview_375_right.jpg,streetview_375_left.jpg,37.79203135,-122.4237795,337.3
streetview_376_right.jpg,streetview_376_left.jpg,37.79545271,-122.4255925,190.1
streetview_377_right.jpg,streetview_377_left.jpg,37.7153252,-122.4436033,81.3
streetview_378_right.jpg,streetview_378_left.jpg,37.72090768,-122.3971816,308.9
streetview_379_right.jpg,streetview_379_left.jpg,37.75473436,-122.4503164,235.4
streetview_380_right.jpg,streetview_380_left.jpg,37.73757378,-122.4817439,61.5
streetview_381_right.jpg,streetview_381_left.jpg,37.76768576,-122.4116499,288.7
streetview_382_right.jpg,streetview_382_left.jpg,37.7870858,-122.4841489,121.7
streetview_383_right.jpg,streetview_383_left.jpg,37.7620825,-122.4328853,17.5
streetview_384_right.jpg,streetview_384_left.jpg,37.80233726,-122.4168594,147.9
streetview_385_right.jpg,streetview_385_left.jpg,37.79542439,-122.411376,202.8
streetview_386_right.jpg,streetview_386_left.jpg,37.74285074,-122.4392785,21.1
streetview_387_right.jpg,streetview_387_left.jpg,37.75950882,-122.4311475,269.7
streetview_388_right.jpg,streetview_388_left.jpg,37.75922416,-122.5047573,303.1
streetview_389_right.jpg,streetview_389_left.jpg,37.76094596,-122.5080993,108.5
streetview_390_right.jpg,streetview_390_left.jpg,37.72970257,-122.3900303,344.6
streetview_391_right.jpg,streetview_391_left.jpg,37.79349005,-122.4123369,244.0
streetview_392_right.jpg,streetview_392_left.jpg,37.75941237,-122.5004679,71.9
streetview_393_right.jpg,streetview_393_left.jpg,37.78657478,-122.3953805,202.8
streetview_394_right.jpg,streetview_394_left.jpg,37.71497197,-122.4334574,165.9
streetview_395_right.jpg,streetview_395_left.jpg,37.71099027,-122.4321915,306.4
streetview_396_right.jpg,streetview_396_left.jpg,37.75126676,-122.5013333,106.0
streetview_397_right.jpg,streetview_397_left.jpg,37.73122988,-122.4129713,324.3
streetview_398_right.jpg,streetview_398_left.jpg,37.78432987,-122.4612813,202.3
streetview_399_right.jpg,streetview_399_left.jpg,37.75677062,-122.4755678,311.5
streetview_400_right.jpg,streetview_400_left.jpg,37.77255212,-122.4981472,137.8
streetview_401_right.jpg,streetview_401_left.jpg,37.72826513,-122.4473131,48.2
streetview_402_right.jpg,streetview_402_left.jpg,37.74133864,-122.428841,194.6
streetview_403_right.jpg,streetview_403_left.jpg,37.72327745,-122.4348048,343.0
streetview_404_right.jpg,streetview_404_left.jpg,37.78630558,-122.459218,143.9
streetview_405_right.jpg,streetview_405_left.jpg,37.77459432,-122.4484123,152.4
streetview_406_right.jpg,streetview_406_left.jpg,37.73067095,-122.4193309,280.9
streetview_407_right.jpg,streetview_407_left.jpg,37.74267531,-122.4982213,98.1
streetview_408_right.jpg,streetview_408_left.jpg,37.73528495,-122.4324719,5.7
streetview_409_right.jpg,streetview_409_left.jpg,37.78799714,-122.425767,313.3
streetview_410_right.jpg,streetview_410_left.jpg,37.79490212,-122.4350364,182.8
streetview_411_right.jpg,streetview_411_left.jpg,37.74044414,-122.4383889,339.8
streetview_412_right.jpg,streetview_412_left.jpg,37.77557564,-122.4547797,102.7
streetview_413_right.jpg,streetview_413_left.jpg,37.7691323,-122.418692,222.3
streetview_414_right.jpg,streetview_414_left.jpg,37.73606079,-122.4567257,97.8
streetview_415_right.jpg,streetview_415_left.jpg,37.73563657,-122.4528042,73.5
streetview_416_right.jpg,streetview_416_left.jpg,37.74220049,-122.4247481,269.5
streetview_417_right.jpg,streetview_417_left.jpg,37.74166892,-122.4927815,76.4
streetview_418_right.jpg,streetview_418_left.jpg,37.74642817,-122.4678613,136.4
streetview_419_right.jpg,streetview_419_left.jpg,37.71748428,-122.4330091,19.2
streetview_420_right.jpg,streetview_420_left.jpg,37.79713885,-122.3979222,203.9
streetview_421_right.jpg,streetview_421_left.jpg,37.74556133,-122.4268333,112.1
streetview_422_right.jpg,streetview_422_left.jpg,37.7309865,-122.381476,269.7
streetview_423_right.jpg,streetview_423_left.jpg,37.73069235,-122.4473239,94.1
streetview_424_right.jpg,streetview_424_left.jpg,37.72927448,-122.4221372,75.3
streetview_425_right.jpg,streetview_425_left.jpg,37.73806853,-122.3796894,336.8
streetview_426_right.jpg,streetview_426_left.jpg,37.79379942,-122.4099119,194.2
streetview_427_right.jpg,streetview_427_left.jpg,37.73693462,-122.4281186,302.2
streetview_428_right.jpg,streetview_428_left.jpg,37.76394982,-122.4825146,56.9
streetview_429_right.jpg,streetview_429_left.jpg,37.79292446,-122.4262042,178.0
streetview_430_right.jpg,streetview_430_left.jpg,37.73335814,-122.4235857,57.4
streetview_431_right.jpg,streetview_431_left.jpg,37.75057491,-122.3895067,294.7
streetview_432_right.jpg,streetview_432_left.jpg,37.78292636,-122.4784766,158.7
streetview_433_right.jpg,streetview_433_left.jpg,37.71441009,-122.4447202,18.1
streetview_434_right.jpg,streetview_434_left.jpg,37.80648439,-122.4066287,185.1
streetview_435_right.jpg,streetview_435_left.jpg,37.72967761,-122.4153768,276.8
streetview_436_right.jpg,streetview_436_left.jpg,37.73677377,-122.4908568,44.2
streetview_437_right.jpg,streetview_437_left.jpg,37.76455593,-122.4567173,143.8
streetview_438_right.jpg,streetview_438_left.jpg,37.71243916,-122.4084865,9.7
streetview_439_right.jpg,streetview_439_left.jpg,37.76294159,-122.3975221,210.6
streetview_440_right.jpg,streetview_440_left.jpg,37.71303029,-122.4348345,323.3
streetview_441_right.jpg,streetview_441_left.jpg,37.71949014,-122.4409245,8.5
streetview_442_right.jpg,streetview_442_left.jpg,37.79958211,-122.4258639,178.4
streetview_443_right.jpg,streetview_443_left.jpg,37.73083929,-122.4234607,285.2
streetview_444_right.jpg,streetview_444_left.jpg,37.74856074,-122.5061629,21.3
streetview_445_right.jpg,streetview_445_left.jpg,37.75812137,-122.5014498,67.6
streetview_446_right.jpg,streetview_446_left.jpg,37.78346913,-122.4237352,5.8
streetview_447_right.jpg,streetview_447_left.jpg,37.79705295,-122.4219804,201.7
streetview_448_right.jpg,streetview_448_left.jpg,37.72577371,-122.4578225,28.3
streetview_449_right.jpg,streetview_449_left.jpg,37.80491967,-122.4038893,181.6
streetview_450_right.jpg,streetview_450_left.jpg,37.71246849,-122.4070559,353.7
streetview_451_right.jpg,streetview_451_left.jpg,37.73814077,-122.4106618,301.7
streetview_452_right.jpg,streetview_452_left.jpg,37.77995127,-122.4965397,164.0
streetview_453_right.jpg,streetview_453_left.jpg,37.74088022,-122.4823352,329.1
streetview_454_right.jpg,streetview_454_left.jpg,37.77520545,-122.5083683,117.3
streetview_455_right.jpg,streetview_455_left.jpg,37.74369828,-122.4311148,263.3
streetview_456_right.jpg,streetview_456_left.jpg,37.73906904,-122.4811322,108.7
streetview_457_right.jpg,streetview_457_left.jpg,37.72462724,-122.4272872,346.7
streetview_458_right.jpg,streetview_458_left.jpg,37.77954701,-122.4437277,124.3
streetview_459_right.jpg,streetview_459_left.jpg,37.75709949,-122.4021439,194.7
streetview_460_right.jpg,streetview_460_left.jpg,37.74739344,-122.4053641,275.2
streetview_461_right.jpg,streetview_461_left.jpg,37.75280468,-122.4806602,109.0
streetview_462_right.jpg,streetview_462_left.jpg,37.72844884,-122.3911579,242.7
streetview_463_right.jpg,streetview_463_left.jpg,37.72042118,-122.4108036,282.3
streetview_464_right.jpg,streetview_464_left.jpg,37.73106186,-122.4725099,104.6
streetview_465_right.jpg,streetview_465_left.jpg,37.72227009,-122.4297553,284.7
streetview_466_right.jpg,streetview_466_left.jpg,37.72374056,-122.4368178,20.5
streetview_467_right.jpg,streetview_467_left.jpg,37.73716828,-122.4304855,339.8
streetview_468_right.jpg,streetview_468_left.jpg,37.78107239,-122.4509238,168.5
streetview_469_right.jpg,streetview_469_left.jpg,37.74914325,-122.4427424,130.7
streetview_470_right.jpg,streetview_470_left.jpg,37.72876866,-122.4128083,295.0
streetview_471_right.jpg,streetview_471_left.jpg,37.75068052,-122.4722415,46.9
streetview_472_right.jpg,streetview_472_left.jpg,37.76383694,-122.4544316,179.2
streetview_473_right.jpg,streetview_473_left.jpg,37.70933374,-122.4534501,345.1
streetview_474_right.jpg,streetview_474_left.jpg,37.72758209,-122.4595842,85.3
streetview_475_right.jpg,streetview_475_left.jpg,37.73225961,-122.3867893,257.6
streetview_476_right.jpg,streetview_476_left.jpg,37.72098949,-122.4513656,58.1
streetview_477_right.jpg,streetview_477_left.jpg,37.75096257,-122.390508,232.1
streetview_478_right.jpg,streetview_478_left.jpg,37.72661959,-122.4300976,342.6
streetview_479_right.jpg,streetview_479_left.jpg,37.75821747,-122.4426506,218.8
streetview_480_right.jpg,streetview_480_left.jpg,37.74614775,-122.4549327,109.6
streetview_481_right.jpg,streetview_481_left.jpg,37.72695579,-122.3868525,297.5
streetview_482_right.jpg,streetview_482_left.jpg,37.73789524,-122.413389,295.2
streetview_483_right.jpg,streetview_483_left.jpg,37.77220919,-122.5056445,152.0
streetview_484_right.jpg,streetview_484_left.jpg,37.72030607,-122.4707491,358.8
streetview_485_right.jpg,streetview_485_left.jpg,37.76187861,-122.4718908,236.7
streetview_486_right.jpg,streetview_486_left.jpg,37.74421193,-122.5058568,91.0
streetview_487_right.jpg,streetview_487_left.jpg,37.74355406,-122.4575466,159.1
streetview_488_right.jpg,streetview_488_left.jpg,37.71572538,-122.4441078,337.4
streetview_489_right.jpg,streetview_489_left.jpg,37.7584093,-122.4666231,140.7
streetview_490_right.jpg,streetview_490_left.jpg,37.72034979,-122.4272064,59.8
streetview_491_right.jpg,streetview_491_left.jpg,37.73396575,-122.3975639,336.2
streetview_492_right.jpg,streetview_492_left.jpg,37.79650161,-122.432551,226.2
streetview_493_right.jpg,streetview_493_left.jpg,37.77441539,-122.4616456,285.7
streetview_494_right.jpg,streetview_494_left.jpg,37.77735787,-122.4748542,137.8
streetview_495_right.jpg,streetview_495_left.jpg,37.73267408,-122.4235933,263.6
streetview_496_right.jpg,streetview_496_left.jpg,37.72922873,-122.4622219,186.3
streetview_497_right.jpg,streetview_497_left.jpg,37.71383705,-122.4643841,313.3
streetview_498_right.jpg,streetview_498_left.jpg,37.73490298,-122.492668,96.9
streetview_499_right.jpg,streetview_499_left.jpg,37.7277961,-122.4182251,276.8
streetview_500_right.jpg,streetview_500_left.jpg,37.73374539,-122.4810726,51.3
streetview_501_right.jpg,streetview_501_left.jpg,37.75726189,-122.443924,351.4
streetview_502_right.jpg,streetview_502_left.jpg,37.77618711,-122.4475387,253.7
streetview_503_right.jpg,streetview_503_left.jpg,37.76220206,-122.5078305,106.8
streetview_504_right.jpg,streetview_504_left.jpg,37.7488923,-122.4521089,314.8
streetview_505_right.jpg,streetview_505_left.jpg,37.77441641,-122.484671,141.4
streetview_506_right.jpg,streetview_506_left.jpg,37.7230294,-122.4328115,9.5
streetview_507_right.jpg,streetview_507_left.jpg,37.79276494,-122.4180195,194.9
streetview_508_right.jpg,streetview_508_left.jpg,37.71280967,-122.4449697,40.6
streetview_509_right.jpg,streetview_509_left.jpg,37.74903638,-122.4056939,291.3
streetview_510_right.jpg,streetview_510_left.jpg,37.77754312,-122.4981537,136.6
streetview_511_right.jpg,streetview_511_left.jpg,37.71841817,-122.4275736,358.8
streetview_512_right.jpg,streetview_512_left.jpg,37.77991231,-122.4291757,268.0
streetview_513_right.jpg,streetview_513_left.jpg,37.77868299,-122.4730713,129.2
streetview_514_right.jpg,streetview_514_left.jpg,37.72374293,-122.3878613,302.8
streetview_515_right.jpg,streetview_515_left.jpg,37.76228052,-122.4636734,39.4
streetview_516_right.jpg,streetview_516_left.jpg,37.7841536,-122.4409373,146.7
streetview_517_right.jpg,streetview_517_left.jpg,37.72263883,-122.3897953,267.8
streetview_518_right.jpg,streetview_518_left.jpg,37.72033785,-122.4662503,98.1
streetview_519_right.jpg,streetview_519_left.jpg,37.71341985,-122.4047024,312.8
streetview_520_right.jpg,streetview_520_left.jpg,37.73714682,-122.437133,113.6
streetview_521_right.jpg,streetview_521_left.jpg,37.73283132,-122.424618,109.3
streetview_522_right.jpg,streetview_522_left.jpg,37.72305772,-122.3894185,278.1
streetview_523_right.jpg,streetview_523_left.jpg,37.73556052,-122.5009529,41.5
streetview_524_right.jpg,streetview_524_left.jpg,37.78891994,-122.4411694,155.8
streetview_525_right.jpg,streetview_525_left.jpg,37.7453731,-122.4163952,208.2
streetview_526_right.jpg,streetview_526_left.jpg,37.73097326,-122.4261377,278.4
streetview_527_right.jpg,streetview_527_left.jpg,37.73996575,-122.5030492,88.6
streetview_528_right.jpg,streetview_528_left.jpg,37.74068823,-122.4642652,105.7
streetview_529_right.jpg,streetview_529_left.jpg,37.7302654,-122.4172681,271.4
streetview_530_right.jpg,streetview_530_left.jpg,37.73095435,-122.4533976,157.2
streetview_531_right.jpg,streetview_531_left.jpg,37.71238968,-122.4435183,33.5
streetview_532_right.jpg,streetview_532_left.jpg,37.7305291,-122.4283573,63.1
streetview_533_right.jpg,streetview_533_left.jpg,37.73245698,-122.4235601,276.6
streetview_534_right.jpg,streetview_534_left.jpg,37.73904187,-122.4958206,137.7
streetview_535_right.jpg,streetview_535_left.jpg,37.73511353,-122.4912948,71.4
streetview_536_right.jpg,streetview_536_left.jpg,37.75859405,-122.4029381,237.3
streetview_537_right.jpg,streetview_537_left.jpg,37.74093224,-122.4376647,324.2
streetview_538_right.jpg,streetview_538_left.jpg,37.75442152,-122.4499583,38.2
streetview_539_right.jpg,streetview_539_left.jpg,37.79367362,-122.4109006,203.6
streetview_540_right.jpg,streetview_540_left.jpg,37.71408198,-122.4547538,73.4
streetview_541_right.jpg,streetview_541_left.jpg,37.73129814,-122.3816938,299.8
streetview_542_right.jpg,streetview_542_left.jpg,37.76371351,-122.4533701,177.0
streetview_543_right.jpg,streetview_543_left.jpg,37.73013794,-122.4511252,23.3
streetview_544_right.jpg,streetview_544_left.jpg,37.75815235,-122.4358455,336.9
streetview_545_right.jpg,streetview_545_left.jpg,37.78276961,-122.4491602,46.9
streetview_546_right.jpg,streetview_546_left.jpg,37.80257751,-122.4223586,193.2
streetview_547_right.jpg,streetview_547_left.jpg,37.74533599,-122.4393579,280.9
streetview_548_right.jpg,streetview_548_left.jpg,37.74960934,-122.4674086,101.7
streetview_549_right.jpg,streetview_549_left.jpg,37.74231759,-122.4228346,291.2
streetview_550_right.jpg,streetview_550_left.jpg,37.76189203,-122.4866715,97.7
streetview_551_right.jpg,streetview_551_left.jpg,37.75824123,-122.4523812,270.3
streetview_552_right.jpg,streetview_552_left.jpg,37.75849303,-122.5072122,23.2
streetview_553_right.jpg,streetview_553_left.jpg,37.77376324,-122.4989505,200.2
streetview_554_right.jpg,streetview_554_left.jpg,37.76235996,-122.5042616,81.6
streetview_555_right.jpg,streetview_555_left.jpg,37.76877023,-122.4490873,145.6
streetview_556_right.jpg,streetview_556_left.jpg,37.7292842,-122.4149692,235.5
streetview_557_right.jpg,streetview_557_left.jpg,37.71369995,-122.443574,324.4
streetview_558_right.jpg,streetview_558_left.jpg,37.75347324,-122.4796321,117.4
streetview_559_right.jpg,streetview_559_left.jpg,37.71959343,-122.3971657,295.8
streetview_560_right.jpg,streetview_560_left.jpg,37.75768724,-122.4971227,100.2
streetview_561_right.jpg,streetview_561_left.jpg,37.74504377,-122.408264,278.1
streetview_562_right.jpg,streetview_562_left.jpg,37.74897344,-122.4434266,125.1
streetview_563_right.jpg,streetview_563_left.jpg,37.71739522,-122.3866427,315.4
streetview_564_right.jpg,streetview_564_left.jpg,37.7785161,-122.463019,145.9
streetview_565_right.jpg,streetview_565_left.jpg,37.73685733,-122.4273275,273.2
streetview_566_right.jpg,streetview_566_left.jpg,37.73828793,-122.4595847,64.7
streetview_567_right.jpg,streetview_567_left.jpg,37.75035934,-122.4272912,150.6
streetview_568_right.jpg,streetview_568_left.jpg,37.71653945,-122.4031582,345.7
streetview_569_right.jpg,streetview_569_left.jpg,37.79785191,-122.4294501,204.2
streetview_570_right.jpg,streetview_570_left.jpg,37.77881667,-122.4402624,206.3
streetview_571_right.jpg,streetview_571_left.jpg,37.72682833,-122.47269,3.7
streetview_572_right.jpg,streetview_572_left.jpg,37.74699206,-122.4710381,353.5
streetview_573_right.jpg,streetview_573_left.jpg,37.7848863,-122.4764708,76.5
streetview_574_right.jpg,streetview_574_left.jpg,37.78571056,-122.4721288,58.6
streetview_575_right.jpg,streetview_575_left.jpg,37.79911155,-122.4443722,172.7
streetview_576_right.jpg,streetview_576_left.jpg,37.72033283,-122.4315865,48.2
streetview_577_right.jpg,streetview_577_left.jpg,37.7405346,-122.4029744,42.0
streetview_578_right.jpg,streetview_578_left.jpg,37.74492839,-122.3979763,341.7
streetview_579_right.jpg,streetview_579_left.jpg,37.79160253,-122.4175064,187.5
streetview_580_right.jpg,streetview_580_left.jpg,37.73082303,-122.4276288,28.6
streetview_581_right.jpg,streetview_581_left.jpg,37.7633186,-122.4052565,249.1
streetview_582_right.jpg,streetview_582_left.jpg,37.7417557,-122.476663,249.9
streetview_583_right.jpg,streetview_583_left.jpg,37.73661099,-122.4944,41.4
streetview_584_right.jpg,streetview_584_left.jpg,37.78631716,-122.4389375,222.3
streetview_585_right.jpg,streetview_585_left.jpg,37.74310292,-122.4885788,43.2
streetview_586_right.jpg,streetview_586_left.jpg,37.80497642,-122.4151409,227.1
streetview_587_right.jpg,streetview_587_left.jpg,37.78375293,-122.4440796,213.3
streetview_588_right.jpg,streetview_588_left.jpg,37.75335414,-122.4693376,126.4
streetview_589_right.jpg,streetview_589_left.jpg,37.72556328,-122.421673,96.3
streetview_590_right.jpg,streetview_590_left.jpg,37.72381493,-122.4016235,310.1
streetview_591_right.jpg,streetview_591_left.jpg,37.73807352,-122.4230418,64.0
streetview_592_right.jpg,streetview_592_left.jpg,37.75100857,-122.3895474,337.2
streetview_593_right.jpg,streetview_593_left.jpg,37.79966025,-122.4153775,182.0
streetview_594_right.jpg,streetview_594_left.jpg,37.73920592,-122.4180399,340.1
streetview_595_right.jpg,streetview_595_left.jpg,37.74929704,-122.4226605,280.9
streetview_596_right.jpg,streetview_596_left.jpg,37.75978925,-122.4918986,160.2
streetview_597_right.jpg,streetview_597_left.jpg,37.74022905,-122.4830074,52.0
streetview_598_right.jpg,streetview_598_left.jpg,37.77173782,-122.4320489,327.6
streetview_599_right.jpg,streetview_599_left.jpg,37.77969089,-122.4384462,190.1
streetview_600_right.jpg,streetview_600_left.jpg,37.7652831,-122.4416898,135.4
streetview_601_right.jpg,streetview_601_left.jpg,37.74671738,-122.4185515,114.8
streetview_602_right.jpg,streetview_602_left.jpg,37.74325639,-122.409087,22.9
streetview_603_right.jpg,streetview_603_left.jpg,37.75226653,-122.4042702,282.8
streetview_604_right.jpg,streetview_604_left.jpg,37.7649109,-122.4750621,153.7
streetview_605_right.jpg,streetview_605_left.jpg,37.71777946,-122.4455601,111.6
streetview_606_right.jpg,streetview_606_left.jpg,37.71016084,-122.4212072,336.6
streetview_607_right.jpg,streetview_607_left.jpg,37.73670148,-122.4357084,290.2
streetview_608_right.jpg,streetview_608_left.jpg,37.74069793,-122.4494402,84.7
streetview_609_right.jpg,streetview_609_left.jpg,37.74390965,-122.4055416,342.7
streetview_610_right.jpg,streetview_610_left.jpg,37.79968331,-122.4275704,221.9
streetview_611_right.jpg,streetview_611_left.jpg,37.78085627,-122.4489496,133.9
streetview_612_right.jpg,streetview_612_left.jpg,37.7304603,-122.382692,297.9
streetview_613_right.jpg,streetview_613_left.jpg,37.73364506,-122.3903116,0.4
streetview_614_right.jpg,streetview_614_left.jpg,37.78771881,-122.3897939,223.2
streetview_615_right.jpg,streetview_615_left.jpg,37.72633994,-122.4626089,119.2
streetview_616_right.jpg,streetview_616_left.jpg,37.71598868,-122.4391996,347.8
streetview_617_right.jpg,streetview_617_left.jpg,37.74730839,-122.4477718,149.7
streetview_618_right.jpg,streetview_618_left.jpg,37.73042156,-122.4353075,45.4
streetview_619_right.jpg,streetview_619_left.jpg,37.74072573,-122.422096,271.3
streetview_620_right.jpg,streetview_620_left.jpg,37.74190506,-122.4874213,104.9
streetview_621_right.jpg,streetview_621_left.jpg,37.72869299,-122.4249142,297.2
streetview_622_right.jpg,streetview_622_left.jpg,37.7605309,-122.5034161,104.6
streetview_623_right.jpg,streetview_623_left.jpg,37.74997528,-122.4521142,270.2
streetview_624_right.jpg,streetview_624_left.jpg,37.7500648,-122.4862006,64.9
streetview_625_right.jpg,streetview_625_left.jpg,37.77638909,-122.4149021,194.1
streetview_626_right.jpg,streetview_626_left.jpg,37.72264726,-122.4320121,64.4
streetview_627_right.jpg,streetview_627_left.jpg,37.72551045,-122.4244506,320.3
streetview_628_right.jpg,streetview_628_left.jpg,37.78082966,-122.4826274,122.5
streetview_629_right.jpg,streetview_629_left.jpg,37.7449335,-122.4114105,263.3
streetview_630_right.jpg,streetview_630_left.jpg,37.73846154,-122.4807309,268.8
streetview_631_right.jpg,streetview_631_left.jpg,37.73807815,-122.5036335,52.2
streetview_632_right.jpg,streetview_632_left.jpg,37.76024494,-122.4674661,128.1
streetview_633_right.jpg,streetview_633_left.jpg,37.74189911,-122.4379348,302.5
streetview_634_right.jpg,streetview_634_left.jpg,37.77366514,-122.501092,174.5
streetview_635_right.jpg,streetview_635_left.jpg,37.76008195,-122.499441,219.1
streetview_636_right.jpg,streetview_636_left.jpg,37.75616296,-122.5034678,103.2
streetview_637_right.jpg,streetview_637_left.jpg,37.73536927,-122.391695,350.3
streetview_638_right.jpg,streetview_638_left.jpg,37.79986722,-122.4055807,252.2
streetview_639_right.jpg,streetview_639_left.jpg,37.79060765,-122.4420855,168.1
streetview_640_right.jpg,streetview_640_left.jpg,37.73738671,-122.4278783,63.4
streetview_641_right.jpg,streetview_641_left.jpg,37.75175386,-122.391562,359.8
streetview_642_right.jpg,streetview_642_left.jpg,37.76243934,-122.3916066,330.3
streetview_643_right.jpg,streetview_643_left.jpg,37.79666155,-122.4162784,206.7
streetview_644_right.jpg,streetview_644_left.jpg,37.73493933,-122.4554488,82.2
streetview_645_right.jpg,streetview_645_left.jpg,37.73846245,-122.4230075,4.0
streetview_646_right.jpg,streetview_646_left.jpg,37.79937353,-122.4176535,227.0
streetview_647_right.jpg,streetview_647_left.jpg,37.74417424,-122.4926002,56.8
streetview_648_right.jpg,streetview_648_left.jpg,37.75098643,-122.4794577,358.7
streetview_649_right.jpg,streetview_649_left.jpg,37.7859463,-122.4804899,168.7
streetview_650_right.jpg,streetview_650_left.jpg,37.71512526,-122.4625984,95.7
streetview_651_right.jpg,streetview_651_left.jpg,37.71058787,-122.4048694,307.8
streetview_652_right.jpg,streetview_652_left.jpg,37.75948142,-122.4847106,230.0
streetview_653_right.jpg,streetview_653_left.jpg,37.7481282,-122.5018302,105.5
streetview_654_right.jpg,streetview_654_left.jpg,37.73639104,-122.4484856,221.5
streetview_655_right.jpg,streetview_655_left.jpg,37.73154758,-122.4539036,308.8
streetview_656_right.jpg,streetview_656_left.jpg,37.76243901,-122.5024742,56.9
streetview_657_right.jpg,streetview_657_left.jpg,37.80220754,-122.4252677,218.2
streetview_658_right.jpg,streetview_658_left.jpg,37.79892349,-122.4285417,198.1
streetview_659_right.jpg,streetview_659_left.jpg,37.72696292,-122.458247,324.2
streetview_660_right.jpg,streetview_660_left.jpg,37.78074249,-122.5073211,78.6
streetview_661_right.jpg,streetview_661_left.jpg,37.78545682,-122.4775871,96.9
streetview_662_right.jpg,streetview_662_left.jpg,37.78084832,-122.4293388,266.3
streetview_663_right.jpg,streetview_663_left.jpg,37.77682274,-122.5070586,127.6
streetview_664_right.jpg,streetview_664_left.jpg,37.73211108,-122.4338146,118.3
streetview_665_right.jpg,streetview_665_left.jpg,37.72761681,-122.4232525,31.1
streetview_666_right.jpg,streetview_666_left.jpg,37.73430297,-122.4181484,316.7
streetview_667_right.jpg,streetview_667_left.jpg,37.77817699,-122.4705107,98.1
streetview_668_right.jpg,streetview_668_left.jpg,37.77574766,-122.4488892,172.9
streetview_669_right.jpg,streetview_669_left.jpg,37.73183104,-122.4420108,213.0
streetview_670_right.jpg,streetview_670_left.jpg,37.71573838,-122.4552187,46.9
streetview_671_right.jpg,streetview_671_left.jpg,37.75944891,-122.3961842,239.5
streetview_672_right.jpg,streetview_672_left.jpg,37.73114824,-122.4568891,65.6
streetview_673_right.jpg,streetview_673_left.jpg,37.75220953,-122.3981189,311.7
streetview_674_right.jpg,streetview_674_left.jpg,37.78144641,-122.4396585,194.7
streetview_675_right.jpg,streetview_675_left.jpg,37.73011874,-122.4566548,303.0
streetview_676_right.jpg,streetview_676_left.jpg,37.74452017,-122.4847401,131.9
streetview_677_right.jpg,streetview_677_left.jpg,37.72202842,-122.4530895,101.1
streetview_678_right.jpg,streetview_678_left.jpg,37.7197654,-122.4384639,328.8
streetview_679_right.jpg,streetview_679_left.jpg,37.74150709,-122.4551043,171.8
streetview_680_right.jpg,streetview_680_left.jpg,37.70857203,-122.4491105,38.9
streetview_681_right.jpg,streetview_681_left.jpg,37.74768255,-122.4092569,178.6
streetview_682_right.jpg,streetview_682_left.jpg,37.73432357,-122.4088352,351.4
streetview_683_right.jpg,streetview_683_left.jpg,37.79703541,-122.4208527,217.9
streetview_684_right.jpg,streetview_684_left.jpg,37.74116651,-122.4758913,143.8
streetview_685_right.jpg,streetview_685_left.jpg,37.72812548,-122.4638359,38.0
streetview_686_right.jpg,streetview_686_left.jpg,37.77586419,-122.4166432,181.7
streetview_687_right.jpg,streetview_687_left.jpg,37.72416344,-122.418545,317.1
streetview_688_right.jpg,streetview_688_left.jpg,37.77949623,-122.4836044,158.7
streetview_689_right.jpg,streetview_689_left.jpg,37.71192149,-122.4502494,353.5
streetview_690_right.jpg,streetview_690_left.jpg,37.77804356,-122.4597579,237.0
streetview_691_right.jpg,streetview_691_left.jpg,37.75348768,-122.5075766,99.7
streetview_692_right.jpg,streetview_692_left.jpg,37.74643565,-122.455715,88.5
streetview_693_right.jpg,streetview_693_left.jpg,37.74707565,-122.4239091,280.6
streetview_694_right.jpg,streetview_694_left.jpg,37.75533973,-122.479762,100.4
streetview_695_right.jpg,streetview_695_left.jpg,37.74712182,-122.4231403,193.7
streetview_696_right.jpg,streetview_696_left.jpg,37.71839363,-122.4319626,348.3
streetview_697_right.jpg,streetview_697_left.jpg,37.73795595,-122.437065,333.2
streetview_698_right.jpg,streetview_698_left.jpg,37.77549653,-122.4610063,185.4
streetview_699_right.jpg,streetview_699_left.jpg,37.75802527,-122.463077,114.2
streetview_700_right.jpg,streetview_700_left.jpg,37.74120435,-122.4157122,2.7
streetview_701_right.jpg,streetview_701_left.jpg,37.79813127,-122.4123285,223.8
streetview_702_right.jpg,streetview_702_left.jpg,37.73195666,-122.492553,91.3
streetview_703_right.jpg,streetview_703_left.jpg,37.73124055,-122.4533985,39.2
streetview_704_right.jpg,streetview_704_left.jpg,37.75737995,-122.4264375,201.0
streetview_705_right.jpg,streetview_705_left.jpg,37.72551397,-122.4418632,67.2
streetview_706_right.jpg,streetview_706_left.jpg,37.73508233,-122.4130218,284.8
streetview_707_right.jpg,streetview_707_left.jpg,37.75474806,-122.5073058,73.2
streetview_708_right.jpg,streetview_708_left.jpg,37.76957491,-122.4452091,163.8
streetview_709_right.jpg,streetview_709_left.jpg,37.73489331,-122.4324362,98.3
streetview_710_right.jpg,streetview_710_left.jpg,37.73241485,-122.4110546,338.6
streetview_711_right.jpg,streetview_711_left.jpg,37.74592816,-122.41775,348.1
streetview_712_right.jpg,streetview_712_left.jpg,37.79038656,-122.4296283,183.6
streetview_713_right.jpg,streetview_713_left.jpg,37.71547997,-122.4356169,270.0
streetview_714_right.jpg,streetview_714_left.jpg,37.71548696,-122.4679979,352.8
streetview_715_right.jpg,streetview_715_left.jpg,37.7599074,-122.4750698,109.2
streetview_716_right.jpg,streetview_716_left.jpg,37.73863216,-122.3979871,283.8
streetview_717_right.jpg,streetview_717_left.jpg,37.74883143,-122.4506517,198.1
streetview_718_right.jpg,streetview_718_left.jpg,37.71338795,-122.4652798,354.7
streetview_719_right.jpg,streetview_719_left.jpg,37.75637413,-122.4703366,84.7
streetview_720_right.jpg,streetview_720_left.jpg,37.76172297,-122.3964336,289.4
streetview_721_right.jpg,streetview_721_left.jpg,37.77929559,-122.459472,173.1
streetview_722_right.jpg,streetview_722_left.jpg,37.71233347,-122.4492068,75.8
streetview_723_right.jpg,streetview_723_left.jpg,37.72189834,-122.4012152,184.5
streetview_724_right.jpg,streetview_724_left.jpg,37.7131622,-122.4020852,256.1
streetview_725_right.jpg,streetview_725_left.jpg,37.71178138,-122.4091157,20.7
streetview_726_right.jpg,streetview_726_left.jpg,37.72368712,-122.4034145,277.8
streetview_727_right.jpg,streetview_727_left.jpg,37.73202953,-122.4809505,83.6
streetview_728_right.jpg,streetview_728_left.jpg,37.73819404,-122.4112808,259.9
streetview_729_right.jpg,streetview_729_left.jpg,37.73255952,-122.451144,280.2
streetview_730_right.jpg,streetview_730_left.jpg,37.73401071,-122.4613673,107.1
streetview_731_right.jpg,streetview_731_left.jpg,37.71635614,-122.3887886,328.0
streetview_732_right.jpg,streetview_732_left.jpg,37.74069829,-122.408012,270.7
streetview_733_right.jpg,streetview_733_left.jpg,37.74114596,-122.4587158,105.5
streetview_734_right.jpg,streetview_734_left.jpg,37.73547438,-122.4329554,90.2
streetview_735_right.jpg,streetview_735_left.jpg,37.7353729,-122.3981317,261.3
streetview_736_right.jpg,streetview_736_left.jpg,37.72906186,-122.4503588,7.9
streetview_737_right.jpg,streetview_737_left.jpg,37.76574331,-122.4439488,311.6
streetview_738_right.jpg,streetview_738_left.jpg,37.78394528,-122.4698498,213.0
streetview_739_right.jpg,streetview_739_left.jpg,37.74047422,-122.5055917,71.6
streetview_740_right.jpg,streetview_740_left.jpg,37.76039797,-122.4297454,282.5
streetview_741_right.jpg,streetview_741_left.jpg,37.77250325,-122.4992164,131.5
streetview_742_right.jpg,streetview_742_left.jpg,37.71139537,-122.4120327,283.3
streetview_743_right.jpg,streetview_743_left.jpg,37.71529127,-122.432849,34.1
streetview_744_right.jpg,streetview_744_left.jpg,37.75510657,-122.3987167,185.5
streetview_745_right.jpg,streetview_745_left.jpg,37.71451296,-122.403679,347.8
streetview_746_right.jpg,streetview_746_left.jpg,37.79189211,-122.4248749,150.3
streetview_747_right.jpg,streetview_747_left.jpg,37.76092725,-122.4025137,233.9
streetview_748_right.jpg,streetview_748_left.jpg,37.7315004,-122.4534547,209.7
streetview_749_right.jpg,streetview_749_left.jpg,37.71427857,-122.4658872,328.7
streetview_750_right.jpg,streetview_750_left.jpg,37.72441424,-122.4736897,329.8
streetview_751_right.jpg,streetview_751_left.jpg,37.75885233,-122.4989961,135.8
streetview_752_right.jpg,streetview_752_left.jpg,37.74525073,-122.4822834,94.2
streetview_753_right.jpg,streetview_753_left.jpg,37.74245023,-122.4338888,269.5
streetview_754_right.jpg,streetview_754_left.jpg,37.74209362,-122.4831372,93.8
streetview_755_right.jpg,streetview_755_left.jpg,37.73694594,-122.3852383,214.6
streetview_756_right.jpg,streetview_756_left.jpg,37.71903675,-122.400881,59.4
streetview_757_right.jpg,streetview_757_left.jpg,37.72762994,-122.3824878,332.3
streetview_758_right.jpg,streetview_758_left.jpg,37.79964495,-122.4303746,211.6
streetview_759_right.jpg,streetview_759_left.jpg,37.75471911,-122.4652929,123.9
streetview_760_right.jpg,streetview_760_left.jpg,37.73413489,-122.4265314,313.4
streetview_761_right.jpg,streetview_761_left.jpg,37.77459577,-122.4807432,146.9
streetview_762_right.jpg,streetview_762_left.jpg,37.72144931,-122.4368826,324.6
streetview_763_right.jpg,streetview_763_left.jpg,37.74336267,-122.4565939,108.1
streetview_764_right.jpg,streetview_764_left.jpg,37.73082039,-122.4081957,294.7
streetview_765_right.jpg,streetview_765_left.jpg,37.73465723,-122.4187431,319.3
streetview_766_right.jpg,streetview_766_left.jpg,37.76169638,-122.448215,222.6
streetview_767_right.jpg,streetview_767_left.jpg,37.75365855,-122.4575467,116.3
streetview_768_right.jpg,streetview_768_left.jpg,37.73502661,-122.4099611,273.0
streetview_769_right.jpg,streetview_769_left.jpg,37.73848459,-122.4943493,118.2
streetview_770_right.jpg,streetview_770_left.jpg,37.71598501,-122.4413641,57.2
streetview_771_right.jpg,streetview_771_left.jpg,37.73848861,-122.3971759,268.2
streetview_772_right.jpg,streetview_772_left.jpg,37.73803453,-122.4158667,157.3
streetview_773_right.jpg,streetview_773_left.jpg,37.71772013,-122.405106,1.0
streetview_774_right.jpg,streetview_774_left.jpg,37.75269203,-122.4043107,333.5
streetview_775_right.jpg,streetview_775_left.jpg,37.79922661,-122.4336643,155.3
streetview_776_right.jpg,streetview_776_left.jpg,37.73529553,-122.3965028,324.4
streetview_777_right.jpg,streetview_777_left.jpg,37.74690061,-122.4069925,313.0
streetview_778_right.jpg,streetview_778_left.jpg,37.78682878,-122.4611032,235.6
streetview_779_right.jpg,streetview_779_left.jpg,37.77444903,-122.4839569,138.6
streetview_780_right.jpg,streetview_780_left.jpg,37.72269171,-122.4261833,29.9
streetview_781_right.jpg,streetview_781_left.jpg,37.74562956,-122.4094696,256.3
streetview_782_right.jpg,streetview_782_left.jpg,37.73326031,-122.4733128,77.2
streetview_783_right.jpg,streetview_783_left.jpg,37.74329364,-122.4175945,268.4
streetview_784_right.jpg,streetview_784_left.jpg,37.74147821,-122.4970607,347.4
streetview_785_right.jpg,streetview_785_left.jpg,37.76180296,-122.5027883,96.4
streetview_786_right.jpg,streetview_786_left.jpg,37.75255961,-122.3987178,272.9
streetview_787_right.jpg,streetview_787_left.jpg,37.75451494,-122.4486363,5.9
streetview_788_right.jpg,streetview_788_left.jpg,37.80291116,-122.4422949,151.5
streetview_789_right.jpg,streetview_789_left.jpg,37.76213419,-122.414342,264.2
streetview_790_right.jpg,streetview_790_left.jpg,37.75629829,-122.4862805,356.8
streetview_791_right.jpg,streetview_791_left.jpg,37.78471221,-122.488277,176.2
streetview_792_right.jpg,streetview_792_left.jpg,37.75755371,-122.4860116,77.6
streetview_793_right.jpg,streetview_793_left.jpg,37.7633899,-122.4523323,313.4
streetview_794_right.jpg,streetview_794_left.jpg,37.78719639,-122.4841552,147.5
streetview_795_right.jpg,streetview_795_left.jpg,37.70919288,-122.4214006,348.4
streetview_796_right.jpg,streetview_796_left.jpg,37.79970018,-122.4449869,181.4
streetview_797_right.jpg,streetview_797_left.jpg,37.73425041,-122.4470577,356.7
streetview_798_right.jpg,streetview_798_left.jpg,37.76111303,-122.449001,201.3
streetview_799_right.jpg,streetview_799_left.jpg,37.74411137,-122.4573999,100.0
streetview_800_right.jpg,streetview_800_left.jpg,37.73437932,-122.3877063,281.6
streetview_801_right.jpg,streetview_801_left.jpg,37.74532209,-122.4550842,117.8
streetview_802_right.jpg,streetview_802_left.jpg,37.718468,-122.3907445,294.3
streetview_803_right.jpg,streetview_803_left.jpg,37.74198472,-122.4566284,115.6
streetview_804_right.jpg,streetview_804_left.jpg,37.7281561,-122.4201988,33.1
streetview_805_right.jpg,streetview_805_left.jpg,37.75109,-122.401264,346.8
streetview_806_right.jpg,streetview_806_left.jpg,37.80699897,-122.4177975,199.1
streetview_807_right.jpg,streetview_807_left.jpg,37.73096247,-122.4511308,77.2
streetview_808_right.jpg,streetview_808_left.jpg,37.73721919,-122.4161622,283.0
streetview_809_right.jpg,streetview_809_left.jpg,37.74703444,-122.4701197,255.8
streetview_810_right.jpg,streetview_810_left.jpg,37.74223675,-122.4940739,24.5
streetview_811_right.jpg,streetview_811_left.jpg,37.78585816,-122.4689176,167.8
streetview_812_right.jpg,streetview_812_left.jpg,37.70993125,-122.4481286,299.2
streetview_813_right.jpg,streetview_813_left.jpg,37.71964639,-122.4701403,26.2
streetview_814_right.jpg,streetview_814_left.jpg,37.76448039,-122.4422904,141.8
streetview_815_right.jpg,streetview_815_left.jpg,37.73854712,-122.4164852,115.9
streetview_816_right.jpg,streetview_816_left.jpg,37.73393431,-122.4044948,297.2
streetview_817_right.jpg,streetview_817_left.jpg,37.77417274,-122.503642,168.9
streetview_818_right.jpg,streetview_818_left.jpg,37.73784622,-122.4946655,47.7
streetview_819_right.jpg,streetview_819_left.jpg,37.79381889,-122.4168275,215.4
streetview_820_right.jpg,streetview_820_left.jpg,37.75749803,-122.449486,97.3
streetview_821_right.jpg,streetview_821_left.jpg,37.7514237,-122.3899092,249.2
streetview_822_right.jpg,streetview_822_left.jpg,37.72955087,-122.4628221,336.6
streetview_823_right.jpg,streetview_823_left.jpg,37.74997865,-122.4740202,317.8
streetview_824_right.jpg,streetview_824_left.jpg,37.7806544,-122.5092047,96.2
streetview_825_right.jpg,streetview_825_left.jpg,37.77389912,-122.4313606,205.7
streetview_826_right.jpg,streetview_826_left.jpg,37.72965276,-122.4582611,36.0
streetview_827_right.jpg,streetview_827_left.jpg,37.73808387,-122.4505187,94.6
streetview_828_right.jpg,streetview_828_left.jpg,37.73591391,-122.4167195,53.8
streetview_829_right.jpg,streetview_829_left.jpg,37.75053469,-122.3914446,233.8
streetview_830_right.jpg,streetview_830_left.jpg,37.71967273,-122.4446691,0.3
streetview_831_right.jpg,streetview_831_left.jpg,37.79819256,-122.4441862,176.1
streetview_832_right.jpg,streetview_832_left.jpg,37.73361612,-122.4386301,32.0
streetview_833_right.jpg,streetview_833_left.jpg,37.79038011,-122.3936851,182.9
streetview_834_right.jpg,streetview_834_left.jpg,37.78818556,-122.3938271,244.7
streetview_835_right.jpg,streetview_835_left.jpg,37.76553984,-122.454455,67.4
streetview_836_right.jpg,streetview_836_left.jpg,37.77178842,-122.4354243,170.1
streetview_837_right.jpg,streetview_837_left.jpg,37.72888916,-122.4259721,237.3
streetview_838_right.jpg,streetview_838_left.jpg,37.72032048,-122.442857,343.4
streetview_839_right.jpg,streetview_839_left.jpg,37.73206745,-122.4472832,38.9
streetview_840_right.jpg,streetview_840_left.jpg,37.75341454,-122.4255047,95.2
streetview_841_right.jpg,streetview_841_left.jpg,37.75186013,-122.4039116,268.9
streetview_842_right.jpg,streetview_842_left.jpg,37.75117242,-122.4500074,112.2
streetview_843_right.jpg,streetview_843_left.jpg,37.73321753,-122.3943961,290.8
streetview_844_right.jpg,streetview_844_left.jpg,37.74172836,-122.4227083,148.7
streetview_845_right.jpg,streetview_845_left.jpg,37.71773766,-122.4042516,327.8
streetview_846_right.jpg,streetview_846_left.jpg,37.7857729,-122.4584221,167.8
streetview_847_right.jpg,streetview_847_left.jpg,37.71884324,-122.4401691,286.6
streetview_848_right.jpg,streetview_848_left.jpg,37.72364184,-122.4605587,61.1
streetview_849_right.jpg,streetview_849_left.jpg,37.74138347,-122.4198446,282.1
streetview_850_right.jpg,streetview_850_left.jpg,37.75503205,-122.5005199,36.7
streetview_851_right.jpg,streetview_851_left.jpg,37.78443587,-122.4727518,197.6
streetview_852_right.jpg,streetview_852_left.jpg,37.73017267,-122.4944676,83.2
streetview_853_right.jpg,streetview_853_left.jpg,37.74031364,-122.3870711,319.5
streetview_854_right.jpg,streetview_854_left.jpg,37.79067965,-122.4415289,51.8
streetview_855_right.jpg,streetview_855_left.jpg,37.80217543,-122.4230136,173.9
streetview_856_right.jpg,streetview_856_left.jpg,37.73631754,-122.4141623,358.6
streetview_857_right.jpg,streetview_857_left.jpg,37.80051308,-122.4161731,228.7
streetview_858_right.jpg,streetview_858_left.jpg,37.76059329,-122.4736839,48.1
streetview_859_right.jpg,streetview_859_left.jpg,37.78062669,-122.4454588,293.5
streetview_860_right.jpg,streetview_860_left.jpg,37.78723563,-122.4647225,106.7
streetview_861_right.jpg,streetview_861_left.jpg,37.78014348,-122.4348657,296.5
streetview_862_right.jpg,streetview_862_left.jpg,37.78086712,-122.4367,266.0
streetview_863_right.jpg,streetview_863_left.jpg,37.77778629,-122.4927981,178.0
streetview_864_right.jpg,streetview_864_left.jpg,37.7641492,-122.4922023,136.1
streetview_865_right.jpg,streetview_865_left.jpg,37.7290653,-122.4495981,17.6
streetview_866_right.jpg,streetview_866_left.jpg,37.79386157,-122.423585,201.1
streetview_867_right.jpg,streetview_867_left.jpg,37.7525917,-122.4437434,300.4
streetview_868_right.jpg,streetview_868_left.jpg,37.77700282,-122.4963272,125.0
streetview_869_right.jpg,streetview_869_left.jpg,37.72608348,-122.4044172,308.9
streetview_870_right.jpg,streetview_870_left.jpg,37.74609449,-122.4358042,167.9
streetview_871_right.jpg,streetview_871_left.jpg,37.72953162,-122.4312988,305.8
streetview_872_right.jpg,streetview_872_left.jpg,37.77333775,-122.5082328,101.5
streetview_873_right.jpg,streetview_873_left.jpg,37.76396134,-122.4500689,188.3
streetview_874_right.jpg,streetview_874_left.jpg,37.73224561,-122.4559181,25.7
streetview_875_right.jpg,streetview_875_left.jpg,37.7617296,-122.4379883,305.6
streetview_876_right.jpg,streetview_876_left.jpg,37.7745225,-122.4605766,181.2
streetview_877_right.jpg,streetview_877_left.jpg,37.76317177,-122.4608692,132.9
streetview_878_right.jpg,streetview_878_left.jpg,37.72162759,-122.4043708,286.7
streetview_879_right.jpg,streetview_879_left.jpg,37.74128236,-122.4873779,86.7
streetview_880_right.jpg,streetview_880_left.jpg,37.74573469,-122.3887825,250.3
streetview_881_right.jpg,streetview_881_left.jpg,37.73896351,-122.4126746,285.2
streetview_882_right.jpg,streetview_882_left.jpg,37.75913009,-122.5068998,117.4
streetview_883_right.jpg,streetview_883_left.jpg,37.71694817,-122.4042072,322.2
streetview_884_right.jpg,streetview_884_left.jpg,37.7470239,-122.4336616,173.4
streetview_885_right.jpg,streetview_885_left.jpg,37.73085831,-122.4313139,45.2
streetview_886_right.jpg,streetview_886_left.jpg,37.75632359,-122.3988341,30.6
streetview_887_right.jpg,streetview_887_left.jpg,37.76092994,-122.395385,245.3
streetview_888_right.jpg,streetview_888_left.jpg,37.74122431,-122.4495819,203.0
streetview_889_right.jpg,streetview_889_left.jpg,37.72528261,-122.4581274,296.3
streetview_890_right.jpg,streetview_890_left.jpg,37.73511828,-122.4832443,98.4
streetview_891_right.jpg,streetview_891_left.jpg,37.72619567,-122.4073777,35.5
streetview_892_right.jpg,streetview_892_left.jpg,37.74502251,-122.3903672,309.0
streetview_893_right.jpg,streetview_893_left.jpg,37.77292613,-122.4339724,348.8
streetview_894_right.jpg,streetview_894_left.jpg,37.79652733,-122.4398621,179.9
streetview_895_right.jpg,streetview_895_left.jpg,37.73381497,-122.4397451,31.5
streetview_896_right.jpg,streetview_896_left.jpg,37.79088313,-122.3954679,183.6
streetview_897_right.jpg,streetview_897_left.jpg,37.71622794,-122.4014213,287.1
streetview_898_right.jpg,streetview_898_left.jpg,37.73098327,-122.4623031,310.0
streetview_899_right.jpg,streetview_899_left.jpg,37.75337037,-122.4961066,58.6
streetview_900_right.jpg,streetview_900_left.jpg,37.78089881,-122.4389253,145.9
streetview_901_right.jpg,streetview_901_left.jpg,37.74766817,-122.4104723,237.1
streetview_902_right.jpg,streetview_902_left.jpg,37.71728611,-122.4698192,20.1
streetview_903_right.jpg,streetview_903_left.jpg,37.77966982,-122.4410096,29.9
streetview_904_right.jpg,streetview_904_left.jpg,37.79667834,-122.4286507,224.9
streetview_905_right.jpg,streetview_905_left.jpg,37.74143004,-122.4981342,103.4
streetview_906_right.jpg,streetview_906_left.jpg,37.72175714,-122.394346,288.1
streetview_907_right.jpg,streetview_907_left.jpg,37.73455587,-122.4438695,81.7
streetview_908_right.jpg,streetview_908_left.jpg,37.7358449,-122.4326345,45.2
streetview_909_right.jpg,streetview_909_left.jpg,37.76336582,-122.3975614,326.0
streetview_910_right.jpg,streetview_910_left.jpg,37.80417048,-122.4324121,158.6
streetview_911_right.jpg,streetview_911_left.jpg,37.74770586,-122.4044144,201.6
streetview_912_right.jpg,streetview_912_left.jpg,37.73861622,-122.4089659,275.0
streetview_913_right.jpg,streetview_913_left.jpg,37.74386649,-122.4854108,98.2
streetview_914_right.jpg,streetview_914_left.jpg,37.73216889,-122.3831396,258.5
streetview_915_right.jpg,streetview_915_left.jpg,37.72909577,-122.4022877,323.6
streetview_916_right.jpg,streetview_916_left.jpg,37.77501055,-122.4451444,274.4
streetview_917_right.jpg,streetview_917_left.jpg,37.77749172,-122.4856104,121.4
streetview_918_right.jpg,streetview_918_left.jpg,37.76213786,-122.453821,277.3
streetview_919_right.jpg,streetview_919_left.jpg,37.76428136,-122.4750177,171.2
streetview_920_right.jpg,streetview_920_left.jpg,37.7161121,-122.4656089,64.4
streetview_921_right.jpg,streetview_921_left.jpg,37.72940289,-122.4305486,322.9
streetview_922_right.jpg,streetview_922_left.jpg,37.73085293,-122.4319327,234.6
streetview_923_right.jpg,streetview_923_left.jpg,37.7182344,-122.4543946,85.5
streetview_924_right.jpg,streetview_924_left.jpg,37.72110375,-122.4082044,295.6
streetview_925_right.jpg,streetview_925_left.jpg,37.73657008,-122.4490406,164.2
streetview_926_right.jpg,streetview_926_left.jpg,37.7156894,-122.441588,13.7
streetview_927_right.jpg,streetview_927_left.jpg,37.73717523,-122.4349817,328.4
streetview_928_right.jpg,streetview_928_left.jpg,37.75520909,-122.4490386,132.9
streetview_929_right.jpg,streetview_929_left.jpg,37.71957366,-122.400523,0.5
streetview_930_right.jpg,streetview_930_left.jpg,37.73302088,-122.4003769,310.9
streetview_931_right.jpg,streetview_931_left.jpg,37.76813238,-122.451601,167.1
streetview_932_right.jpg,streetview_932_left.jpg,37.75755009,-122.4485445,25.1
streetview_933_right.jpg,streetview_933_left.jpg,37.7953826,-122.42614,200.0
streetview_934_right.jpg,streetview_934_left.jpg,37.71596515,-122.4626068,99.5
streetview_935_right.jpg,streetview_935_left.jpg,37.71393209,-122.447174,73.4
streetview_936_right.jpg,streetview_936_left.jpg,37.72787171,-122.3879115,355.0
streetview_937_right.jpg,streetview_937_left.jpg,37.79033134,-122.3947764,193.6
streetview_938_right.jpg,streetview_938_left.jpg,37.73101168,-122.4129013,246.8
streetview_939_right.jpg,streetview_939_left.jpg,37.7219868,-122.4395539,197.9
streetview_940_right.jpg,streetview_940_left.jpg,37.70880544,-122.4449492,12.1
streetview_941_right.jpg,streetview_941_left.jpg,37.80298619,-122.4192871,234.6
streetview_942_right.jpg,streetview_942_left.jpg,37.78995131,-122.4425236,132.7
streetview_943_right.jpg,streetview_943_left.jpg,37.76052168,-122.4021499,255.8
streetview_944_right.jpg,streetview_944_left.jpg,37.74706131,-122.4695717,99.3
streetview_945_right.jpg,streetview_945_left.jpg,37.73856707,-122.4039953,250.7
streetview_946_right.jpg,streetview_946_left.jpg,37.73311075,-122.4236562,327.6
streetview_947_right.jpg,streetview_947_left.jpg,37.76045349,-122.4456421,123.8
streetview_948_right.jpg,streetview_948_left.jpg,37.7459597,-122.4182282,281.9
streetview_949_right.jpg,streetview_949_left.jpg,37.75945933,-122.4993972,112.6
streetview_950_right.jpg,streetview_950_left.jpg,37.73122855,-122.4139369,243.3
streetview_951_right.jpg,streetview_951_left.jpg,37.72341169,-122.4336113,276.2
streetview_952_right.jpg,streetview_952_left.jpg,37.7255079,-122.4581294,96.7
streetview_953_right.jpg,streetview_953_left.jpg,37.71946373,-122.393593,301.5
streetview_954_right.jpg,streetview_954_left.jpg,37.73437091,-122.4244172,231.6
streetview_955_right.jpg,streetview_955_left.jpg,37.70932717,-122.4643285,51.9
streetview_956_right.jpg,streetview_956_left.jpg,37.72535879,-122.4384801,344.4
streetview_957_right.jpg,streetview_957_left.jpg,37.77765777,-122.4569041,108.3
streetview_958_right.jpg,streetview_958_left.jpg,37.76209103,-122.3974418,291.2
streetview_959_right.jpg,streetview_959_left.jpg,37.78506229,-122.4725514,68.7
streetview_960_right.jpg,streetview_960_left.jpg,37.8040278,-122.4110206,171.0
streetview_961_right.jpg,streetview_961_left.jpg,37.73785804,-122.3977453,2.8
streetview_962_right.jpg,streetview_962_left.jpg,37.78743425,-122.3946446,210.8
streetview_963_right.jpg,streetview_963_left.jpg,37.71128158,-122.4520808,248.8
streetview_964_right.jpg,streetview_964_left.jpg,37.70868495,-122.4605492,0.5
streetview_965_right.jpg,streetview_965_left.jpg,37.76494018,-122.4599192,117.8
streetview_966_right.jpg,streetview_966_left.jpg,37.7286119,-122.3730604,287.4
streetview_967_right.jpg,streetview_967_left.jpg,37.74087462,-122.4224623,221.9
streetview_968_right.jpg,streetview_968_left.jpg,37.71925949,-122.4469992,308.8
streetview_969_right.jpg,streetview_969_left.jpg,37.75318117,-122.5003907,46.8
streetview_970_right.jpg,streetview_970_left.jpg,37.77438632,-122.4717828,218.8
streetview_971_right.jpg,streetview_971_left.jpg,37.7410932,-122.5056354,95.6
streetview_972_right.jpg,streetview_972_left.jpg,37.73426938,-122.4175282,247.4
streetview_973_right.jpg,streetview_973_left.jpg,37.73214644,-122.4239771,144.1
streetview_974_right.jpg,streetview_974_left.jpg,37.71408966,-122.4074642,327.7
streetview_975_right.jpg,streetview_975_left.jpg,37.75678926,-122.4415972,30.3
streetview_976_right.jpg,streetview_976_left.jpg,37.79219892,-122.4153775,231.5
streetview_977_right.jpg,streetview_977_left.jpg,37.75776225,-122.4701579,109.6
streetview_978_right.jpg,streetview_978_left.jpg,37.74359587,-122.4197786,112.5
streetview_979_right.jpg,streetview_979_left.jpg,37.72795184,-122.3721667,268.0
streetview_980_right.jpg,streetview_980_left.jpg,37.72641587,-122.4280769,340.8
streetview_981_right.jpg,streetview_981_left.jpg,37.76845241,-122.4466076,154.8
streetview_982_right.jpg,streetview_982_left.jpg,37.71447857,-122.4145001,312.0
streetview_983_right.jpg,streetview_983_left.jpg,37.73884636,-122.4487619,264.7
streetview_984_right.jpg,streetview_984_left.jpg,37.73515085,-122.4987797,94.7
streetview_985_right.jpg,streetview_985_left.jpg,37.72801663,-122.3887217,315.3
streetview_986_right.jpg,streetview_986_left.jpg,37.78019448,-122.4541784,234.9
streetview_987_right.jpg,streetview_987_left.jpg,37.75103164,-122.5066919,54.8
streetview_988_right.jpg,streetview_988_left.jpg,37.78934675,-122.4378537,198.8
streetview_989_right.jpg,streetview_989_left.jpg,37.71729169,-122.4689219,57.9
streetview_990_right.jpg,streetview_990_left.jpg,37.73510899,-122.4329736,275.5
streetview_991_right.jpg,streetview_991_left.jpg,37.73974472,-122.4941855,50.8
streetview_992_right.jpg,streetview_992_left.jpg,37.75997063,-122.4627966,150.5
streetview_993_right.jpg,streetview_993_left.jpg,37.73769858,-122.4468379,143.2
streetview_994_right.jpg,streetview_994_left.jpg,37.72059992,-122.4306644,261.1
streetview_995_right.jpg,streetview_995_left.jpg,37.71610554,-122.4668053,25.2
streetview_996_right.jpg,streetview_996_left.jpg,37.79944702,-122.4170751,193.0
streetview_997_right.jpg,streetview_997_left.jpg,37.73237685,-122.4366343,267.1
streetview_998_right.jpg,streetview_998_left.jpg,37.73092632,-122.4727113,34.4
streetview_999_right.jpg,streetview_999_left.jpg,37.79673115,-122.4157295,209.0
streetview_1000_right.jpg,streetview_1000_left.jpg,37.74326162,-122.4532454,75.8
streetview_1001_right.jpg,streetview_1001_left.jpg,37.75376251,-122.4005316,275.7
streetview_1002_right.jpg,streetview_1002_left.jpg,37.75981345,-122.4771762,45.3
streetview_1003_right.jpg,streetview_1003_left.jpg,37.79761042,-122.4288389,231.7
streetview_1004_right.jpg,streetview_1004_left.jpg,37.78979871,-122.4413504,129.2
streetview_1005_right.jpg,streetview_1005_left.jpg,37.7518439,-122.382486,319.9
streetview_1006_right.jpg,streetview_1006_left.jpg,37.79479576,-122.4282705,255.3
streetview_1007_right.jpg,streetview_1007_left.jpg,37.78087778,-122.4955318,248.1
streetview_1008_right.jpg,streetview_1008_left.jpg,37.77787506,-122.5049861,137.2
streetview_1009_right.jpg,streetview_1009_left.jpg,37.74119737,-122.4620623,113.3
streetview_1010_right.jpg,streetview_1010_left.jpg,37.73360606,-122.4397437,304.3
streetview_1011_right.jpg,streetview_1011_left.jpg,37.75878098,-122.4864565,54.2
streetview_1012_right.jpg,streetview_1012_left.jpg,37.78645765,-122.4378326,99.0
streetview_1013_right.jpg,streetview_1013_left.jpg,37.78522694,-122.4280299,145.1
streetview_1014_right.jpg,streetview_1014_left.jpg,37.75947973,-122.4052805,221.4
streetview_1015_right.jpg,streetview_1015_left.jpg,37.71119372,-122.4589916,52.0
streetview_1016_right.jpg,streetview_1016_left.jpg,37.71550965,-122.4520139,301.4
streetview_1017_right.jpg,streetview_1017_left.jpg,37.73713015,-122.4967557,133.6
streetview_1018_right.jpg,streetview_1018_left.jpg,37.70989233,-122.4606048,26.2
streetview_1019_right.jpg,streetview_1019_left.jpg,37.75235455,-122.4341765,318.1
streetview_1020_right.jpg,streetview_1020_left.jpg,37.77462954,-122.4595082,160.6
streetview_1021_right.jpg,streetview_1021_left.jpg,37.71992288,-122.4351643,208.7
streetview_1022_right.jpg,streetview_1022_left.jpg,37.71455294,-122.4388737,4.2
streetview_1023_right.jpg,streetview_1023_left.jpg,37.80151084,-122.4307509,211.7
streetview_1024_right.jpg,streetview_1024_left.jpg,37.75463621,-122.4674331,85.6
streetview_1025_right.jpg,streetview_1025_left.jpg,37.75609984,-122.4432054,139.9
streetview_1026_right.jpg,streetview_1026_left.jpg,37.73049087,-122.4159221,346.4
streetview_1027_right.jpg,streetview_1027_left.jpg,37.74646153,-122.4207946,229.6
streetview_1028_right.jpg,streetview_1028_left.jpg,37.73585,-122.4365408,305.8
streetview_1029_right.jpg,streetview_1029_left.jpg,37.77617759,-122.5073684,122.6
streetview_1030_right.jpg,streetview_1030_left.jpg,37.72454271,-122.4052312,274.8
streetview_1031_right.jpg,streetview_1031_left.jpg,37.72849663,-122.4655293,31.7
streetview_1032_right.jpg,streetview_1032_left.jpg,37.79035071,-122.4172548,288.1
streetview_1033_right.jpg,streetview_1033_left.jpg,37.79727507,-122.4440006,166.3
streetview_1034_right.jpg,streetview_1034_left.jpg,37.74680355,-122.4284396,276.8
streetview_1035_right.jpg,streetview_1035_left.jpg,37.75076471,-122.4706937,78.5
streetview_1036_right.jpg,streetview_1036_left.jpg,37.76253684,-122.3971602,268.5
streetview_1037_right.jpg,streetview_1037_left.jpg,37.76064858,-122.4865852,122.6
streetview_1038_right.jpg,streetview_1038_left.jpg,37.71978078,-122.4058077,279.6
streetview_1039_right.jpg,streetview_1039_left.jpg,37.72698644,-122.4598992,294.3
streetview_1040_right.jpg,streetview_1040_left.jpg,37.74189006,-122.5017495,99.3
streetview_1041_right.jpg,streetview_1041_left.jpg,37.72923191,-122.404252,269.1
streetview_1042_right.jpg,streetview_1042_left.jpg,37.72858066,-122.4555884,53.8
streetview_1043_right.jpg,streetview_1043_left.jpg,37.74440404,-122.4282097,271.0
streetview_1044_right.jpg,streetview_1044_left.jpg,37.74534037,-122.4945762,109.6
streetview_1045_right.jpg,streetview_1045_left.jpg,37.7323248,-122.4483328,88.4
streetview_1046_right.jpg,streetview_1046_left.jpg,37.73339453,-122.3979758,312.0
streetview_1047_right.jpg,streetview_1047_left.jpg,37.77654102,-122.4585179,205.0
streetview_1048_right.jpg,streetview_1048_left.jpg,37.75530924,-122.4710439,192.2
streetview_1049_right.jpg,streetview_1049_left.jpg,37.73263369,-122.4772353,102.9
streetview_1050_right.jpg,streetview_1050_left.jpg,37.72382959,-122.4285704,82.3
streetview_1051_right.jpg,streetview_1051_left.jpg,37.72479122,-122.4195341,307.2
streetview_1052_right.jpg,streetview_1052_left.jpg,37.77540118,-122.5040899,64.7
streetview_1053_right.jpg,streetview_1053_left.jpg,37.79840421,-122.4425157,245.5
streetview_1054_right.jpg,streetview_1054_left.jpg,37.7839917,-122.4824984,134.6
streetview_1055_right.jpg,streetview_1055_left.jpg,37.73099597,-122.4145752,348.5
streetview_1056_right.jpg,streetview_1056_left.jpg,37.79571015,-122.4312673,212.9
streetview_1057_right.jpg,streetview_1057_left.jpg,37.77528477,-122.4479925,195.1
streetview_1058_right.jpg,streetview_1058_left.jpg,37.71669826,-122.4680113,48.2
streetview_1059_right.jpg,streetview_1059_left.jpg,37.76307492,-122.4023924,206.1
streetview_1060_right.jpg,streetview_1060_left.jpg,37.73800727,-122.4179468,203.3
streetview_1061_right.jpg,streetview_1061_left.jpg,37.70910639,-122.4337072,23.9
streetview_1062_right.jpg,streetview_1062_left.jpg,37.73206596,-122.4208308,118.6
streetview_1063_right.jpg,streetview_1063_left.jpg,37.72245449,-122.3985557,282.4
streetview_1064_right.jpg,streetview_1064_left.jpg,37.73859471,-122.4918627,344.1
streetview_1065_right.jpg,streetview_1065_left.jpg,37.7557717,-122.4980626,1.4
streetview_1066_right.jpg,streetview_1066_left.jpg,37.7769541,-122.4973973,89.1
streetview_1067_right.jpg,streetview_1067_left.jpg,37.77742942,-122.4588976,164.1
streetview_1068_right.jpg,streetview_1068_left.jpg,37.72761305,-122.4409774,58.3
streetview_1069_right.jpg,streetview_1069_left.jpg,37.73892641,-122.4178062,242.6
streetview_1070_right.jpg,streetview_1070_left.jpg,37.72056271,-122.4626576,84.1
streetview_1071_right.jpg,streetview_1071_left.jpg,37.72537099,-122.4037555,327.0
streetview_1072_right.jpg,streetview_1072_left.jpg,37.77594105,-122.4453315,151.1
streetview_1073_right.jpg,streetview_1073_left.jpg,37.71515903,-122.4029772,329.9
streetview_1074_right.jpg,streetview_1074_left.jpg,37.74308368,-122.4234528,297.7
streetview_1075_right.jpg,streetview_1075_left.jpg,37.76200448,-122.4690244,110.4
streetview_1076_right.jpg,streetview_1076_left.jpg,37.73422131,-122.3746765,328.3
streetview_1077_right.jpg,streetview_1077_left.jpg,37.76214939,-122.3964742,223.6
streetview_1078_right.jpg,streetview_1078_left.jpg,37.7267921,-122.439055,320.2
streetview_1079_right.jpg,streetview_1079_left.jpg,37.75995533,-122.4739977,119.7
streetview_1080_right.jpg,streetview_1080_left.jpg,37.74985588,-122.451592,206.4
streetview_1081_right.jpg,streetview_1081_left.jpg,37.74078204,-122.4572978,16.1
streetview_1082_right.jpg,streetview_1082_left.jpg,37.76903548,-122.4470071,141.0
streetview_1083_right.jpg,streetview_1083_left.jpg,37.73903788,-122.4163009,250.5
streetview_1084_right.jpg,streetview_1084_left.jpg,37.73121546,-122.4442847,95.4
streetview_1085_right.jpg,streetview_1085_left.jpg,37.72681139,-122.3860433,292.4
streetview_1086_right.jpg,streetview_1086_left.jpg,37.73495489,-122.4110417,290.6
streetview_1087_right.jpg,streetview_1087_left.jpg,37.7618504,-122.501715,238.0
streetview_1088_right.jpg,streetview_1088_left.jpg,37.75979876,-122.5058725,92.4
streetview_1089_right.jpg,streetview_1089_left.jpg,37.75719871,-122.4287123,190.4
streetview_1090_right.jpg,streetview_1090_left.jpg,37.71642005,-122.4381743,357.8
streetview_1091_right.jpg,streetview_1091_left.jpg,37.78091738,-122.4412638,272.2
streetview_1092_right.jpg,streetview_1092_left.jpg,37.78239302,-122.4902635,181.0
streetview_1093_right.jpg,streetview_1093_left.jpg,37.73113521,-122.4913639,82.2
streetview_1094_right.jpg,streetview_1094_left.jpg,37.73722431,-122.4348393,358.4
streetview_1095_right.jpg,streetview_1095_left.jpg,37.79563447,-122.4368746,236.7
streetview_1096_right.jpg,streetview_1096_left.jpg,37.75844471,-122.5083161,130.6
streetview_1097_right.jpg,streetview_1097_left.jpg,37.7141374,-122.4431057,303.6
streetview_1098_right.jpg,streetview_1098_left.jpg,37.74213233,-122.4963931,90.8
streetview_1099_right.jpg,streetview_1099_left.jpg,37.7416358,-122.4540559,323.5
streetview_1100_right.jpg,streetview_1100_left.jpg,37.7576781,-122.4690763,248.3
streetview_1101_right.jpg,streetview_1101_left.jpg,37.74607364,-122.5059892,106.4
streetview_1102_right.jpg,streetview_1102_left.jpg,37.7280926,-122.4286287,11.6
streetview_1103_right.jpg,streetview_1103_left.jpg,37.80478917,-122.4087539,276.1
streetview_1104_right.jpg,streetview_1104_left.jpg,37.80561697,-122.4186434,241.0
streetview_1105_right.jpg,streetview_1105_left.jpg,37.80471144,-122.4207116,216.5
streetview_1106_right.jpg,streetview_1106_left.jpg,37.75007542,-122.4718236,117.1
streetview_1107_right.jpg,streetview_1107_left.jpg,37.71668919,-122.389507,309.7
streetview_1108_right.jpg,streetview_1108_left.jpg,37.73490625,-122.4172484,314.2
streetview_1109_right.jpg,streetview_1109_left.jpg,37.75362859,-122.4415979,136.5
streetview_1110_right.jpg,streetview_1110_left.jpg,37.72459233,-122.4067089,302.4
streetview_1111_right.jpg,streetview_1111_left.jpg,37.75684986,-122.4710059,336.4
streetview_1112_right.jpg,streetview_1112_left.jpg,37.78566105,-122.4869201,133.7
streetview_1113_right.jpg,streetview_1113_left.jpg,37.72934049,-122.4123165,257.0
streetview_1114_right.jpg,streetview_1114_left.jpg,37.72184934,-122.453424,12.8
streetview_1115_right.jpg,streetview_1115_left.jpg,37.75463361,-122.4440033,150.3
streetview_1116_right.jpg,streetview_1116_left.jpg,37.7330978,-122.4284883,350.8
streetview_1117_right.jpg,streetview_1117_left.jpg,37.74769546,-122.4314891,162.8
streetview_1118_right.jpg,streetview_1118_left.jpg,37.71012089,-122.4167932,306.3
streetview_1119_right.jpg,streetview_1119_left.jpg,37.7199316,-122.4337065,313.3
streetview_1120_right.jpg,streetview_1120_left.jpg,37.7617504,-122.4898849,117.1
streetview_1121_right.jpg,streetview_1121_left.jpg,37.72647108,-122.4029351,291.0
streetview_1122_right.jpg,streetview_1122_left.jpg,37.75788634,-122.5068123,93.1
streetview_1123_right.jpg,streetview_1123_left.jpg,37.75477442,-122.4355336,353.2
streetview_1124_right.jpg,streetview_1124_left.jpg,37.79016288,-122.440853,160.5
streetview_1125_right.jpg,streetview_1125_left.jpg,37.72188346,-122.4103183,283.9
streetview_1126_right.jpg,streetview_1126_left.jpg,37.73188086,-122.461505,212.6
streetview_1127_right.jpg,streetview_1127_left.jpg,37.7294126,-122.4635001,59.8
streetview_1128_right.jpg,streetview_1128_left.jpg,37.74792257,-122.4232309,242.6
streetview_1129_right.jpg,streetview_1129_left.jpg,37.73932136,-122.4441668,106.0
streetview_1130_right.jpg,streetview_1130_left.jpg,37.73136659,-122.4090903,237.6
streetview_1131_right.jpg,streetview_1131_left.jpg,37.71095737,-122.4496795,323.3
streetview_1132_right.jpg,streetview_1132_left.jpg,37.76083066,-122.4966284,44.6
streetview_1133_right.jpg,streetview_1133_left.jpg,37.78668363,-122.4643229,168.8
streetview_1134_right.jpg,streetview_1134_left.jpg,37.74182207,-122.4530473,165.9
streetview_1135_right.jpg,streetview_1135_left.jpg,37.72859429,-122.4488343,77.8
streetview_1136_right.jpg,streetview_1136_left.jpg,37.73196394,-122.4290552,11.3
streetview_1137_right.jpg,streetview_1137_left.jpg,37.79490165,-122.4131166,244.0
streetview_1138_right.jpg,streetview_1138_left.jpg,37.76059411,-122.5019855,116.1
streetview_1139_right.jpg,streetview_1139_left.jpg,37.7309113,-122.4253933,130.7
streetview_1140_right.jpg,streetview_1140_left.jpg,37.7292417,-122.4229429,104.7
streetview_1141_right.jpg,streetview_1141_left.jpg,37.72805452,-122.4172365,276.7
streetview_1142_right.jpg,streetview_1142_left.jpg,37.73319165,-122.472603,62.7
streetview_1143_right.jpg,streetview_1143_left.jpg,37.76031334,-122.4060067,251.6
streetview_1144_right.jpg,streetview_1144_left.jpg,37.75081112,-122.4420404,238.9
streetview_1145_right.jpg,streetview_1145_left.jpg,37.7446197,-122.4550411,31.9
streetview_1146_right.jpg,streetview_1146_left.jpg,37.7921958,-122.4176256,206.1
streetview_1147_right.jpg,streetview_1147_left.jpg,37.74812413,-122.4449864,177.7
streetview_1148_right.jpg,streetview_1148_left.jpg,37.71374808,-122.4432579,335.9
streetview_1149_right.jpg,streetview_1149_left.jpg,37.73299917,-122.4541231,196.2
streetview_1150_right.jpg,streetview_1150_left.jpg,37.71012422,-122.4625466,52.0
streetview_1151_right.jpg,streetview_1151_left.jpg,37.73048958,-122.4295908,54.4
streetview_1152_right.jpg,streetview_1152_left.jpg,37.73888881,-122.4147556,233.2
streetview_1153_right.jpg,streetview_1153_left.jpg,37.70948046,-122.4644304,322.2
streetview_1154_right.jpg,streetview_1154_left.jpg,37.74870322,-122.5029474,57.8
streetview_1155_right.jpg,streetview_1155_left.jpg,37.77974615,-122.4404488,270.9
streetview_1156_right.jpg,streetview_1156_left.jpg,37.77997058,-122.4587619,144.6
streetview_1157_right.jpg,streetview_1157_left.jpg,37.75262094,-122.4342021,220.1
streetview_1158_right.jpg,streetview_1158_left.jpg,37.73791709,-122.4498445,166.1
streetview_1159_right.jpg,streetview_1159_left.jpg,37.71877199,-122.4438491,36.6
streetview_1160_right.jpg,streetview_1160_left.jpg,37.75946084,-122.4056012,266.7
streetview_1161_right.jpg,streetview_1161_left.jpg,37.75494006,-122.5026642,163.5
streetview_1162_right.jpg,streetview_1162_left.jpg,37.73961469,-122.4969297,99.8
streetview_1163_right.jpg,streetview_1163_left.jpg,37.72697012,-122.4044175,291.9
streetview_1164_right.jpg,streetview_1164_left.jpg,37.73473782,-122.4288017,48.9
streetview_1165_right.jpg,streetview_1165_left.jpg,37.75232371,-122.4033147,253.0
streetview_1166_right.jpg,streetview_1166_left.jpg,37.7459185,-122.4297345,141.5
streetview_1167_right.jpg,streetview_1167_left.jpg,37.72372399,-122.4074408,286.2
streetview_1168_right.jpg,streetview_1168_left.jpg,37.72853772,-122.4283496,42.1
streetview_1169_right.jpg,streetview_1169_left.jpg,37.73946633,-122.4158503,344.2
streetview_1170_right.jpg,streetview_1170_left.jpg,37.79787758,-122.4367646,183.5
streetview_1171_right.jpg,streetview_1171_left.jpg,37.75601184,-122.4400256,110.8
streetview_1172_right.jpg,streetview_1172_left.jpg,37.73456654,-122.3686251,273.5
streetview_1173_right.jpg,streetview_1173_left.jpg,37.74114129,-122.504565,81.4
streetview_1174_right.jpg,streetview_1174_left.jpg,37.74512173,-122.4711023,40.9
streetview_1175_right.jpg,streetview_1175_left.jpg,37.80308093,-122.4075352,249.5
streetview_1176_right.jpg,streetview_1176_left.jpg,37.78455281,-122.4702537,111.3
streetview_1177_right.jpg,streetview_1177_left.jpg,37.76137409,-122.3951045,298.4
streetview_1178_right.jpg,streetview_1178_left.jpg,37.78451998,-122.4492572,23.9
streetview_1179_right.jpg,streetview_1179_left.jpg,37.78912658,-122.4466725,140.5
streetview_1180_right.jpg,streetview_1180_left.jpg,37.72945959,-122.3846013,181.3
streetview_1181_right.jpg,streetview_1181_left.jpg,37.72514486,-122.384724,327.9
streetview_1182_right.jpg,streetview_1182_left.jpg,37.77525136,-122.4244984,250.4
streetview_1183_right.jpg,streetview_1183_left.jpg,37.75528061,-122.4951667,60.5
streetview_1184_right.jpg,streetview_1184_left.jpg,37.78110637,-122.4373101,169.4
streetview_1185_right.jpg,streetview_1185_left.jpg,37.74044684,-122.427716,287.5
streetview_1186_right.jpg,streetview_1186_left.jpg,37.75240479,-122.4756031,115.5
streetview_1187_right.jpg,streetview_1187_left.jpg,37.73885489,-122.4396294,203.3
streetview_1188_right.jpg,streetview_1188_left.jpg,37.72159536,-122.4490173,47.3
streetview_1189_right.jpg,streetview_1189_left.jpg,37.75348441,-122.4053601,238.9
streetview_1190_right.jpg,streetview_1190_left.jpg,37.73966573,-122.4343051,206.7
streetview_1191_right.jpg,streetview_1191_left.jpg,37.73308462,-122.4384935,6.5
streetview_1192_right.jpg,streetview_1192_left.jpg,37.79368054,-122.4297322,188.7
streetview_1193_right.jpg,streetview_1193_left.jpg,37.77949046,-122.4324877,163.4
streetview_1194_right.jpg,streetview_1194_left.jpg,37.71560505,-122.4083961,326.2
streetview_1195_right.jpg,streetview_1195_left.jpg,37.75412321,-122.4409667,358.4
streetview_1196_right.jpg,streetview_1196_left.jpg,37.79148518,-122.4422572,156.6
streetview_1197_right.jpg,streetview_1197_left.jpg,37.71863156,-122.4024133,359.3
streetview_1198_right.jpg,streetview_1198_left.jpg,37.76346075,-122.4030773,269.7
streetview_1199_right.jpg,streetview_1199_left.jpg,37.76312778,-122.4727343,93.7
streetview_1200_right.jpg,streetview_1200_left.jpg,37.76106212,-122.4320415,210.2
streetview_1201_right.jpg,streetview_1201_left.jpg,37.72182855,-122.4608911,26.6
streetview_1202_right.jpg,streetview_1202_left.jpg,37.7289013,-122.4564135,17.1
streetview_1203_right.jpg,streetview_1203_left.jpg,37.78093632,-122.4361521,180.1
streetview_1204_right.jpg,streetview_1204_left.jpg,37.70949708,-122.4362477,11.5
streetview_1205_right.jpg,streetview_1205_left.jpg,37.79127259,-122.4151904,255.6
streetview_1206_right.jpg,streetview_1206_left.jpg,37.77441817,-122.498283,162.6
streetview_1207_right.jpg,streetview_1207_left.jpg,37.73309086,-122.4819098,355.9
streetview_1208_right.jpg,streetview_1208_left.jpg,37.76198647,-122.4845277,108.0
streetview_1209_right.jpg,streetview_1209_left.jpg,37.74489159,-122.4181469,278.1
streetview_1210_right.jpg,streetview_1210_left.jpg,37.75031381,-122.4664128,316.2
streetview_1211_right.jpg,streetview_1211_left.jpg,37.764529,-122.4836295,113.9
streetview_1212_right.jpg,streetview_1212_left.jpg,37.74129872,-122.4172833,357.7
streetview_1213_right.jpg,streetview_1213_left.jpg,37.79251937,-122.4199399,202.2
streetview_1214_right.jpg,streetview_1214_left.jpg,37.72376563,-122.4554491,22.8
streetview_1215_right.jpg,streetview_1215_left.jpg,37.80566669,-122.4119073,195.5
streetview_1216_right.jpg,streetview_1216_left.jpg,37.72442585,-122.4404005,267.8
streetview_1217_right.jpg,streetview_1217_left.jpg,37.72387366,-122.4581781,73.7
streetview_1218_right.jpg,streetview_1218_left.jpg,37.73602138,-122.405663,345.4
streetview_1219_right.jpg,streetview_1219_left.jpg,37.80192882,-122.4274616,224.7
streetview_1220_right.jpg,streetview_1220_left.jpg,37.75901744,-122.4810921,348.9
streetview_1221_right.jpg,streetview_1221_left.jpg,37.78316091,-122.487095,86.7
streetview_1222_right.jpg,streetview_1222_left.jpg,37.7839937,-122.4687826,99.8
streetview_1223_right.jpg,streetview_1223_left.jpg,37.77877413,-122.4306071,145.7
streetview_1224_right.jpg,streetview_1224_left.jpg,37.74687828,-122.4030526,335.3
streetview_1225_right.jpg,streetview_1225_left.jpg,37.79969418,-122.433759,83.7
streetview_1226_right.jpg,streetview_1226_left.jpg,37.80008114,-122.4293382,242.4
streetview_1227_right.jpg,streetview_1227_left.jpg,37.78332165,-122.4698039,58.5
streetview_1228_right.jpg,streetview_1228_left.jpg,37.7982193,-122.4390813,209.1
streetview_1229_right.jpg,streetview_1229_left.jpg,37.75419148,-122.4701317,130.3
streetview_1230_right.jpg,streetview_1230_left.jpg,37.7345757,-122.4409181,300.9
streetview_1231_right.jpg,streetview_1231_left.jpg,37.75741218,-122.4892214,326.9
streetview_1232_right.jpg,streetview_1232_left.jpg,37.77782632,-122.5060576,127.1
streetview_1233_right.jpg,streetview_1233_left.jpg,37.73264742,-122.4304568,284.6
streetview_1234_right.jpg,streetview_1234_left.jpg,37.74131157,-122.4726977,106.4
streetview_1235_right.jpg,streetview_1235_left.jpg,37.73138094,-122.4300251,356.2
streetview_1236_right.jpg,streetview_1236_left.jpg,37.75863094,-122.4323421,225.0
streetview_1237_right.jpg,streetview_1237_left.jpg,37.74208901,-122.4532931,347.9
streetview_1238_right.jpg,streetview_1238_left.jpg,37.76526868,-122.4595835,37.5
streetview_1239_right.jpg,streetview_1239_left.jpg,37.80418957,-122.4217365,196.7
streetview_1240_right.jpg,streetview_1240_left.jpg,37.73530637,-122.4478135,87.8
streetview_1241_right.jpg,streetview_1241_left.jpg,37.73678345,-122.399176,232.3
streetview_1242_right.jpg,streetview_1242_left.jpg,37.71129646,-122.4407762,74.3
streetview_1243_right.jpg,streetview_1243_left.jpg,37.72339792,-122.3862896,264.1
streetview_1244_right.jpg,streetview_1244_left.jpg,37.71846069,-122.4467606,335.6
streetview_1245_right.jpg,streetview_1245_left.jpg,37.75953904,-122.4702821,95.6
streetview_1246_right.jpg,streetview_1246_left.jpg,37.75403772,-122.3995295,301.8
streetview_1247_right.jpg,streetview_1247_left.jpg,37.78375589,-122.4601692,277.3
streetview_1248_right.jpg,streetview_1248_left.jpg,37.78618661,-122.4840903,199.4
streetview_1249_right.jpg,streetview_1249_left.jpg,37.73703379,-122.5059851,108.0
streetview_1250_right.jpg,streetview_1250_left.jpg,37.71098832,-122.4050618,305.2
streetview_1251_right.jpg,streetview_1251_left.jpg,37.73283687,-122.4443064,18.4
streetview_1252_right.jpg,streetview_1252_left.jpg,37.75828386,-122.4336302,181.8
streetview_1253_right.jpg,streetview_1253_left.jpg,37.71237097,-122.4354832,4.8
streetview_1254_right.jpg,streetview_1254_left.jpg,37.74660332,-122.43181,106.0
streetview_1255_right.jpg,streetview_1255_left.jpg,37.74124413,-122.4081859,287.6
streetview_1256_right.jpg,streetview_1256_left.jpg,37.75537308,-122.4646219,164.2
streetview_1257_right.jpg,streetview_1257_left.jpg,37.72211851,-122.4527624,351.2
streetview_1258_right.jpg,streetview_1258_left.jpg,37.76371986,-122.4609075,268.8
streetview_1259_right.jpg,streetview_1259_left.jpg,37.76300289,-122.5039486,132.0
streetview_1260_right.jpg,streetview_1260_left.jpg,37.71945838,-122.4428956,21.0
streetview_1261_right.jpg,streetview_1261_left.jpg,37.75004886,-122.4280066,118.2
streetview_1262_right.jpg,streetview_1262_left.jpg,37.73332512,-122.3886543,266.9
streetview_1263_right.jpg,streetview_1263_left.jpg,37.7303162,-122.4581541,93.5
streetview_1264_right.jpg,streetview_1264_left.jpg,37.72714157,-122.3921788,318.1
streetview_1265_right.jpg,streetview_1265_left.jpg,37.76313997,-122.4329883,272.6
streetview_1266_right.jpg,streetview_1266_left.jpg,37.76420521,-122.4623757,136.0
streetview_1267_right.jpg,streetview_1267_left.jpg,37.71371351,-122.4007314,327.6
streetview_1268_right.jpg,streetview_1268_left.jpg,37.74636078,-122.4269049,296.1
streetview_1269_right.jpg,streetview_1269_left.jpg,37.77436925,-122.4993522,129.4
streetview_1270_right.jpg,streetview_1270_left.jpg,37.74505443,-122.4542707,111.2
streetview_1271_right.jpg,streetview_1271_left.jpg,37.73062818,-122.407389,286.7
streetview_1272_right.jpg,streetview_1272_left.jpg,37.75362984,-122.5043648,117.7
streetview_1273_right.jpg,streetview_1273_left.jpg,37.71341284,-122.4077569,311.0
streetview_1274_right.jpg,streetview_1274_left.jpg,37.75638028,-122.4701992,168.9
streetview_1275_right.jpg,streetview_1275_left.jpg,37.70966545,-122.4586096,20.7
streetview_1276_right.jpg,streetview_1276_left.jpg,37.8019957,-122.414543,181.6
streetview_1277_right.jpg,streetview_1277_left.jpg,37.70908633,-122.4178152,270.4
streetview_1278_right.jpg,streetview_1278_left.jpg,37.70919145,-122.4371515,355.9
streetview_1279_right.jpg,streetview_1279_left.jpg,37.78661709,-122.4440972,159.4
streetview_1280_right.jpg,streetview_1280_left.jpg,37.71090945,-122.4081524,349.3
streetview_1281_right.jpg,streetview_1281_left.jpg,37.79574003,-122.4284612,185.4
streetview_1282_right.jpg,streetview_1282_left.jpg,37.76264758,-122.432387,156.4
streetview_1283_right.jpg,streetview_1283_left.jpg,37.71232071,-122.4045714,300.9
streetview_1284_right.jpg,streetview_1284_left.jpg,37.75754643,-122.5003367,51.6
streetview_1285_right.jpg,streetview_1285_left.jpg,37.80080867,-122.4311723,215.2
streetview_1286_right.jpg,streetview_1286_left.jpg,37.75714007,-122.4701144,127.6
streetview_1287_right.jpg,streetview_1287_left.jpg,37.73756964,-122.4379795,168.4
streetview_1288_right.jpg,streetview_1288_left.jpg,37.72484302,-122.4346622,90.0
streetview_1289_right.jpg,streetview_1289_left.jpg,37.72483148,-122.4024244,326.3
streetview_1290_right.jpg,streetview_1290_left.jpg,37.78742686,-122.4552852,246.4
streetview_1291_right.jpg,streetview_1291_left.jpg,37.77829134,-122.4817261,128.4
streetview_1292_right.jpg,streetview_1292_left.jpg,37.71799674,-122.3855047,305.1
streetview_1293_right.jpg,streetview_1293_left.jpg,37.72897128,-122.4052451,306.8
streetview_1294_right.jpg,streetview_1294_left.jpg,37.77567639,-122.4844037,151.0
streetview_1295_right.jpg,streetview_1295_left.jpg,37.7151625,-122.4420303,358.6
streetview_1296_right.jpg,streetview_1296_left.jpg,37.73454764,-122.4426271,89.6
streetview_1297_right.jpg,streetview_1297_left.jpg,37.73482591,-122.392952,273.2
streetview_1298_right.jpg,streetview_1298_left.jpg,37.73826702,-122.4709947,355.8
streetview_1299_right.jpg,streetview_1299_left.jpg,37.75777944,-122.4728201,309.4
streetview_1300_right.jpg,streetview_1300_left.jpg,37.77382846,-122.4975264,108.3
streetview_1301_right.jpg,streetview_1301_left.jpg,37.75986393,-122.4441672,172.3
streetview_1302_right.jpg,streetview_1302_left.jpg,37.71720466,-122.4368536,8.1
streetview_1303_right.jpg,streetview_1303_left.jpg,37.79114672,-122.4236004,260.8
streetview_1304_right.jpg,streetview_1304_left.jpg,37.78420244,-122.4778538,189.6
streetview_1305_right.jpg,streetview_1305_left.jpg,37.75892294,-122.4832367,96.3
streetview_1306_right.jpg,streetview_1306_left.jpg,37.75422106,-122.4298982,184.8
streetview_1307_right.jpg,streetview_1307_left.jpg,37.72733862,-122.4327652,318.8
streetview_1308_right.jpg,streetview_1308_left.jpg,37.76199247,-122.4711771,47.3
streetview_1309_right.jpg,streetview_1309_left.jpg,37.79991949,-122.4191795,193.9
streetview_1310_right.jpg,streetview_1310_left.jpg,37.75745087,-122.4324803,143.4
streetview_1311_right.jpg,streetview_1311_left.jpg,37.7192913,-122.3966225,260.5
streetview_1312_right.jpg,streetview_1312_left.jpg,37.7121267,-122.4505055,350.1
streetview_1313_right.jpg,streetview_1313_left.jpg,37.7853292,-122.4667276,164.3
streetview_1314_right.jpg,streetview_1314_left.jpg,37.71255216,-122.4409253,302.0
streetview_1315_right.jpg,streetview_1315_left.jpg,37.73908878,-122.4947518,76.4
streetview_1316_right.jpg,streetview_1316_left.jpg,37.74920332,-122.4418798,291.2
streetview_1317_right.jpg,streetview_1317_left.jpg,37.76147617,-122.4819823,89.0
streetview_1318_right.jpg,streetview_1318_left.jpg,37.76253184,-122.4042843,248.0
streetview_1319_right.jpg,streetview_1319_left.jpg,37.73924193,-122.4771994,34.9
streetview_1320_right.jpg,streetview_1320_left.jpg,37.78068132,-122.440642,153.4
streetview_1321_right.jpg,streetview_1321_left.jpg,37.735017,-122.41178,6.0
streetview_1322_right.jpg,streetview_1322_left.jpg,37.80314173,-122.4027543,253.4
streetview_1323_right.jpg,streetview_1323_left.jpg,37.79626077,-122.431941,209.5
streetview_1324_right.jpg,streetview_1324_left.jpg,37.73161157,-122.4782695,38.3
streetview_1325_right.jpg,streetview_1325_left.jpg,37.76204183,-122.4478331,119.9
streetview_1326_right.jpg,streetview_1326_left.jpg,37.73157986,-122.3808773,272.1
streetview_1327_right.jpg,streetview_1327_left.jpg,37.73330055,-122.4397418,166.3
streetview_1328_right.jpg,streetview_1328_left.jpg,37.7123119,-122.4332731,32.3
streetview_1329_right.jpg,streetview_1329_left.jpg,37.75015433,-122.403071,347.5
streetview_1330_right.jpg,streetview_1330_left.jpg,37.79134265,-122.4146427,219.3
streetview_1331_right.jpg,streetview_1331_left.jpg,37.74123891,-122.4664972,81.3
streetview_1332_right.jpg,streetview_1332_left.jpg,37.74614239,-122.4261164,279.4
streetview_1333_right.jpg,streetview_1333_left.jpg,37.75665755,-122.5063676,74.9
streetview_1334_right.jpg,streetview_1334_left.jpg,37.76452089,-122.4695539,179.4
streetview_1335_right.jpg,streetview_1335_left.jpg,37.71906675,-122.4689358,26.6
streetview_1336_right.jpg,streetview_1336_left.jpg,37.76040982,-122.442759,268.0
streetview_1337_right.jpg,streetview_1337_left.jpg,37.75891476,-122.4975671,117.9
streetview_1338_right.jpg,streetview_1338_left.jpg,37.72399316,-122.4141116,256.5
streetview_1339_right.jpg,streetview_1339_left.jpg,37.71428547,-122.4649882,24.6
streetview_1340_right.jpg,streetview_1340_left.jpg,37.80137582,-122.4144171,189.5
streetview_1341_right.jpg,streetview_1341_left.jpg,37.71903975,-122.4318397,90.5
streetview_1342_right.jpg,streetview_1342_left.jpg,37.71875739,-122.3923485,279.2
streetview_1343_right.jpg,streetview_1343_left.jpg,37.73185565,-122.4948504,74.5
streetview_1344_right.jpg,streetview_1344_left.jpg,37.74218763,-122.4477804,144.2
streetview_1345_right.jpg,streetview_1345_left.jpg,37.72214613,-122.4294964,319.8
streetview_1346_right.jpg,streetview_1346_left.jpg,37.77557815,-122.4865463,150.4
streetview_1347_right.jpg,streetview_1347_left.jpg,37.71399365,-122.442268,109.2
streetview_1348_right.jpg,streetview_1348_left.jpg,37.71140464,-122.4328947,350.5
streetview_1349_right.jpg,streetview_1349_left.jpg,37.77455531,-122.4462076,162.4
streetview_1350_right.jpg,streetview_1350_left.jpg,37.71000006,-122.4202697,63.1
streetview_1351_right.jpg,streetview_1351_left.jpg,37.72552321,-122.3815524,333.6
streetview_1352_right.jpg,streetview_1352_left.jpg,37.76456324,-122.4060951,224.6
streetview_1353_right.jpg,streetview_1353_left.jpg,37.71792226,-122.4641287,28.5
streetview_1354_right.jpg,streetview_1354_left.jpg,37.79663129,-122.4100925,227.8
streetview_1355_right.jpg,streetview_1355_left.jpg,37.77692276,-122.4376083,156.8
streetview_1356_right.jpg,streetview_1356_left.jpg,37.74493465,-122.4202986,137.8
streetview_1357_right.jpg,streetview_1357_left.jpg,37.7288382,-122.4018351,288.1
streetview_1358_right.jpg,streetview_1358_left.jpg,37.74386439,-122.4599533,132.3
streetview_1359_right.jpg,streetview_1359_left.jpg,37.71173778,-122.4153751,314.7
streetview_1360_right.jpg,streetview_1360_left.jpg,37.75725516,-122.473552,149.7
streetview_1361_right.jpg,streetview_1361_left.jpg,37.73374684,-122.4562113,81.0
streetview_1362_right.jpg,streetview_1362_left.jpg,37.73918275,-122.4128552,317.4
streetview_1363_right.jpg,streetview_1363_left.jpg,37.78051452,-122.4610069,149.7
streetview_1364_right.jpg,streetview_1364_left.jpg,37.70992872,-122.4089419,281.4
streetview_1365_right.jpg,streetview_1365_left.jpg,37.71603475,-122.4471212,355.9
streetview_1366_right.jpg,streetview_1366_left.jpg,37.76999748,-122.45198,135.4
streetview_1367_right.jpg,streetview_1367_left.jpg,37.73313404,-122.4059978,327.8
streetview_1368_right.jpg,streetview_1368_left.jpg,37.74500555,-122.4154366,216.8
streetview_1369_right.jpg,streetview_1369_left.jpg,37.71424684,-122.4445165,47.6
streetview_1370_right.jpg,streetview_1370_left.jpg,37.73521299,-122.4155063,106.7
streetview_1371_right.jpg,streetview_1371_left.jpg,37.72942939,-122.3912167,288.0
streetview_1372_right.jpg,streetview_1372_left.jpg,37.73825483,-122.4255316,68.1
streetview_1373_right.jpg,streetview_1373_left.jpg,37.75242613,-122.3809143,283.9
streetview_1374_right.jpg,streetview_1374_left.jpg,37.77356587,-122.4896211,113.1
streetview_1375_right.jpg,streetview_1375_left.jpg,37.74549229,-122.4066695,312.1
streetview_1376_right.jpg,streetview_1376_left.jpg,37.77497413,-122.4479291,239.3
streetview_1377_right.jpg,streetview_1377_left.jpg,37.76168646,-122.4762633,57.9
streetview_1378_right.jpg,streetview_1378_left.jpg,37.775562,-122.4483165,143.6
streetview_1379_right.jpg,streetview_1379_left.jpg,37.73744566,-122.4128084,220.9
streetview_1380_right.jpg,streetview_1380_left.jpg,37.7107303,-122.4420561,52.8
streetview_1381_right.jpg,streetview_1381_left.jpg,37.72836853,-122.4126431,319.4
streetview_1382_right.jpg,streetview_1382_left.jpg,37.75411873,-122.4405599,262.5
streetview_1383_right.jpg,streetview_1383_left.jpg,37.75135183,-122.4672243,180.2
streetview_1384_right.jpg,streetview_1384_left.jpg,37.71426707,-122.4673831,97.8
streetview_1385_right.jpg,streetview_1385_left.jpg,37.70899878,-122.4188073,341.1
streetview_1386_right.jpg,streetview_1386_left.jpg,37.75820681,-122.4401546,252.6
streetview_1387_right.jpg,streetview_1387_left.jpg,37.74470852,-122.494532,39.5
streetview_1388_right.jpg,streetview_1388_left.jpg,37.77739295,-122.4604271,324.4
streetview_1389_right.jpg,streetview_1389_left.jpg,37.78469602,-122.467039,182.5
streetview_1390_right.jpg,streetview_1390_left.jpg,37.74450216,-122.4692327,65.8
streetview_1391_right.jpg,streetview_1391_left.jpg,37.75125381,-122.450184,160.0
streetview_1392_right.jpg,streetview_1392_left.jpg,37.72594972,-122.4385088,344.0
streetview_1393_right.jpg,streetview_1393_left.jpg,37.77516985,-122.4563976,159.7
streetview_1394_right.jpg,streetview_1394_left.jpg,37.7278362,-122.4342742,287.9
streetview_1395_right.jpg,streetview_1395_left.jpg,37.73302284,-122.4545958,74.2
streetview_1396_right.jpg,streetview_1396_left.jpg,37.74328397,-122.4088273,289.8
streetview_1397_right.jpg,streetview_1397_left.jpg,37.76074071,-122.4703661,110.9
streetview_1398_right.jpg,streetview_1398_left.jpg,37.74528394,-122.4191124,305.7
streetview_1399_right.jpg,streetview_1399_left.jpg,37.78320996,-122.4860289,145.5
streetview_1400_right.jpg,streetview_1400_left.jpg,37.73735183,-122.4461978,216.4
streetview_1401_right.jpg,streetview_1401_left.jpg,37.73205233,-122.4511393,75.4
streetview_1402_right.jpg,streetview_1402_left.jpg,37.73584003,-122.4327455,304.7
streetview_1403_right.jpg,streetview_1403_left.jpg,37.77768046,-122.5092629,88.6
streetview_1404_right.jpg,streetview_1404_left.jpg,37.77814571,-122.4849406,57.7
streetview_1405_right.jpg,streetview_1405_left.jpg,37.8041001,-122.4329623,215.2
streetview_1406_right.jpg,streetview_1406_left.jpg,37.75812795,-122.4739825,47.8
streetview_1407_right.jpg,streetview_1407_left.jpg,37.78106673,-122.4419386,141.0
streetview_1408_right.jpg,streetview_1408_left.jpg,37.73561872,-122.395463,266.0
streetview_1409_right.jpg,streetview_1409_left.jpg,37.73111109,-122.4769584,94.9
streetview_1410_right.jpg,streetview_1410_left.jpg,37.72868088,-122.4410059,18.3
streetview_1411_right.jpg,streetview_1411_left.jpg,37.79616215,-122.4126993,251.5
streetview_1412_right.jpg,streetview_1412_left.jpg,37.77687012,-122.4855653,141.3
streetview_1413_right.jpg,streetview_1413_left.jpg,37.73309799,-122.4412576,42.4
streetview_1414_right.jpg,streetview_1414_left.jpg,37.76464102,-122.404807,200.4
streetview_1415_right.jpg,streetview_1415_left.jpg,37.72993822,-122.4210858,257.1
streetview_1416_right.jpg,streetview_1416_left.jpg,37.72304361,-122.4591962,324.2
streetview_1417_right.jpg,streetview_1417_left.jpg,37.77707246,-122.5085044,102.8
streetview_1418_right.jpg,streetview_1418_left.jpg,37.75404952,-122.3810548,240.5
streetview_1419_right.jpg,streetview_1419_left.jpg,37.73014198,-122.4343946,52.8
streetview_1420_right.jpg,streetview_1420_left.jpg,37.74780604,-122.4049436,238.8
streetview_1421_right.jpg,streetview_1421_left.jpg,37.73916429,-122.422975,126.2
streetview_1422_right.jpg,streetview_1422_left.jpg,37.73222747,-122.4109928,283.2
streetview_1423_right.jpg,streetview_1423_left.jpg,37.74879825,-122.5008019,147.4
streetview_1424_right.jpg,streetview_1424_left.jpg,37.71115815,-122.4704156,358.2
streetview_1425_right.jpg,streetview_1425_left.jpg,37.75941849,-122.4723089,164.9
streetview_1426_right.jpg,streetview_1426_left.jpg,37.74098906,-122.466013,107.6
streetview_1427_right.jpg,streetview_1427_left.jpg,37.7251448,-122.4029219,319.1
streetview_1428_right.jpg,streetview_1428_left.jpg,37.78464885,-122.4681107,145.4
streetview_1429_right.jpg,streetview_1429_left.jpg,37.7420857,-122.4309576,73.3
streetview_1430_right.jpg,streetview_1430_left.jpg,37.74816076,-122.4052837,241.6
streetview_1431_right.jpg,streetview_1431_left.jpg,37.72858859,-122.4511069,327.2
streetview_1432_right.jpg,streetview_1432_left.jpg,37.78033044,-122.4933396,108.9
streetview_1433_right.jpg,streetview_1433_left.jpg,37.7686342,-122.4501539,244.2
streetview_1434_right.jpg,streetview_1434_left.jpg,37.75154851,-122.4949073,51.3
streetview_1435_right.jpg,streetview_1435_left.jpg,37.78496233,-122.4420735,157.3
streetview_1436_right.jpg,streetview_1436_left.jpg,37.73837513,-122.4174251,328.2
streetview_1437_right.jpg,streetview_1437_left.jpg,37.78469535,-122.4537039,63.7
streetview_1438_right.jpg,streetview_1438_left.jpg,37.80074745,-122.4126041,195.9
streetview_1439_right.jpg,streetview_1439_left.jpg,37.79173526,-122.4158449,159.7
streetview_1440_right.jpg,streetview_1440_left.jpg,37.73620841,-122.3898246,333.3
streetview_1441_right.jpg,streetview_1441_left.jpg,37.79612891,-122.4279772,189.4
streetview_1442_right.jpg,streetview_1442_left.jpg,37.7559858,-122.4363804,207.8
streetview_1443_right.jpg,streetview_1443_left.jpg,37.73969945,-122.4472521,262.9
streetview_1444_right.jpg,streetview_1444_left.jpg,37.73530291,-122.4916353,118.5
streetview_1445_right.jpg,streetview_1445_left.jpg,37.7143504,-122.4428776,321.5
streetview_1446_right.jpg,streetview_1446_left.jpg,37.75634563,-122.4852078,63.1
streetview_1447_right.jpg,streetview_1447_left.jpg,37.76054564,-122.4747559,126.8
streetview_1448_right.jpg,streetview_1448_left.jpg,37.72888955,-122.4212284,30.8
streetview_1449_right.jpg,streetview_1449_left.jpg,37.73602076,-122.4158455,266.1
streetview_1450_right.jpg,streetview_1450_left.jpg,37.73228596,-122.48509,117.5
streetview_1451_right.jpg,streetview_1451_left.jpg,37.71868255,-122.4520121,352.0
streetview_1452_right.jpg,streetview_1452_left.jpg,37.77915076,-122.4627062,178.8
streetview_1453_right.jpg,streetview_1453_left.jpg,37.72122299,-122.4612276,89.7
streetview_1454_right.jpg,streetview_1454_left.jpg,37.72136586,-122.4307999,293.0
streetview_1455_right.jpg,streetview_1455_left.jpg,37.73154325,-122.4610693,227.4
streetview_1456_right.jpg,streetview_1456_left.jpg,37.72299888,-122.4728351,32.8
streetview_1457_right.jpg,streetview_1457_left.jpg,37.76102509,-122.4418732,210.3
streetview_1458_right.jpg,streetview_1458_left.jpg,37.7302867,-122.4645488,195.1
streetview_1459_right.jpg,streetview_1459_left.jpg,37.71123478,-122.4710361,51.4
streetview_1460_right.jpg,streetview_1460_left.jpg,37.71233404,-122.4692926,332.7
streetview_1461_right.jpg,streetview_1461_left.jpg,37.74791582,-122.4925015,121.7
streetview_1462_right.jpg,streetview_1462_left.jpg,37.72176089,-122.4389807,218.8
streetview_1463_right.jpg,streetview_1463_left.jpg,37.72074966,-122.4400093,74.4
streetview_1464_right.jpg,streetview_1464_left.jpg,37.72633664,-122.4147333,285.7
streetview_1465_right.jpg,streetview_1465_left.jpg,37.73047551,-122.4332961,25.9
streetview_1466_right.jpg,streetview_1466_left.jpg,37.78779007,-122.398043,217.5
streetview_1467_right.jpg,streetview_1467_left.jpg,37.71791033,-122.4659257,207.0
streetview_1468_right.jpg,streetview_1468_left.jpg,37.71337842,-122.4688431,61.9
streetview_1469_right.jpg,streetview_1469_left.jpg,37.72701482,-122.436522,88.8
streetview_1470_right.jpg,streetview_1470_left.jpg,37.72770345,-122.3959338,287.5
streetview_1471_right.jpg,streetview_1471_left.jpg,37.7532601,-122.4986039,117.6
streetview_1472_right.jpg,streetview_1472_left.jpg,37.73082489,-122.4442853,9.6
streetview_1473_right.jpg,streetview_1473_left.jpg,37.76554892,-122.4368863,206.1
streetview_1474_right.jpg,streetview_1474_left.jpg,37.75295905,-122.4446905,105.5
streetview_1475_right.jpg,streetview_1475_left.jpg,37.74083866,-122.3896679,273.7
streetview_1476_right.jpg,streetview_1476_left.jpg,37.74440881,-122.4599137,333.8
streetview_1477_right.jpg,streetview_1477_left.jpg,37.77832368,-122.4810119,186.2
streetview_1478_right.jpg,streetview_1478_left.jpg,37.73299672,-122.4871978,322.6
streetview_1479_right.jpg,streetview_1479_left.jpg,37.75171272,-122.5053078,54.3
streetview_1480_right.jpg,streetview_1480_left.jpg,37.80571415,-122.4102361,180.6
streetview_1481_right.jpg,streetview_1481_left.jpg,37.79403852,-122.410403,258.0
streetview_1482_right.jpg,streetview_1482_left.jpg,37.78132515,-122.4858874,156.9
streetview_1483_right.jpg,streetview_1483_left.jpg,37.72987837,-122.4581481,189.8
streetview_1484_right.jpg,streetview_1484_left.jpg,37.71488829,-122.4614087,312.0
streetview_1485_right.jpg,streetview_1485_left.jpg,37.74669468,-122.5060321,50.4
streetview_1486_right.jpg,streetview_1486_left.jpg,37.7825395,-122.4512195,208.1
streetview_1487_right.jpg,streetview_1487_left.jpg,37.75315628,-122.4710903,81.8
streetview_1488_right.jpg,streetview_1488_left.jpg,37.75642255,-122.4425135,203.2
streetview_1489_right.jpg,streetview_1489_left.jpg,37.71281825,-122.4661698,344.0
streetview_1490_right.jpg,streetview_1490_left.jpg,37.7564875,-122.4819918,72.2
streetview_1491_right.jpg,streetview_1491_left.jpg,37.76782792,-122.4373445,157.2
streetview_1492_right.jpg,streetview_1492_left.jpg,37.73553343,-122.4201716,342.3
streetview_1493_right.jpg,streetview_1493_left.jpg,37.78610515,-122.4406041,124.8
streetview_1494_right.jpg,streetview_1494_left.jpg,37.77911846,-122.4278893,165.2
streetview_1495_right.jpg,streetview_1495_left.jpg,37.7304845,-122.411697,176.4
streetview_1496_right.jpg,streetview_1496_left.jpg,37.71293448,-122.4103019,336.5
streetview_1497_right.jpg,streetview_1497_left.jpg,37.78761943,-122.4513862,153.1
streetview_1498_right.jpg,streetview_1498_left.jpg,37.72016246,-122.4081473,359.2
streetview_1499_right.jpg,streetview_1499_left.jpg,37.74126064,-122.4084978,356.9
streetview_1500_right.jpg,streetview_1500_left.jpg,37.79622119,-122.41223,225.6
streetview_1501_right.jpg,streetview_1501_left.jpg,37.73198436,-122.4951419,113.7
streetview_1502_right.jpg,streetview_1502_left.jpg,37.71044787,-122.4332102,18.3
streetview_1503_right.jpg,streetview_1503_left.jpg,37.72943061,-122.4252704,352.1
streetview_1504_right.jpg,streetview_1504_left.jpg,37.79796304,-122.4373454,191.5
streetview_1505_right.jpg,streetview_1505_left.jpg,37.71346267,-122.4590162,78.5
streetview_1506_right.jpg,streetview_1506_left.jpg,37.71868441,-122.4266458,267.4
streetview_1507_right.jpg,streetview_1507_left.jpg,37.71732103,-122.4644215,18.3
streetview_1508_right.jpg,streetview_1508_left.jpg,37.75896887,-122.4469957,252.2
streetview_1509_right.jpg,streetview_1509_left.jpg,37.75179762,-122.4752212,319.9
streetview_1510_right.jpg,streetview_1510_left.jpg,37.77734847,-122.5024367,173.8
streetview_1511_right.jpg,streetview_1511_left.jpg,37.73527638,-122.496627,42.0
streetview_1512_right.jpg,streetview_1512_left.jpg,37.8047073,-122.4175798,205.7
streetview_1513_right.jpg,streetview_1513_left.jpg,37.73297818,-122.4612516,317.8
streetview_1514_right.jpg,streetview_1514_left.jpg,37.77337042,-122.5075206,113.1
streetview_1515_right.jpg,streetview_1515_left.jpg,37.72820282,-122.3735366,291.3
streetview_1516_right.jpg,streetview_1516_left.jpg,37.76040338,-122.4779665,116.1
streetview_1517_right.jpg,streetview_1517_left.jpg,37.74050964,-122.426683,49.1
streetview_1518_right.jpg,streetview_1518_left.jpg,37.76271215,-122.3942557,265.3
streetview_1519_right.jpg,streetview_1519_left.jpg,37.75959579,-122.4425232,202.1
streetview_1520_right.jpg,streetview_1520_left.jpg,37.7218251,-122.4619125,304.5
streetview_1521_right.jpg,streetview_1521_left.jpg,37.73367569,-122.4837166,339.2
streetview_1522_right.jpg,streetview_1522_left.jpg,37.78062487,-122.5062621,136.9
streetview_1523_right.jpg,streetview_1523_left.jpg,37.74245431,-122.4611008,41.1
streetview_1524_right.jpg,streetview_1524_left.jpg,37.79775207,-122.4000659,245.2
streetview_1525_right.jpg,streetview_1525_left.jpg,37.78117039,-122.4455467,263.5
streetview_1526_right.jpg,streetview_1526_left.jpg,37.77613767,-122.5016309,115.4
streetview_1527_right.jpg,streetview_1527_left.jpg,37.7412865,-122.4089875,286.1
streetview_1528_right.jpg,streetview_1528_left.jpg,37.75600338,-122.4735581,177.6
streetview_1529_right.jpg,streetview_1529_left.jpg,37.71904835,-122.4716336,66.7
streetview_1530_right.jpg,streetview_1530_left.jpg,37.73713205,-122.4185539,258.7
streetview_1531_right.jpg,streetview_1531_left.jpg,37.73108092,-122.4568587,95.6
streetview_1532_right.jpg,streetview_1532_left.jpg,37.725704,-122.3879794,232.5
streetview_1533_right.jpg,streetview_1533_left.jpg,37.70890582,-122.4156471,315.7
streetview_1534_right.jpg,streetview_1534_left.jpg,37.77685689,-122.4995333,65.4
streetview_1535_right.jpg,streetview_1535_left.jpg,37.80830969,-122.4124468,202.2
streetview_1536_right.jpg,streetview_1536_left.jpg,37.70894472,-122.4636403,26.6
streetview_1537_right.jpg,streetview_1537_left.jpg,37.75808388,-122.4324978,212.5
streetview_1538_right.jpg,streetview_1538_left.jpg,37.71731413,-122.4653232,79.5
streetview_1539_right.jpg,streetview_1539_left.jpg,37.72476045,-122.414549,249.2
streetview_1540_right.jpg,streetview_1540_left.jpg,37.70893878,-122.4671085,32.5
streetview_1541_right.jpg,streetview_1541_left.jpg,37.79646283,-122.3964294,232.7
streetview_1542_right.jpg,streetview_1542_left.jpg,37.7473031,-122.4781258,148.2
streetview_1543_right.jpg,streetview_1543_left.jpg,37.71636048,-122.4538397,14.6
streetview_1544_right.jpg,streetview_1544_left.jpg,37.75899155,-122.4397743,204.3
streetview_1545_right.jpg,streetview_1545_left.jpg,37.73142167,-122.4554803,105.1
streetview_1546_right.jpg,streetview_1546_left.jpg,37.72142394,-122.4086773,328.8
streetview_1547_right.jpg,streetview_1547_left.jpg,37.76345295,-122.440838,157.7
streetview_1548_right.jpg,streetview_1548_left.jpg,37.72645039,-122.421675,300.4
streetview_1549_right.jpg,streetview_1549_left.jpg,37.76314607,-122.5007304,108.2
streetview_1550_right.jpg,streetview_1550_left.jpg,37.75887564,-122.4843097,159.7
streetview_1551_right.jpg,streetview_1551_left.jpg,37.7123529,-122.4625692,57.2
streetview_1552_right.jpg,streetview_1552_left.jpg,37.74555444,-122.3974082,264.5
streetview_1553_right.jpg,streetview_1553_left.jpg,37.74050387,-122.4630341,74.6
streetview_1554_right.jpg,streetview_1554_left.jpg,37.74782646,-122.4292835,248.3
streetview_1555_right.jpg,streetview_1555_left.jpg,37.73207515,-122.4791863,104.0
streetview_1556_right.jpg,streetview_1556_left.jpg,37.71687717,-122.4024131,321.8
streetview_1557_right.jpg,streetview_1557_left.jpg,37.76175914,-122.4471037,192.2
streetview_1558_right.jpg,streetview_1558_left.jpg,37.73246567,-122.4550862,110.4
streetview_1559_right.jpg,streetview_1559_left.jpg,37.72598885,-122.4331006,74.8
streetview_1560_right.jpg,streetview_1560_left.jpg,37.72955969,-122.4165009,28.0
streetview_1561_right.jpg,streetview_1561_left.jpg,37.74234243,-122.4079005,268.3
streetview_1562_right.jpg,streetview_1562_left.jpg,37.74007639,-122.5005466,116.0
streetview_1563_right.jpg,streetview_1563_left.jpg,37.71028805,-122.42358,311.8
streetview_1564_right.jpg,streetview_1564_left.jpg,37.74465014,-122.4722176,356.3
streetview_1565_right.jpg,streetview_1565_left.jpg,37.77425083,-122.474629,134.9
streetview_1566_right.jpg,streetview_1566_left.jpg,37.719433,-122.4050298,304.4
streetview_1567_right.jpg,streetview_1567_left.jpg,37.73243008,-122.4290138,97.0
streetview_1568_right.jpg,streetview_1568_left.jpg,37.72880239,-122.3917805,292.9
streetview_1569_right.jpg,streetview_1569_left.jpg,37.75544152,-122.4716138,123.8
streetview_1570_right.jpg,streetview_1570_left.jpg,37.72968988,-122.4230581,204.7
streetview_1571_right.jpg,streetview_1571_left.jpg,37.7086525,-122.4352844,315.9
streetview_1572_right.jpg,streetview_1572_left.jpg,37.76072034,-122.4991274,99.8
streetview_1573_right.jpg,streetview_1573_left.jpg,37.75276294,-122.4407881,329.9
streetview_1574_right.jpg,streetview_1574_left.jpg,37.77926276,-122.4602053,140.3
streetview_1575_right.jpg,streetview_1575_left.jpg,37.75702249,-122.4368268,245.6
streetview_1576_right.jpg,streetview_1576_left.jpg,37.74091198,-122.4816204,125.7
streetview_1577_right.jpg,streetview_1577_left.jpg,37.72711163,-122.4573383,129.1
streetview_1578_right.jpg,streetview_1578_left.jpg,37.72154779,-122.4486691,63.8
streetview_1579_right.jpg,streetview_1579_left.jpg,37.73477967,-122.4147154,307.0
streetview_1580_right.jpg,streetview_1580_left.jpg,37.76355318,-122.4630467,24.6
streetview_1581_right.jpg,streetview_1581_left.jpg,37.77552205,-122.4561166,206.5
streetview_1582_right.jpg,streetview_1582_left.jpg,37.76032321,-122.465682,31.1
streetview_1583_right.jpg,streetview_1583_left.jpg,37.79925968,-122.4359171,183.1
streetview_1584_right.jpg,streetview_1584_left.jpg,37.73236044,-122.4404956,13.5
streetview_1585_right.jpg,streetview_1585_left.jpg,37.79597776,-122.4212016,239.4
streetview_1586_right.jpg,streetview_1586_left.jpg,37.7914187,-122.4309613,184.1
streetview_1587_right.jpg,streetview_1587_left.jpg,37.7147171,-122.4379498,252.8
streetview_1588_right.jpg,streetview_1588_left.jpg,37.70852686,-122.4631681,334.1
streetview_1589_right.jpg,streetview_1589_left.jpg,37.7772184,-122.5052969,140.5
streetview_1590_right.jpg,streetview_1590_left.jpg,37.72987639,-122.4560032,136.2
streetview_1591_right.jpg,streetview_1591_left.jpg,37.71109902,-122.4332277,92.1
streetview_1592_right.jpg,streetview_1592_left.jpg,37.71043092,-122.4107317,298.1
streetview_1593_right.jpg,streetview_1593_left.jpg,37.74367797,-122.4896951,77.7
streetview_1594_right.jpg,streetview_1594_left.jpg,37.7514748,-122.4444633,322.6
streetview_1595_right.jpg,streetview_1595_left.jpg,37.77878058,-122.4709125,199.2
streetview_1596_right.jpg,streetview_1596_left.jpg,37.74064392,-122.4876913,116.4
streetview_1597_right.jpg,streetview_1597_left.jpg,37.71724835,-122.4280929,298.1
streetview_1598_right.jpg,streetview_1598_left.jpg,37.73855574,-122.4785844,344.0
streetview_1599_right.jpg,streetview_1599_left.jpg,37.77533407,-122.4919022,119.2
streetview_1600_right.jpg,streetview_1600_left.jpg,37.74662671,-122.4269306,325.4
streetview_1601_right.jpg,streetview_1601_left.jpg,37.75808637,-122.4369251,160.4
streetview_1602_right.jpg,streetview_1602_left.jpg,37.72795338,-122.4233925,278.5
streetview_1603_right.jpg,streetview_1603_left.jpg,37.73652304,-122.4963571,31.5
streetview_1604_right.jpg,streetview_1604_left.jpg,37.80148342,-122.4459722,143.8
streetview_1605_right.jpg,streetview_1605_left.jpg,37.7522682,-122.4003555,211.7
streetview_1606_right.jpg,streetview_1606_left.jpg,37.74936758,-122.4026218,214.3
streetview_1607_right.jpg,streetview_1607_left.jpg,37.72505749,-122.4236043,350.3
streetview_1608_right.jpg,streetview_1608_left.jpg,37.76030881,-122.4312246,17.5
streetview_1609_right.jpg,streetview_1609_left.jpg,37.79273,-122.418292,204.7
streetview_1610_right.jpg,streetview_1610_left.jpg,37.72758282,-122.4561913,305.6
streetview_1611_right.jpg,streetview_1611_left.jpg,37.73925764,-122.4768367,3.4
streetview_1612_right.jpg,streetview_1612_left.jpg,37.77928989,-122.4738707,89.9
streetview_1613_right.jpg,streetview_1613_left.jpg,37.7793408,-122.4387169,162.2
streetview_1614_right.jpg,streetview_1614_left.jpg,37.71113466,-122.4111009,274.0
streetview_1615_right.jpg,streetview_1615_left.jpg,37.7130009,-122.445208,60.9
streetview_1616_right.jpg,streetview_1616_left.jpg,37.73601303,-122.392828,261.5
streetview_1617_right.jpg,streetview_1617_left.jpg,37.72961883,-122.4465553,291.6
streetview_1618_right.jpg,streetview_1618_left.jpg,37.74470161,-122.4946783,99.8
streetview_1619_right.jpg,streetview_1619_left.jpg,37.73590928,-122.4305974,314.1
streetview_1620_right.jpg,streetview_1620_left.jpg,37.78234394,-122.4913327,157.4
streetview_1621_right.jpg,streetview_1621_left.jpg,37.74935706,-122.473977,143.9
streetview_1622_right.jpg,streetview_1622_left.jpg,37.71273699,-122.4402416,322.3
streetview_1623_right.jpg,streetview_1623_left.jpg,37.75882837,-122.4853819,84.9
streetview_1624_right.jpg,streetview_1624_left.jpg,37.76181963,-122.4428769,90.0
streetview_1625_right.jpg,streetview_1625_left.jpg,37.76178119,-122.395467,226.9
streetview_1626_right.jpg,streetview_1626_left.jpg,37.71986431,-122.4520896,292.4
streetview_1627_right.jpg,streetview_1627_left.jpg,37.73435531,-122.4965625,51.4
streetview_1628_right.jpg,streetview_1628_left.jpg,37.7547592,-122.4642575,117.8
streetview_1629_right.jpg,streetview_1629_left.jpg,37.73150654,-122.4086321,283.2
streetview_1630_right.jpg,streetview_1630_left.jpg,37.73942069,-122.4512727,272.0
streetview_1631_right.jpg,streetview_1631_left.jpg,37.74076068,-122.4991632,128.0
streetview_1632_right.jpg,streetview_1632_left.jpg,37.71968383,-122.4650465,16.5
streetview_1633_right.jpg,streetview_1633_left.jpg,37.79601522,-122.4363882,198.9
streetview_1634_right.jpg,streetview_1634_left.jpg,37.73004981,-122.4648766,28.7
streetview_1635_right.jpg,streetview_1635_left.jpg,37.79739927,-122.4181122,92.6
streetview_1636_right.jpg,streetview_1636_left.jpg,37.79664205,-122.3970053,203.5
streetview_1637_right.jpg,streetview_1637_left.jpg,37.73081096,-122.4331366,31.5
streetview_1638_right.jpg,streetview_1638_left.jpg,37.78821772,-122.3886453,257.1
streetview_1639_right.jpg,streetview_1639_left.jpg,37.77397109,-122.4669845,134.7
streetview_1640_right.jpg,streetview_1640_left.jpg,37.74210823,-122.4262714,289.9
streetview_1641_right.jpg,streetview_1641_left.jpg,37.75489375,-122.4710551,138.5
streetview_1642_right.jpg,streetview_1642_left.jpg,37.73233617,-122.44582,288.9
streetview_1643_right.jpg,streetview_1643_left.jpg,37.73554195,-122.457655,286.3
streetview_1644_right.jpg,streetview_1644_left.jpg,37.74041902,-122.4787192,359.2
streetview_1645_right.jpg,streetview_1645_left.jpg,37.77466092,-122.4793158,223.4
streetview_1646_right.jpg,streetview_1646_left.jpg,37.75098751,-122.5076612,59.4
streetview_1647_right.jpg,streetview_1647_left.jpg,37.79647234,-122.4102086,244.1
streetview_1648_right.jpg,streetview_1648_left.jpg,37.79512417,-122.4137215,223.7
streetview_1649_right.jpg,streetview_1649_left.jpg,37.73359664,-122.488123,72.9
streetview_1650_right.jpg,streetview_1650_left.jpg,37.74923818,-122.4237161,333.8
streetview_1651_right.jpg,streetview_1651_left.jpg,37.78362353,-122.4450943,181.5
streetview_1652_right.jpg,streetview_1652_left.jpg,37.71866078,-122.4472701,335.0
streetview_1653_right.jpg,streetview_1653_left.jpg,37.73081746,-122.4544488,3.5
streetview_1654_right.jpg,streetview_1654_left.jpg,37.78554799,-122.4502674,176.5
streetview_1655_right.jpg,streetview_1655_left.jpg,37.73546883,-122.4463741,226.3
streetview_1656_right.jpg,streetview_1656_left.jpg,37.72983089,-122.4538342,25.8
streetview_1657_right.jpg,streetview_1657_left.jpg,37.79718351,-122.4125915,164.1
streetview_1658_right.jpg,streetview_1658_left.jpg,37.7273092,-122.3874752,260.3
streetview_1659_right.jpg,streetview_1659_left.jpg,37.71890936,-122.4497065,47.8
streetview_1660_right.jpg,streetview_1660_left.jpg,37.7602629,-122.392055,263.8
streetview_1661_right.jpg,streetview_1661_left.jpg,37.75583983,-122.4431109,26.5
streetview_1662_right.jpg,streetview_1662_left.jpg,37.80171897,-122.4142063,238.5
streetview_1663_right.jpg,streetview_1663_left.jpg,37.75936542,-122.5015383,143.3
streetview_1664_right.jpg,streetview_1664_left.jpg,37.7098723,-122.454955,10.9
streetview_1665_right.jpg,streetview_1665_left.jpg,37.78666706,-122.4361875,231.3
streetview_1666_right.jpg,streetview_1666_left.jpg,37.74367043,-122.5040261,68.5
streetview_1667_right.jpg,streetview_1667_left.jpg,37.75528594,-122.4667621,345.0
streetview_1668_right.jpg,streetview_1668_left.jpg,37.78241917,-122.4759375,136.6
streetview_1669_right.jpg,streetview_1669_left.jpg,37.74129188,-122.4267587,1.6
streetview_1670_right.jpg,streetview_1670_left.jpg,37.79001763,-122.4250568,260.9
streetview_1671_right.jpg,streetview_1671_left.jpg,37.78572537,-122.4587944,157.6
streetview_1672_right.jpg,streetview_1672_left.jpg,37.72539312,-122.4274149,121.6
streetview_1673_right.jpg,streetview_1673_left.jpg,37.71407321,-122.4041932,297.5
streetview_1674_right.jpg,streetview_1674_left.jpg,37.75209424,-122.4967346,98.2
streetview_1675_right.jpg,streetview_1675_left.jpg,37.7467296,-122.4495538,4.4
streetview_1676_right.jpg,streetview_1676_left.jpg,37.79378664,-122.4449882,233.8
streetview_1677_right.jpg,streetview_1677_left.jpg,37.7605783,-122.5023433,149.5
streetview_1678_right.jpg,streetview_1678_left.jpg,37.71193365,-122.466154,57.0
streetview_1679_right.jpg,streetview_1679_left.jpg,37.73738424,-122.416588,211.9
streetview_1680_right.jpg,streetview_1680_left.jpg,37.71722838,-122.4324749,236.6
streetview_1681_right.jpg,streetview_1681_left.jpg,37.71132816,-122.4437829,339.5
streetview_1682_right.jpg,streetview_1682_left.jpg,37.78601118,-122.4790589,142.4
streetview_1683_right.jpg,streetview_1683_left.jpg,37.73217093,-122.4266917,287.4
streetview_1684_right.jpg,streetview_1684_left.jpg,37.74376224,-122.4735852,45.7
streetview_1685_right.jpg,streetview_1685_left.jpg,37.77227124,-122.4366656,41.9
streetview_1686_right.jpg,streetview_1686_left.jpg,37.79998349,-122.4051453,232.4
streetview_1687_right.jpg,streetview_1687_left.jpg,37.75271029,-122.482801,50.9
streetview_1688_right.jpg,streetview_1688_left.jpg,37.79426907,-122.4180412,164.9
streetview_1689_right.jpg,streetview_1689_left.jpg,37.7183724,-122.3922257,316.0
streetview_1690_right.jpg,streetview_1690_left.jpg,37.75938534,-122.442251,228.9
streetview_1691_right.jpg,streetview_1691_left.jpg,37.73245428,-122.4812757,88.4
streetview_1692_right.jpg,streetview_1692_left.jpg,37.73412505,-122.4065697,11.8
streetview_1693_right.jpg,streetview_1693_left.jpg,37.79174865,-122.391325,277.3
streetview_1694_right.jpg,streetview_1694_left.jpg,37.79464464,-122.4198015,101.7
streetview_1695_right.jpg,streetview_1695_left.jpg,37.79345934,-122.4125769,228.3
streetview_1696_right.jpg,streetview_1696_left.jpg,37.7540016,-122.4685548,24.3
streetview_1697_right.jpg,streetview_1697_left.jpg,37.77897283,-122.4542646,142.2
streetview_1698_right.jpg,streetview_1698_left.jpg,37.73579373,-122.4119186,276.2
streetview_1699_right.jpg,streetview_1699_left.jpg,37.74283528,-122.4945478,104.4
streetview_1700_right.jpg,streetview_1700_left.jpg,37.73873571,-122.4743088,141.8
streetview_1701_right.jpg,streetview_1701_left.jpg,37.70962513,-122.4453919,14.2
streetview_1702_right.jpg,streetview_1702_left.jpg,37.7926595,-122.418842,223.7
streetview_1703_right.jpg,streetview_1703_left.jpg,37.7468543,-122.4741613,114.0
streetview_1704_right.jpg,streetview_1704_left.jpg,37.72188502,-122.403382,20.8
streetview_1705_right.jpg,streetview_1705_left.jpg,37.73819329,-122.3955575,263.7
streetview_1706_right.jpg,streetview_1706_left.jpg,37.73473321,-122.43526,296.7
streetview_1707_right.jpg,streetview_1707_left.jpg,37.74425272,-122.4592243,33.0
streetview_1708_right.jpg,streetview_1708_left.jpg,37.79050494,-122.4212224,214.6
streetview_1709_right.jpg,streetview_1709_left.jpg,37.74146495,-122.4639298,334.3
streetview_1710_right.jpg,streetview_1710_left.jpg,37.78366849,-122.489636,120.8
streetview_1711_right.jpg,streetview_1711_left.jpg,37.72829656,-122.3725258,301.8
streetview_1712_right.jpg,streetview_1712_left.jpg,37.77858217,-122.4753005,273.5
streetview_1713_right.jpg,streetview_1713_left.jpg,37.77924706,-122.4889555,124.6
streetview_1714_right.jpg,streetview_1714_left.jpg,37.73741067,-122.4121893,71.9
streetview_1715_right.jpg,streetview_1715_left.jpg,37.74189083,-122.3948896,259.9
streetview_1716_right.jpg,streetview_1716_left.jpg,37.73475411,-122.4456623,12.2
streetview_1717_right.jpg,streetview_1717_left.jpg,37.76725424,-122.4367399,223.9
streetview_1718_right.jpg,streetview_1718_left.jpg,37.7382169,-122.472121,156.4
streetview_1719_right.jpg,streetview_1719_left.jpg,37.72112552,-122.4626642,98.4
streetview_1720_right.jpg,streetview_1720_left.jpg,37.71426548,-122.4039884,335.9
streetview_1721_right.jpg,streetview_1721_left.jpg,37.75959827,-122.429669,267.5
streetview_1722_right.jpg,streetview_1722_left.jpg,37.7578999,-122.478151,151.8
streetview_1723_right.jpg,streetview_1723_left.jpg,37.70903086,-122.445071,302.0
streetview_1724_right.jpg,streetview_1724_left.jpg,37.7177142,-122.4626251,77.7
streetview_1725_right.jpg,streetview_1725_left.jpg,37.72938469,-122.3950578,277.8
streetview_1726_right.jpg,streetview_1726_left.jpg,37.73440739,-122.4414562,306.0
streetview_1727_right.jpg,streetview_1727_left.jpg,37.75194129,-122.4719521,46.9
streetview_1728_right.jpg,streetview_1728_left.jpg,37.7962541,-122.4119683,223.0
streetview_1729_right.jpg,streetview_1729_left.jpg,37.74839696,-122.4684313,114.9
streetview_1730_right.jpg,streetview_1730_left.jpg,37.72688018,-122.4098452,318.9
streetview_1731_right.jpg,streetview_1731_left.jpg,37.77716512,-122.4654181,157.0
streetview_1732_right.jpg,streetview_1732_left.jpg,37.75634527,-122.4542374,175.1
streetview_1733_right.jpg,streetview_1733_left.jpg,37.7181869,-122.4500626,77.6
streetview_1734_right.jpg,streetview_1734_left.jpg,37.72528026,-122.4091819,30.7
streetview_1735_right.jpg,streetview_1735_left.jpg,37.75251342,-122.3887181,230.4
streetview_1736_right.jpg,streetview_1736_left.jpg,37.73123009,-122.4212023,272.7
streetview_1737_right.jpg,streetview_1737_left.jpg,37.73330261,-122.4769798,66.7
streetview_1738_right.jpg,streetview_1738_left.jpg,37.7603885,-122.3972778,293.6
streetview_1739_right.jpg,streetview_1739_left.jpg,37.77412946,-122.4370418,148.5
streetview_1740_right.jpg,streetview_1740_left.jpg,37.73889483,-122.4097659,284.6
streetview_1741_right.jpg,streetview_1741_left.jpg,37.75908316,-122.5079682,123.0
streetview_1742_right.jpg,streetview_1742_left.jpg,37.73377924,-122.4588027,30.9
streetview_1743_right.jpg,streetview_1743_left.jpg,37.80267087,-122.4065889,224.0
streetview_1744_right.jpg,streetview_1744_left.jpg,37.75342068,-122.4666317,121.1
streetview_1745_right.jpg,streetview_1745_left.jpg,37.7188405,-122.3941617,347.8
streetview_1746_right.jpg,streetview_1746_left.jpg,37.75783134,-122.4048042,226.8
streetview_1747_right.jpg,streetview_1747_left.jpg,37.71573927,-122.4614515,105.3
streetview_1748_right.jpg,streetview_1748_left.jpg,37.71011495,-122.4355276,318.8
streetview_1749_right.jpg,streetview_1749_left.jpg,37.76421787,-122.4954342,99.6
streetview_1750_right.jpg,streetview_1750_left.jpg,37.75109178,-122.3976895,86.7
streetview_1751_right.jpg,streetview_1751_left.jpg,37.75151745,-122.3882853,231.8
streetview_1752_right.jpg,streetview_1752_left.jpg,37.72615091,-122.4290023,19.0
streetview_1753_right.jpg,streetview_1753_left.jpg,37.76908479,-122.4102836,151.8
streetview_1754_right.jpg,streetview_1754_left.jpg,37.7278388,-122.3823007,230.3
streetview_1755_right.jpg,streetview_1755_left.jpg,37.71872087,-122.3961696,333.7
streetview_1756_right.jpg,streetview_1756_left.jpg,37.79799806,-122.4458361,194.1
streetview_1757_right.jpg,streetview_1757_left.jpg,37.74208697,-122.4635594,112.1
streetview_1758_right.jpg,streetview_1758_left.jpg,37.71931863,-122.3927817,288.0
streetview_1759_right.jpg,streetview_1759_left.jpg,37.74003606,-122.473324,101.5
streetview_1760_right.jpg,streetview_1760_left.jpg,37.73020817,-122.4124241,0.1
streetview_1761_right.jpg,streetview_1761_left.jpg,37.79723208,-122.4122021,246.1
streetview_1762_right.jpg,streetview_1762_left.jpg,37.79421015,-122.4208416,290.2
streetview_1763_right.jpg,streetview_1763_left.jpg,37.80083362,-122.443579,170.9
streetview_1764_right.jpg,streetview_1764_left.jpg,37.78237623,-122.4398407,166.0
streetview_1765_right.jpg,streetview_1765_left.jpg,37.74600236,-122.4283626,88.0
streetview_1766_right.jpg,streetview_1766_left.jpg,37.74689202,-122.3953433,257.3
streetview_1767_right.jpg,streetview_1767_left.jpg,37.73535392,-122.4599049,35.6
streetview_1768_right.jpg,streetview_1768_left.jpg,37.79211674,-122.4085183,180.4
streetview_1769_right.jpg,streetview_1769_left.jpg,37.76796246,-122.4087069,285.0
streetview_1770_right.jpg,streetview_1770_left.jpg,37.78391076,-122.4842824,79.4
streetview_1771_right.jpg,streetview_1771_left.jpg,37.79360773,-122.4184713,160.7
streetview_1772_right.jpg,streetview_1772_left.jpg,37.75295505,-122.4004581,300.1
streetview_1773_right.jpg,streetview_1773_left.jpg,37.78458495,-122.4695397,170.4
streetview_1774_right.jpg,streetview_1774_left.jpg,37.77953502,-122.4684601,259.3
streetview_1775_right.jpg,streetview_1775_left.jpg,37.7759231,-122.4926706,193.8
streetview_1776_right.jpg,streetview_1776_left.jpg,37.74118942,-122.5034937,57.7
streetview_1777_right.jpg,streetview_1777_left.jpg,37.75719824,-122.4714627,109.2
streetview_1778_right.jpg,streetview_1778_left.jpg,37.7415671,-122.4148528,249.9
streetview_1779_right.jpg,streetview_1779_left.jpg,37.73565203,-122.4352569,16.5
streetview_1780_right.jpg,streetview_1780_left.jpg,37.79781714,-122.4120144,255.6
streetview_1781_right.jpg,streetview_1781_left.jpg,37.78254029,-122.4870514,82.3
streetview_1782_right.jpg,streetview_1782_left.jpg,37.79048623,-122.4122167,233.3
streetview_1783_right.jpg,streetview_1783_left.jpg,37.7789389,-122.431814,232.4
streetview_1784_right.jpg,streetview_1784_left.jpg,37.74031285,-122.4951943,124.8
streetview_1785_right.jpg,streetview_1785_left.jpg,37.72182626,-122.4615714,328.4
streetview_1786_right.jpg,streetview_1786_left.jpg,37.77543388,-122.5033748,156.7
streetview_1787_right.jpg,streetview_1787_left.jpg,37.74078557,-122.4844779,83.3
streetview_1788_right.jpg,streetview_1788_left.jpg,37.7460486,-122.4276209,26.1
streetview_1789_right.jpg,streetview_1789_left.jpg,37.78345789,-122.4044394,198.5
streetview_1790_right.jpg,streetview_1790_left.jpg,37.72072584,-122.4309286,307.2
streetview_1791_right.jpg,streetview_1791_left.jpg,37.7619451,-122.4995719,106.8
streetview_1792_right.jpg,streetview_1792_left.jpg,37.74386898,-122.4238011,267.9
streetview_1793_right.jpg,streetview_1793_left.jpg,37.74275371,-122.4621012,173.5
streetview_1794_right.jpg,streetview_1794_left.jpg,37.72557549,-122.4596443,303.4
streetview_1795_right.jpg,streetview_1795_left.jpg,37.74291403,-122.4928687,86.6
streetview_1796_right.jpg,streetview_1796_left.jpg,37.74558711,-122.4350589,190.1
streetview_1797_right.jpg,streetview_1797_left.jpg,37.72010493,-122.4407722,17.7
streetview_1798_right.jpg,streetview_1798_left.jpg,37.74396975,-122.4311413,71.0
streetview_1799_right.jpg,streetview_1799_left.jpg,37.75199494,-122.4016691,278.7
streetview_1800_right.jpg,streetview_1800_left.jpg,37.76291238,-122.4917575,128.3
streetview_1801_right.jpg,streetview_1801_left.jpg,37.72723548,-122.4347078,5.3
streetview_1802_right.jpg,streetview_1802_left.jpg,37.76203482,-122.4306462,194.9
streetview_1803_right.jpg,streetview_1803_left.jpg,37.73782093,-122.4387661,354.0
streetview_1804_right.jpg,streetview_1804_left.jpg,37.78711525,-122.4453255,144.3
streetview_1805_right.jpg,streetview_1805_left.jpg,37.74328165,-122.4055707,298.4
streetview_1806_right.jpg,streetview_1806_left.jpg,37.7575582,-122.4390349,177.0
streetview_1807_right.jpg,streetview_1807_left.jpg,37.72333065,-122.436776,343.0
streetview_1808_right.jpg,streetview_1808_left.jpg,37.75951458,-122.4507617,244.6
streetview_1809_right.jpg,streetview_1809_left.jpg,37.74916845,-122.4782555,127.3
streetview_1810_right.jpg,streetview_1810_left.jpg,37.72685245,-122.441269,334.3
streetview_1811_right.jpg,streetview_1811_left.jpg,37.76443888,-122.4641818,102.4
streetview_1812_right.jpg,streetview_1812_left.jpg,37.75296019,-122.398513,218.7
streetview_1813_right.jpg,streetview_1813_left.jpg,37.71312805,-122.4388889,352.1
streetview_1814_right.jpg,streetview_1814_left.jpg,37.72083983,-122.4402352,10.9
streetview_1815_right.jpg,streetview_1815_left.jpg,37.79889748,-122.4212259,183.7
streetview_1816_right.jpg,streetview_1816_left.jpg,37.71919389,-122.4277146,286.2
streetview_1817_right.jpg,streetview_1817_left.jpg,37.73114123,-122.4797092,32.4
streetview_1818_right.jpg,streetview_1818_left.jpg,37.80508422,-122.420227,202.2
streetview_1819_right.jpg,streetview_1819_left.jpg,37.73503155,-122.4562986,342.3
streetview_1820_right.jpg,streetview_1820_left.jpg,37.78181047,-122.4751729,60.7
streetview_1821_right.jpg,streetview_1821_left.jpg,37.80602902,-122.4204204,181.3
streetview_1822_right.jpg,streetview_1822_left.jpg,37.73516808,-122.4224915,173.2
streetview_1823_right.jpg,streetview_1823_left.jpg,37.70945807,-122.4186004,300.1
streetview_1824_right.jpg,streetview_1824_left.jpg,37.73016099,-122.4638551,10.5
streetview_1825_right.jpg,streetview_1825_left.jpg,37.75447113,-122.4581652,246.8
streetview_1826_right.jpg,streetview_1826_left.jpg,37.7465235,-122.4816565,40.0
streetview_1827_right.jpg,streetview_1827_left.jpg,37.7844125,-122.4413993,182.7
streetview_1828_right.jpg,streetview_1828_left.jpg,37.70967258,-122.445892,43.7
streetview_1829_right.jpg,streetview_1829_left.jpg,37.72657602,-122.4254517,304.5
streetview_1830_right.jpg,streetview_1830_left.jpg,37.75769554,-122.4827926,121.1
streetview_1831_right.jpg,streetview_1831_left.jpg,37.7351275,-122.4354335,101.7
streetview_1832_right.jpg,streetview_1832_left.jpg,37.72941652,-122.4006352,292.1
streetview_1833_right.jpg,streetview_1833_left.jpg,37.75745946,-122.4881493,119.6
streetview_1834_right.jpg,streetview_1834_left.jpg,37.73539618,-122.4391505,274.9
streetview_1835_right.jpg,streetview_1835_left.jpg,37.73625523,-122.451734,353.8
streetview_1836_right.jpg,streetview_1836_left.jpg,37.77633883,-122.457265,201.2
streetview_1837_right.jpg,streetview_1837_left.jpg,37.75133136,-122.4695218,47.0
streetview_1838_right.jpg,streetview_1838_left.jpg,37.79459261,-122.410801,221.2
streetview_1839_right.jpg,streetview_1839_left.jpg,37.73205224,-122.4800675,0.6
streetview_1840_right.jpg,streetview_1840_left.jpg,37.77652617,-122.4794507,101.9
streetview_1841_right.jpg,streetview_1841_left.jpg,37.76386722,-122.4034386,137.8
streetview_1842_right.jpg,streetview_1842_left.jpg,37.75986614,-122.3988475,255.3
streetview_1843_right.jpg,streetview_1843_left.jpg,37.73806251,-122.5039904,97.9
streetview_1844_right.jpg,streetview_1844_left.jpg,37.72762404,-122.4086967,281.5
streetview_1845_right.jpg,streetview_1845_left.jpg,37.73911613,-122.4800626,98.4
streetview_1846_right.jpg,streetview_1846_left.jpg,37.73135646,-122.4134944,242.7
streetview_1847_right.jpg,streetview_1847_left.jpg,37.71317544,-122.4580221,235.9
streetview_1848_right.jpg,streetview_1848_left.jpg,37.70979058,-122.4643404,56.4
streetview_1849_right.jpg,streetview_1849_left.jpg,37.73700741,-122.4124334,266.2
streetview_1850_right.jpg,streetview_1850_left.jpg,37.73456933,-122.458213,27.2
streetview_1851_right.jpg,streetview_1851_left.jpg,37.75916042,-122.4422072,3.5
streetview_1852_right.jpg,streetview_1852_left.jpg,37.78230581,-122.4403958,171.2
streetview_1853_right.jpg,streetview_1853_left.jpg,37.72989409,-122.4301826,324.0
streetview_1854_right.jpg,streetview_1854_left.jpg,37.76453319,-122.4620403,210.6
streetview_1855_right.jpg,streetview_1855_left.jpg,37.7349847,-122.4840981,74.8
streetview_1856_right.jpg,streetview_1856_left.jpg,37.74787752,-122.423994,330.2
streetview_1857_right.jpg,streetview_1857_left.jpg,37.758663,-122.4318102,159.2
streetview_1858_right.jpg,streetview_1858_left.jpg,37.71116136,-122.4090553,307.0
streetview_1859_right.jpg,streetview_1859_left.jpg,37.76100401,-122.4926993,123.1
streetview_1860_right.jpg,streetview_1860_left.jpg,37.73676547,-122.4457334,177.7
streetview_1861_right.jpg,streetview_1861_left.jpg,37.71692108,-122.4447263,35.8
streetview_1862_right.jpg,streetview_1862_left.jpg,37.7458453,-122.4183091,31.5
streetview_1863_right.jpg,streetview_1863_left.jpg,37.76157804,-122.4061296,213.6
streetview_1864_right.jpg,streetview_1864_left.jpg,37.73662888,-122.4270886,288.9
streetview_1865_right.jpg,streetview_1865_left.jpg,37.74777208,-122.4683879,301.4
streetview_1866_right.jpg,streetview_1866_left.jpg,37.76087787,-122.4955588,98.8
streetview_1867_right.jpg,streetview_1867_left.jpg,37.75430273,-122.4419193,138.3
streetview_1868_right.jpg,streetview_1868_left.jpg,37.73836038,-122.4239673,40.6
streetview_1869_right.jpg,streetview_1869_left.jpg,37.74788998,-122.4136243,166.4
streetview_1870_right.jpg,streetview_1870_left.jpg,37.74035042,-122.4113103,20.0
streetview_1871_right.jpg,streetview_1871_left.jpg,37.76725898,-122.3989,246.4
streetview_1872_right.jpg,streetview_1872_left.jpg,37.74266383,-122.4701797,145.2
streetview_1873_right.jpg,streetview_1873_left.jpg,37.71939641,-122.4497455,335.3
streetview_1874_right.jpg,streetview_1874_left.jpg,37.75899024,-122.4727705,253.4
streetview_1875_right.jpg,streetview_1875_left.jpg,37.75180911,-122.5031644,138.2
streetview_1876_right.jpg,streetview_1876_left.jpg,37.71908595,-122.4662361,116.2
streetview_1877_right.jpg,streetview_1877_left.jpg,37.71792798,-122.4632668,343.8
streetview_1878_right.jpg,streetview_1878_left.jpg,37.78376544,-122.4874942,137.7
streetview_1879_right.jpg,streetview_1879_left.jpg,37.72807813,-122.4234446,308.6
streetview_1880_right.jpg,streetview_1880_left.jpg,37.76167015,-122.4766343,99.1
streetview_1881_right.jpg,streetview_1881_left.jpg,37.75769466,-122.4453682,141.5
streetview_1882_right.jpg,streetview_1882_left.jpg,37.71535641,-122.4027633,8.2
streetview_1883_right.jpg,streetview_1883_left.jpg,37.76098799,-122.3944212,285.1
streetview_1884_right.jpg,streetview_1884_left.jpg,37.77851752,-122.4767296,166.3
streetview_1885_right.jpg,streetview_1885_left.jpg,37.76008757,-122.4710386,144.4
streetview_1886_right.jpg,streetview_1886_left.jpg,37.72652384,-122.4406554,41.2
streetview_1887_right.jpg,streetview_1887_left.jpg,37.73673759,-122.4293301,293.6
streetview_1888_right.jpg,streetview_1888_left.jpg,37.76073612,-122.49877,130.2
streetview_1889_right.jpg,streetview_1889_left.jpg,37.73251519,-122.4566012,357.6
streetview_1890_right.jpg,streetview_1890_left.jpg,37.77931244,-122.4590958,167.1
streetview_1891_right.jpg,streetview_1891_left.jpg,37.74679639,-122.4496775,269.6
streetview_1892_right.jpg,streetview_1892_left.jpg,37.74664967,-122.478797,84.7
streetview_1893_right.jpg,streetview_1893_left.jpg,37.74741953,-122.4683634,90.7
streetview_1894_right.jpg,streetview_1894_left.jpg,37.74702617,-122.4292068,286.5
streetview_1895_right.jpg,streetview_1895_left.jpg,37.75728178,-122.4730588,132.2
streetview_1896_right.jpg,streetview_1896_left.jpg,37.71397479,-122.4126349,295.4
streetview_1897_right.jpg,streetview_1897_left.jpg,37.74693138,-122.5006715,82.2
streetview_1898_right.jpg,streetview_1898_left.jpg,37.75498061,-122.4262297,261.6
streetview_1899_right.jpg,streetview_1899_left.jpg,37.7519829,-122.4519608,51.7
streetview_1900_right.jpg,streetview_1900_left.jpg,37.78757405,-122.3948201,227.9
streetview_1901_right.jpg,streetview_1901_left.jpg,37.75497055,-122.440501,147.7
streetview_1902_right.jpg,streetview_1902_left.jpg,37.73390687,-122.42368,96.4
streetview_1903_right.jpg,streetview_1903_left.jpg,37.73233555,-122.405918,233.9
streetview_1904_right.jpg,streetview_1904_left.jpg,37.71030373,-122.4440461,13.9
streetview_1905_right.jpg,streetview_1905_left.jpg,37.72432937,-122.4396527,58.9
streetview_1906_right.jpg,streetview_1906_left.jpg,37.74641729,-122.3933681,273.2
streetview_1907_right.jpg,streetview_1907_left.jpg,37.75028552,-122.4812008,208.0
streetview_1908_right.jpg,streetview_1908_left.jpg,37.73014491,-122.4947407,62.1
streetview_1909_right.jpg,streetview_1909_left.jpg,37.73944596,-122.4725661,36.5
streetview_1910_right.jpg,streetview_1910_left.jpg,37.79697729,-122.4185881,169.6
streetview_1911_right.jpg,streetview_1911_left.jpg,37.74745689,-122.4071264,218.8
streetview_1912_right.jpg,streetview_1912_left.jpg,37.72822676,-122.426704,293.1
streetview_1913_right.jpg,streetview_1913_left.jpg,37.7323673,-122.4389739,242.3
streetview_1914_right.jpg,streetview_1914_left.jpg,37.71965058,-122.46954,63.5
streetview_1915_right.jpg,streetview_1915_left.jpg,37.74370715,-122.4086121,111.4
streetview_1916_right.jpg,streetview_1916_left.jpg,37.74219386,-122.4037243,349.8
streetview_1917_right.jpg,streetview_1917_left.jpg,37.80226742,-122.4174067,180.5
streetview_1918_right.jpg,streetview_1918_left.jpg,37.72865087,-122.4182107,4.7
streetview_1919_right.jpg,streetview_1919_left.jpg,37.79829981,-122.4109905,205.3
streetview_1920_right.jpg,streetview_1920_left.jpg,37.71942481,-122.4581607,345.0
streetview_1921_right.jpg,streetview_1921_left.jpg,37.75543747,-122.4703521,289.2
streetview_1922_right.jpg,streetview_1922_left.jpg,37.76269157,-122.4967591,110.6
streetview_1923_right.jpg,streetview_1923_left.jpg,37.75997845,-122.4876105,52.1
streetview_1924_right.jpg,streetview_1924_left.jpg,37.7806899,-122.4539563,208.2
streetview_1925_right.jpg,streetview_1925_left.jpg,37.73484354,-122.4849891,115.3
streetview_1926_right.jpg,streetview_1926_left.jpg,37.71922766,-122.4432771,336.0
streetview_1927_right.jpg,streetview_1927_left.jpg,37.76029191,-122.4663955,125.1
streetview_1928_right.jpg,streetview_1928_left.jpg,37.73643221,-122.4234655,308.4
streetview_1929_right.jpg,streetview_1929_left.jpg,37.75620459,-122.4550106,225.4
streetview_1930_right.jpg,streetview_1930_left.jpg,37.73226,-122.4856763,75.0
streetview_1931_right.jpg,streetview_1931_left.jpg,37.74326593,-122.4337416,302.9
streetview_1932_right.jpg,streetview_1932_left.jpg,37.77456503,-122.4950723,151.1
streetview_1933_right.jpg,streetview_1933_left.jpg,37.72364691,-122.4595383,135.4
streetview_1934_right.jpg,streetview_1934_left.jpg,37.70954354,-122.4419629,11.6
streetview_1935_right.jpg,streetview_1935_left.jpg,37.74929145,-122.4316534,157.1
streetview_1936_right.jpg,streetview_1936_left.jpg,37.71308258,-122.4123311,308.0
streetview_1937_right.jpg,streetview_1937_left.jpg,37.75122274,-122.4741067,114.4
streetview_1938_right.jpg,streetview_1938_left.jpg,37.73537826,-122.4300514,357.2
streetview_1939_right.jpg,streetview_1939_left.jpg,37.74906748,-122.4308887,119.0
streetview_1940_right.jpg,streetview_1940_left.jpg,37.72869067,-122.3843567,319.6
streetview_1941_right.jpg,streetview_1941_left.jpg,37.77903565,-122.4385505,12.6
streetview_1942_right.jpg,streetview_1942_left.jpg,37.79056779,-122.4352882,193.8
streetview_1943_right.jpg,streetview_1943_left.jpg,37.73004451,-122.4541313,74.6
streetview_1944_right.jpg,streetview_1944_left.jpg,37.73972626,-122.4096885,302.3
streetview_1945_right.jpg,streetview_1945_left.jpg,37.76080564,-122.4518109,196.2
streetview_1946_right.jpg,streetview_1946_left.jpg,37.71218093,-122.4696699,58.6
streetview_1947_right.jpg,streetview_1947_left.jpg,37.74129949,-122.4092379,225.2
streetview_1948_right.jpg,streetview_1948_left.jpg,37.71391831,-122.4441066,8.4
streetview_1949_right.jpg,streetview_1949_left.jpg,37.80120839,-122.4278785,213.7
streetview_1950_right.jpg,streetview_1950_left.jpg,37.73224702,-122.4859693,84.3
streetview_1951_right.jpg,streetview_1951_left.jpg,37.73756996,-122.4180138,7.7
streetview_1952_right.jpg,streetview_1952_left.jpg,37.80455441,-122.4064939,227.3
streetview_1953_right.jpg,streetview_1953_left.jpg,37.7747314,-122.4473344,134.0
streetview_1954_right.jpg,streetview_1954_left.jpg,37.73333196,-122.3930977,340.7
streetview_1955_right.jpg,streetview_1955_left.jpg,37.76035822,-122.4050433,306.4
streetview_1956_right.jpg,streetview_1956_left.jpg,37.77945024,-122.43782,174.9
streetview_1957_right.jpg,streetview_1957_left.jpg,37.73103634,-122.4323221,204.0
streetview_1958_right.jpg,streetview_1958_left.jpg,37.71872806,-122.439248,290.6
streetview_1959_right.jpg,streetview_1959_left.jpg,37.73192585,-122.4835931,16.2
streetview_1960_right.jpg,streetview_1960_left.jpg,37.75803889,-122.4739766,62.1
streetview_1961_right.jpg,streetview_1961_left.jpg,37.77396249,-122.4358653,179.8
streetview_1962_right.jpg,streetview_1962_left.jpg,37.74528294,-122.435726,257.7
streetview_1963_right.jpg,streetview_1963_left.jpg,37.74082984,-122.4616169,49.3
streetview_1964_right.jpg,streetview_1964_left.jpg,37.76048556,-122.4327296,186.9
streetview_1965_right.jpg,streetview_1965_left.jpg,37.71734151,-122.4393387,295.0
streetview_1966_right.jpg,streetview_1966_left.jpg,37.73730625,-122.493571,58.7
streetview_1967_right.jpg,streetview_1967_left.jpg,37.762749,-122.4406861,126.2
streetview_1968_right.jpg,streetview_1968_left.jpg,37.73648919,-122.3953324,269.7
streetview_1969_right.jpg,streetview_1969_left.jpg,37.73636217,-122.430357,352.8
streetview_1970_right.jpg,streetview_1970_left.jpg,37.78607707,-122.4383192,255.0
streetview_1971_right.jpg,streetview_1971_left.jpg,37.77312508,-122.4992616,87.7
streetview_1972_right.jpg,streetview_1972_left.jpg,37.77571678,-122.4164584,239.9
streetview_1973_right.jpg,streetview_1973_left.jpg,37.76020755,-122.4502952,191.7
streetview_1974_right.jpg,streetview_1974_left.jpg,37.72987749,-122.4582623,280.8
streetview_1975_right.jpg,streetview_1975_left.jpg,37.73584463,-122.4977432,49.6
streetview_1976_right.jpg,streetview_1976_left.jpg,37.74851535,-122.4789268,111.7
streetview_1977_right.jpg,streetview_1977_left.jpg,37.73124135,-122.423949,21.8
streetview_1978_right.jpg,streetview_1978_left.jpg,37.78796357,-122.395309,238.6
streetview_1979_right.jpg,streetview_1979_left.jpg,37.76193458,-122.4491668,212.1
streetview_1980_right.jpg,streetview_1980_left.jpg,37.7404872,-122.4661861,345.5
streetview_1981_right.jpg,streetview_1981_left.jpg,37.74663805,-122.4681979,356.7
streetview_1982_right.jpg,streetview_1982_left.jpg,37.77382794,-122.4701957,193.0
streetview_1983_right.jpg,streetview_1983_left.jpg,37.75867907,-122.4746253,203.8
streetview_1984_right.jpg,streetview_1984_left.jpg,37.73113179,-122.4899593,98.7
streetview_1985_right.jpg,streetview_1985_left.jpg,37.7233407,-122.4260673,29.0
streetview_1986_right.jpg,streetview_1986_left.jpg,37.74071464,-122.4138776,274.8
streetview_1987_right.jpg,streetview_1987_left.jpg,37.74635682,-122.4995565,37.0
streetview_1988_right.jpg,streetview_1988_left.jpg,37.78422975,-122.4634269,211.1
streetview_1989_right.jpg,streetview_1989_left.jpg,37.74152607,-122.495994,7.3
streetview_1990_right.jpg,streetview_1990_left.jpg,37.78306351,-122.4892335,152.8
streetview_1991_right.jpg,streetview_1991_left.jpg,37.72892041,-122.4539861,87.1
streetview_1992_right.jpg,streetview_1992_left.jpg,37.72988374,-122.4300707,333.1
streetview_1993_right.jpg,streetview_1993_left.jpg,37.75279039,-122.4447711,89.9
streetview_1994_right.jpg,streetview_1994_left.jpg,37.75281529,-122.4003832,284.6
streetview_1995_right.jpg,streetview_1995_left.jpg,37.76573861,-122.4631992,156.7
streetview_1996_right.jpg,streetview_1996_left.jpg,37.74156454,-122.4500585,295.2
streetview_1997_right.jpg,streetview_1997_left.jpg,37.7606257,-122.5012703,63.5
streetview_1998_right.jpg,streetview_1998_left.jpg,37.78403299,-122.4418833,215.9
streetview_1999_right.jpg,streetview_1999_left.jpg,37.74027659,-122.481934,74.4
streetview_2000_right.jpg,streetview_2000_left.jpg,37.74261702,-122.4713013,113.7
streetview_2001_right.jpg,streetview_2001_left.jpg,37.7346367,-122.4483206,88.7
streetview_2002_right.jpg,streetview_2002_left.jpg,37.73547051,-122.4005437,268.3
streetview_2003_right.jpg,streetview_2003_left.jpg,37.73491162,-122.4239842,284.3
streetview_2004_right.jpg,streetview_2004_left.jpg,37.7400876,-122.4497173,19.4
streetview_2005_right.jpg,streetview_2005_left.jpg,37.7903551,-122.4273731,248.0
streetview_2006_right.jpg,streetview_2006_left.jpg,37.77916679,-122.4623482,158.8
streetview_2007_right.jpg,streetview_2007_left.jpg,37.71877651,-122.4327633,10.5
streetview_2008_right.jpg,streetview_2008_left.jpg,37.78230524,-122.4178782,170.6
streetview_2009_right.jpg,streetview_2009_left.jpg,37.73404523,-122.4077703,271.0
streetview_2010_right.jpg,streetview_2010_left.jpg,37.73431917,-122.4269602,75.8
streetview_2011_right.jpg,streetview_2011_left.jpg,37.73859545,-122.4056094,109.2
streetview_2012_right.jpg,streetview_2012_left.jpg,37.73568794,-122.3950295,276.0
streetview_2013_right.jpg,streetview_2013_left.jpg,37.74319708,-122.4864388,12.5
streetview_2014_right.jpg,streetview_2014_left.jpg,37.7646735,-122.480413,133.1
streetview_2015_right.jpg,streetview_2015_left.jpg,37.73114025,-122.435108,107.6
streetview_2016_right.jpg,streetview_2016_left.jpg,37.72344524,-122.4043968,293.4
streetview_2017_right.jpg,streetview_2017_left.jpg,37.74167129,-122.4577617,43.4
streetview_2018_right.jpg,streetview_2018_left.jpg,37.76614753,-122.4284532,204.6
streetview_2019_right.jpg,streetview_2019_left.jpg,37.74917093,-122.4382834,239.0
streetview_2020_right.jpg,streetview_2020_left.jpg,37.73110297,-122.4762189,22.3
streetview_2021_right.jpg,streetview_2021_left.jpg,37.79824982,-122.4413425,174.7
streetview_2022_right.jpg,streetview_2022_left.jpg,37.72894114,-122.433244,0.7
streetview_2023_right.jpg,streetview_2023_left.jpg,37.78173163,-122.432379,184.0
streetview_2024_right.jpg,streetview_2024_left.jpg,37.72739525,-122.43722,294.4
streetview_2025_right.jpg,streetview_2025_left.jpg,37.75117075,-122.5034779,88.6
streetview_2026_right.jpg,streetview_2026_left.jpg,37.75309833,-122.4046738,242.2
streetview_2027_right.jpg,streetview_2027_left.jpg,37.73083127,-122.4579498,24.1
streetview_2028_right.jpg,streetview_2028_left.jpg,37.80122682,-122.4180781,210.8
streetview_2029_right.jpg,streetview_2029_left.jpg,37.76305691,-122.4468477,29.4
streetview_2030_right.jpg,streetview_2030_left.jpg,37.79958823,-122.4208058,248.4
streetview_2031_right.jpg,streetview_2031_left.jpg,37.77427114,-122.5014958,138.9
streetview_2032_right.jpg,streetview_2032_left.jpg,37.71818472,-122.4396584,28.3
streetview_2033_right.jpg,streetview_2033_left.jpg,37.73142514,-122.4306549,14.0
streetview_2034_right.jpg,streetview_2034_left.jpg,37.80293309,-122.4080321,141.0
streetview_2035_right.jpg,streetview_2035_left.jpg,37.7883761,-122.3930992,206.1
streetview_2036_right.jpg,streetview_2036_left.jpg,37.71699349,-122.4373768,84.2
streetview_2037_right.jpg,streetview_2037_left.jpg,37.71956125,-122.40528,268.8
streetview_2038_right.jpg,streetview_2038_left.jpg,37.71847235,-122.4698306,324.1
streetview_2039_right.jpg,streetview_2039_left.jpg,37.75252715,-122.5010626,130.0
streetview_2040_right.jpg,streetview_2040_left.jpg,37.71003644,-122.4369701,6.5
streetview_2041_right.jpg,streetview_2041_left.jpg,37.77825462,-122.4271789,20.3
streetview_2042_right.jpg,streetview_2042_left.jpg,37.79925177,-122.4173635,221.1
streetview_2043_right.jpg,streetview_2043_left.jpg,37.76849068,-122.4512792,174.8
streetview_2044_right.jpg,streetview_2044_left.jpg,37.72694984,-122.4465399,140.8
streetview_2045_right.jpg,streetview_2045_left.jpg,37.714957,-122.4341956,274.6
streetview_2046_right.jpg,streetview_2046_left.jpg,37.71659257,-122.4598244,334.3
streetview_2047_right.jpg,streetview_2047_left.jpg,37.74121441,-122.4748309,138.0
streetview_2048_right.jpg,streetview_2048_left.jpg,37.72362387,-122.4547778,311.1
streetview_2049_right.jpg,streetview_2049_left.jpg,37.75798032,-122.5046698,103.8
streetview_2050_right.jpg,streetview_2050_left.jpg,37.74471465,-122.4363953,301.2
streetview_2051_right.jpg,streetview_2051_left.jpg,37.77269884,-122.4949366,324.8
streetview_2052_right.jpg,streetview_2052_left.jpg,37.77749457,-122.4992222,152.4
streetview_2053_right.jpg,streetview_2053_left.jpg,37.75815944,-122.4864133,109.0
streetview_2054_right.jpg,streetview_2054_left.jpg,37.73632766,-122.4063041,264.6
streetview_2055_right.jpg,streetview_2055_left.jpg,37.73306139,-122.449624,160.8
streetview_2056_right.jpg,streetview_2056_left.jpg,37.71907626,-122.4434806,47.7
streetview_2057_right.jpg,streetview_2057_left.jpg,37.74536794,-122.4069369,328.0
streetview_2058_right.jpg,streetview_2058_left.jpg,37.77613893,-122.4312484,239.0
streetview_2059_right.jpg,streetview_2059_left.jpg,37.74593961,-122.4948718,59.8
streetview_2060_right.jpg,streetview_2060_left.jpg,37.77340973,-122.4351919,273.7
streetview_2061_right.jpg,streetview_2061_left.jpg,37.77712103,-122.5074372,105.6
streetview_2062_right.jpg,streetview_2062_left.jpg,37.76189552,-122.4383688,164.8
streetview_2063_right.jpg,streetview_2063_left.jpg,37.7261854,-122.4261138,337.2
streetview_2064_right.jpg,streetview_2064_left.jpg,37.74005479,-122.4334827,181.8
streetview_2065_right.jpg,streetview_2065_left.jpg,37.71605775,-122.4344531,306.0
streetview_2066_right.jpg,streetview_2066_left.jpg,37.7445516,-122.4840255,100.6
streetview_2067_right.jpg,streetview_2067_left.jpg,37.73959591,-122.4504308,334.1
streetview_2068_right.jpg,streetview_2068_left.jpg,37.7768059,-122.4733106,112.0
streetview_2069_right.jpg,streetview_2069_left.jpg,37.77409556,-122.4648431,121.0
streetview_2070_right.jpg,streetview_2070_left.jpg,37.7572421,-122.4293956,111.0
streetview_2071_right.jpg,streetview_2071_left.jpg,37.74508598,-122.3893702,320.9
streetview_2072_right.jpg,streetview_2072_left.jpg,37.79848951,-122.4442463,142.7
streetview_2073_right.jpg,streetview_2073_left.jpg,37.74726112,-122.3949737,310.8
streetview_2074_right.jpg,streetview_2074_left.jpg,37.77361472,-122.4335496,253.5
streetview_2075_right.jpg,streetview_2075_left.jpg,37.75667328,-122.5060106,98.6
streetview_2076_right.jpg,streetview_2076_left.jpg,37.74913023,-122.4428976,151.3
streetview_2077_right.jpg,streetview_2077_left.jpg,37.71092888,-122.4164299,290.7
streetview_2078_right.jpg,streetview_2078_left.jpg,37.73684805,-122.5031891,76.5
streetview_2079_right.jpg,streetview_2079_left.jpg,37.75760747,-122.3937669,276.5
streetview_2080_right.jpg,streetview_2080_left.jpg,37.76180189,-122.4404334,181.0
streetview_2081_right.jpg,streetview_2081_left.jpg,37.71383985,-122.4414714,12.9
streetview_2082_right.jpg,streetview_2082_left.jpg,37.7297365,-122.4368706,87.3
streetview_2083_right.jpg,streetview_2083_left.jpg,37.73088582,-122.406403,305.7
streetview_2084_right.jpg,streetview_2084_left.jpg,37.77795162,-122.489222,127.6
streetview_2085_right.jpg,streetview_2085_left.jpg,37.7171364,-122.3895747,321.1
streetview_2086_right.jpg,streetview_2086_left.jpg,37.73330867,-122.4060981,294.5
streetview_2087_right.jpg,streetview_2087_left.jpg,37.73710374,-122.4166131,309.0
streetview_2088_right.jpg,streetview_2088_left.jpg,37.78073297,-122.4847676,126.9
streetview_2089_right.jpg,streetview_2089_left.jpg,37.72474786,-122.3907251,292.9
streetview_2090_right.jpg,streetview_2090_left.jpg,37.74629891,-122.4551693,163.3
streetview_2091_right.jpg,streetview_2091_left.jpg,37.7110265,-122.4418131,9.8
streetview_2092_right.jpg,streetview_2092_left.jpg,37.79290717,-122.4239568,166.4
streetview_2093_right.jpg,streetview_2093_left.jpg,37.7309268,-122.4049474,270.9
streetview_2094_right.jpg,streetview_2094_left.jpg,37.73198141,-122.4919899,2.6
streetview_2095_right.jpg,streetview_2095_left.jpg,37.77607004,-122.4894452,153.3
streetview_2096_right.jpg,streetview_2096_left.jpg,37.71839948,-122.4528123,98.9
streetview_2097_right.jpg,streetview_2097_left.jpg,37.71276972,-122.4072387,20.3
streetview_2098_right.jpg,streetview_2098_left.jpg,37.74530805,-122.391982,182.0
streetview_2099_right.jpg,streetview_2099_left.jpg,37.73760589,-122.3923272,248.3
streetview_2100_right.jpg,streetview_2100_left.jpg,37.72786941,-122.4231856,283.2
streetview_2101_right.jpg,streetview_2101_left.jpg,37.73370262,-122.4547209,104.1
streetview_2102_right.jpg,streetview_2102_left.jpg,37.72337091,-122.4029268,312.0
streetview_2103_right.jpg,streetview_2103_left.jpg,37.73771377,-122.4230734,265.0
streetview_2104_right.jpg,streetview_2104_left.jpg,37.73378431,-122.4801895,89.0
streetview_2105_right.jpg,streetview_2105_left.jpg,37.73470303,-122.4096806,71.9
streetview_2106_right.jpg,streetview_2106_left.jpg,37.73648944,-122.4027545,271.6
streetview_2107_right.jpg,streetview_2107_left.jpg,37.73850004,-122.4939985,77.0
streetview_2108_right.jpg,streetview_2108_left.jpg,37.75100563,-122.4254554,281.2
streetview_2109_right.jpg,streetview_2109_left.jpg,37.76305116,-122.5028761,141.2
streetview_2110_right.jpg,streetview_2110_left.jpg,37.74037147,-122.4797927,101.4
streetview_2111_right.jpg,streetview_2111_left.jpg,37.73215212,-122.4282378,348.7
streetview_2112_right.jpg,streetview_2112_left.jpg,37.78394776,-122.4413053,203.8
streetview_2113_right.jpg,streetview_2113_left.jpg,37.78148347,-122.4426791,45.6
streetview_2114_right.jpg,streetview_2114_left.jpg,37.79970879,-122.4191384,207.0
streetview_2115_right.jpg,streetview_2115_left.jpg,37.74316376,-122.4554966,332.7
streetview_2116_right.jpg,streetview_2116_left.jpg,37.78400802,-122.4821387,126.7
streetview_2117_right.jpg,streetview_2117_left.jpg,37.7575308,-122.437232,140.4
streetview_2118_right.jpg,streetview_2118_left.jpg,37.72505829,-122.4032554,68.5
streetview_2119_right.jpg,streetview_2119_left.jpg,37.73428359,-122.3736762,291.4
streetview_2120_right.jpg,streetview_2120_left.jpg,37.77611274,-122.5087915,68.2
streetview_2121_right.jpg,streetview_2121_left.jpg,37.78097688,-122.4933869,100.3
streetview_2122_right.jpg,streetview_2122_left.jpg,37.77556473,-122.4557726,71.1
streetview_2123_right.jpg,streetview_2123_left.jpg,37.79129398,-122.3977273,270.7
streetview_2124_right.jpg,streetview_2124_left.jpg,37.79165719,-122.4338213,218.7
streetview_2125_right.jpg,streetview_2125_left.jpg,37.73113681,-122.4950828,60.1
streetview_2126_right.jpg,streetview_2126_left.jpg,37.77040502,-122.4086066,237.1
streetview_2127_right.jpg,streetview_2127_left.jpg,37.74380503,-122.4606305,69.3
streetview_2128_right.jpg,streetview_2128_left.jpg,37.76086886,-122.40348,244.5
streetview_2129_right.jpg,streetview_2129_left.jpg,37.74126769,-122.4553405,268.0
streetview_2130_right.jpg,streetview_2130_left.jpg,37.74105457,-122.463018,233.7
streetview_2131_right.jpg,streetview_2131_left.jpg,37.73262033,-122.4775354,161.1
streetview_2132_right.jpg,streetview_2132_left.jpg,37.71159987,-122.4684247,77.1
streetview_2133_right.jpg,streetview_2133_left.jpg,37.72371367,-122.4011981,286.2
streetview_2134_right.jpg,streetview_2134_left.jpg,37.74477857,-122.4929993,107.6
streetview_2135_right.jpg,streetview_2135_left.jpg,37.72169627,-122.4008845,302.4
streetview_2136_right.jpg,streetview_2136_left.jpg,37.73859827,-122.4345772,290.6
streetview_2137_right.jpg,streetview_2137_left.jpg,37.75002591,-122.4729476,196.4
streetview_2138_right.jpg,streetview_2138_left.jpg,37.74115037,-122.4762548,270.5
streetview_2139_right.jpg,streetview_2139_left.jpg,37.74123519,-122.4884484,43.1
streetview_2140_right.jpg,streetview_2140_left.jpg,37.80133478,-122.4172312,247.4
streetview_2141_right.jpg,streetview_2141_left.jpg,37.78319642,-122.4724142,138.8
streetview_2142_right.jpg,streetview_2142_left.jpg,37.75338668,-122.4394084,177.7
streetview_2143_right.jpg,streetview_2143_left.jpg,37.73418554,-122.4384452,238.9
streetview_2144_right.jpg,streetview_2144_left.jpg,37.72443137,-122.4588716,349.6
streetview_2145_right.jpg,streetview_2145_left.jpg,37.77505632,-122.4706443,157.5
streetview_2146_right.jpg,streetview_2146_left.jpg,37.75353096,-122.4593711,54.7
streetview_2147_right.jpg,streetview_2147_left.jpg,37.78881686,-122.3963799,225.6
streetview_2148_right.jpg,streetview_2148_left.jpg,37.75064408,-122.4455948,66.9
streetview_2149_right.jpg,streetview_2149_left.jpg,37.76416001,-122.4054097,222.3
streetview_2150_right.jpg,streetview_2150_left.jpg,37.71370199,-122.4634809,99.4
streetview_2151_right.jpg,streetview_2151_left.jpg,37.70950037,-122.4314919,58.8
streetview_2152_right.jpg,streetview_2152_left.jpg,37.72907703,-122.390593,277.5
streetview_2153_right.jpg,streetview_2153_left.jpg,37.736299,-122.4600064,293.0
streetview_2154_right.jpg,streetview_2154_left.jpg,37.75004131,-122.500889,99.3
streetview_2155_right.jpg,streetview_2155_left.jpg,37.73861942,-122.4127043,61.5
streetview_2156_right.jpg,streetview_2156_left.jpg,37.74561561,-122.3964072,277.5
streetview_2157_right.jpg,streetview_2157_left.jpg,37.75457558,-122.4829325,108.6
streetview_2158_right.jpg,streetview_2158_left.jpg,37.73299758,-122.4017855,299.9
streetview_2159_right.jpg,streetview_2159_left.jpg,37.74305726,-122.4238751,277.4
streetview_2160_right.jpg,streetview_2160_left.jpg,37.75162126,-122.5074476,6.0
streetview_2161_right.jpg,streetview_2161_left.jpg,37.76040461,-122.5062732,114.7
streetview_2162_right.jpg,streetview_2162_left.jpg,37.7330141,-122.4310868,329.8
streetview_2163_right.jpg,streetview_2163_left.jpg,37.77784953,-122.4640433,164.3
streetview_2164_right.jpg,streetview_2164_left.jpg,37.73984977,-122.4505139,1.2
streetview_2165_right.jpg,streetview_2165_left.jpg,37.76313447,-122.4499016,236.8
streetview_2166_right.jpg,streetview_2166_left.jpg,37.7458242,-122.4833969,39.2
streetview_2167_right.jpg,streetview_2167_left.jpg,37.78889459,-122.4388859,165.7
streetview_2168_right.jpg,streetview_2168_left.jpg,37.73074705,-122.4201903,333.4
streetview_2169_right.jpg,streetview_2169_left.jpg,37.74875786,-122.4316019,128.9
streetview_2170_right.jpg,streetview_2170_left.jpg,37.73705431,-122.4132589,31.1
streetview_2171_right.jpg,streetview_2171_left.jpg,37.74801563,-122.4049075,302.0
streetview_2172_right.jpg,streetview_2172_left.jpg,37.78247065,-122.4748485,62.8
streetview_2173_right.jpg,streetview_2173_left.jpg,37.8071695,-122.4138999,221.0
streetview_2174_right.jpg,streetview_2174_left.jpg,37.79207415,-122.4305315,179.6
streetview_2175_right.jpg,streetview_2175_left.jpg,37.7168462,-122.4298489,17.6
streetview_2176_right.jpg,streetview_2176_left.jpg,37.76121471,-122.411997,275.4
streetview_2177_right.jpg,streetview_2177_left.jpg,37.76463259,-122.4576941,145.4
streetview_2178_right.jpg,streetview_2178_left.jpg,37.71192844,-122.4117962,299.9
streetview_2179_right.jpg,streetview_2179_left.jpg,37.7188119,-122.4269132,268.2
streetview_2180_right.jpg,streetview_2180_left.jpg,37.71790901,-122.4626275,324.3
streetview_2181_right.jpg,streetview_2181_left.jpg,37.7534255,-122.4948577,111.7
streetview_2182_right.jpg,streetview_2182_left.jpg,37.72879295,-122.4168461,151.8
streetview_2183_right.jpg,streetview_2183_left.jpg,37.71182208,-122.4053439,300.5
streetview_2184_right.jpg,streetview_2184_left.jpg,37.74773569,-122.4824591,124.7
streetview_2185_right.jpg,streetview_2185_left.jpg,37.72491056,-122.4407388,44.1
streetview_2186_right.jpg,streetview_2186_left.jpg,37.76131595,-122.3960707,205.0
streetview_2187_right.jpg,streetview_2187_left.jpg,37.73057143,-122.414205,279.0
streetview_2188_right.jpg,streetview_2188_left.jpg,37.73765587,-122.4707069,17.5
streetview_2189_right.jpg,streetview_2189_left.jpg,37.78470253,-122.4519572,187.9
streetview_2190_right.jpg,streetview_2190_left.jpg,37.72978366,-122.461654,69.8
streetview_2191_right.jpg,streetview_2191_left.jpg,37.74554023,-122.4074789,269.9
streetview_2192_right.jpg,streetview_2192_left.jpg,37.74550756,-122.4364774,219.3
streetview_2193_right.jpg,streetview_2193_left.jpg,37.72056687,-122.462246,68.8
streetview_2194_right.jpg,streetview_2194_left.jpg,37.73399123,-122.4183874,245.3
streetview_2195_right.jpg,streetview_2195_left.jpg,37.72002743,-122.4568048,1.6
streetview_2196_right.jpg,streetview_2196_left.jpg,37.77562837,-122.4548071,81.6
streetview_2197_right.jpg,streetview_2197_left.jpg,37.77831749,-122.4316882,146.3
streetview_2198_right.jpg,streetview_2198_left.jpg,37.74010698,-122.3994863,323.5
streetview_2199_right.jpg,streetview_2199_left.jpg,37.78953466,-122.4458045,184.0
streetview_2200_right.jpg,streetview_2200_left.jpg,37.7351503,-122.450655,340.4
streetview_2201_right.jpg,streetview_2201_left.jpg,37.75170668,-122.458129,284.5
streetview_2202_right.jpg,streetview_2202_left.jpg,37.75701274,-122.4841791,67.3
streetview_2203_right.jpg,streetview_2203_left.jpg,37.76782316,-122.4515381,262.1
streetview_2204_right.jpg,streetview_2204_left.jpg,37.76258116,-122.4992582,193.7
streetview_2205_right.jpg,streetview_2205_left.jpg,37.74551541,-122.5045164,53.5
streetview_2206_right.jpg,streetview_2206_left.jpg,37.79929946,-122.4123125,185.8
streetview_2207_right.jpg,streetview_2207_left.jpg,37.72848925,-122.4214259,59.9
streetview_2208_right.jpg,streetview_2208_left.jpg,37.73646462,-122.4040399,303.8
streetview_2209_right.jpg,streetview_2209_left.jpg,37.77650993,-122.479807,128.7
streetview_2210_right.jpg,streetview_2210_left.jpg,37.7314654,-122.4087673,235.4
streetview_2211_right.jpg,streetview_2211_left.jpg,37.71669455,-122.4357859,286.7
streetview_2212_right.jpg,streetview_2212_left.jpg,37.7299922,-122.4920233,89.1
streetview_2213_right.jpg,streetview_2213_left.jpg,37.73067949,-122.4346251,279.9
streetview_2214_right.jpg,streetview_2214_left.jpg,37.73952015,-122.4990763,95.0
streetview_2215_right.jpg,streetview_2215_left.jpg,37.73420887,-122.4226674,15.3
streetview_2216_right.jpg,streetview_2216_left.jpg,37.7439781,-122.4192869,220.3
streetview_2217_right.jpg,streetview_2217_left.jpg,37.7241787,-122.4405109,11.8
streetview_2218_right.jpg,streetview_2218_left.jpg,37.79563562,-122.4216941,188.9
streetview_2219_right.jpg,streetview_2219_left.jpg,37.72309763,-122.435986,350.1
streetview_2220_right.jpg,streetview_2220_left.jpg,37.73614552,-122.4388732,80.5
streetview_2221_right.jpg,streetview_2221_left.jpg,37.73878701,-122.4188983,293.3
streetview_2222_right.jpg,streetview_2222_left.jpg,37.75798408,-122.4752999,52.2
streetview_2223_right.jpg,streetview_2223_left.jpg,37.79610366,-122.4131642,212.7
streetview_2224_right.jpg,streetview_2224_left.jpg,37.77818451,-122.4277284,171.8
streetview_2225_right.jpg,streetview_2225_left.jpg,37.71182428,-122.4156817,7.6
streetview_2226_right.jpg,streetview_2226_left.jpg,37.73980147,-122.4109336,290.9
streetview_2227_right.jpg,streetview_2227_left.jpg,37.7614447,-122.4826972,169.8
streetview_2228_right.jpg,streetview_2228_left.jpg,37.72303531,-122.4739979,23.3
streetview_2229_right.jpg,streetview_2229_left.jpg,37.79836563,-122.4329281,155.7
streetview_2230_right.jpg,streetview_2230_left.jpg,37.73526296,-122.3969721,348.9
streetview_2231_right.jpg,streetview_2231_left.jpg,37.79810105,-122.4125733,191.5
streetview_2232_right.jpg,streetview_2232_left.jpg,37.72984473,-122.4301095,357.5
streetview_2233_right.jpg,streetview_2233_left.jpg,37.80062857,-122.4339477,96.4
streetview_2234_right.jpg,streetview_2234_left.jpg,37.79926561,-122.4184883,233.2
streetview_2235_right.jpg,streetview_2235_left.jpg,37.74798572,-122.5050472,83.9
streetview_2236_right.jpg,streetview_2236_left.jpg,37.7566396,-122.4027501,169.6
streetview_2237_right.jpg,streetview_2237_left.jpg,37.71981759,-122.3942165,338.9
streetview_2238_right.jpg,streetview_2238_left.jpg,37.79781388,-122.4322549,176.0
streetview_2239_right.jpg,streetview_2239_left.jpg,37.7468481,-122.4276979,123.1
streetview_2240_right.jpg,streetview_2240_left.jpg,37.73011717,-122.3952585,301.8
streetview_2241_right.jpg,streetview_2241_left.jpg,37.77436746,-122.4857424,130.9
streetview_2242_right.jpg,streetview_2242_left.jpg,37.73901646,-122.4341192,71.7
streetview_2243_right.jpg,streetview_2243_left.jpg,37.74569941,-122.4085793,211.6
streetview_2244_right.jpg,streetview_2244_left.jpg,37.70853976,-122.4374186,312.2
streetview_2245_right.jpg,streetview_2245_left.jpg,37.75321277,-122.4996755,74.1
streetview_2246_right.jpg,streetview_2246_left.jpg,37.76719691,-122.4375871,254.0
streetview_2247_right.jpg,streetview_2247_left.jpg,37.76019798,-122.4685363,41.9
streetview_2248_right.jpg,streetview_2248_left.jpg,37.79802805,-122.4255504,234.7
streetview_2249_right.jpg,streetview_2249_left.jpg,37.78249271,-122.4533184,142.1
streetview_2250_right.jpg,streetview_2250_left.jpg,37.72282268,-122.394555,292.0
streetview_2251_right.jpg,streetview_2251_left.jpg,37.73494793,-122.4324412,184.4
streetview_2252_right.jpg,streetview_2252_left.jpg,37.71001085,-122.4348718,308.2
streetview_2253_right.jpg,streetview_2253_left.jpg,37.72416621,-122.4576156,110.8
streetview_2254_right.jpg,streetview_2254_left.jpg,37.70921501,-122.4078878,0.3
streetview_2255_right.jpg,streetview_2255_left.jpg,37.80445908,-122.4072685,256.6
streetview_2256_right.jpg,streetview_2256_left.jpg,37.8005865,-122.4277529,181.0
streetview_2257_right.jpg,streetview_2257_left.jpg,37.73656087,-122.4291476,56.7
streetview_2258_right.jpg,streetview_2258_left.jpg,37.7524633,-122.3984661,324.6
streetview_2259_right.jpg,streetview_2259_left.jpg,37.7967363,-122.43822,104.3
streetview_2260_right.jpg,streetview_2260_left.jpg,37.78780054,-122.3938281,215.3
streetview_2261_right.jpg,streetview_2261_left.jpg,37.73400483,-122.4419951,20.5
streetview_2262_right.jpg,streetview_2262_left.jpg,37.75709753,-122.4310558,140.9
streetview_2263_right.jpg,streetview_2263_left.jpg,37.72837163,-122.4015694,337.0
streetview_2264_right.jpg,streetview_2264_left.jpg,37.79494256,-122.437296,189.3
streetview_2265_right.jpg,streetview_2265_left.jpg,37.73970375,-122.4487,131.1
streetview_2266_right.jpg,streetview_2266_left.jpg,37.71206848,-122.4086509,295.3
streetview_2267_right.jpg,streetview_2267_left.jpg,37.72904149,-122.4539883,61.3
streetview_2268_right.jpg,streetview_2268_left.jpg,37.75060296,-122.404112,292.1
streetview_2269_right.jpg,streetview_2269_left.jpg,37.76195551,-122.4394535,199.0
streetview_2270_right.jpg,streetview_2270_left.jpg,37.7182271,-122.4584923,349.8
streetview_2271_right.jpg,streetview_2271_left.jpg,37.78190903,-122.4729256,173.3
streetview_2272_right.jpg,streetview_2272_left.jpg,37.75087974,-122.4683073,29.3
streetview_2273_right.jpg,streetview_2273_left.jpg,37.79089622,-122.4398556,149.7
streetview_2274_right.jpg,streetview_2274_left.jpg,37.74373459,-122.4050233,294.9
streetview_2275_right.jpg,streetview_2275_left.jpg,37.75859342,-122.4455247,239.6
streetview_2276_right.jpg,streetview_2276_left.jpg,37.74081703,-122.4837638,78.6
streetview_2277_right.jpg,streetview_2277_left.jpg,37.75421564,-122.3995512,286.8
streetview_2278_right.jpg,streetview_2278_left.jpg,37.77705164,-122.4952532,116.3
streetview_2279_right.jpg,streetview_2279_left.jpg,37.75013828,-122.4265061,347.8
streetview_2280_right.jpg,streetview_2280_left.jpg,37.78970806,-122.4373653,260.6
streetview_2281_right.jpg,streetview_2281_left.jpg,37.7804626,-122.5078613,98.4
streetview_2282_right.jpg,streetview_2282_left.jpg,37.77625085,-122.4719154,157.2
streetview_2283_right.jpg,streetview_2283_left.jpg,37.71025354,-122.4368029,273.6
streetview_2284_right.jpg,streetview_2284_left.jpg,37.71105379,-122.4529265,301.9
streetview_2285_right.jpg,streetview_2285_left.jpg,37.73704883,-122.5056679,93.8
streetview_2286_right.jpg,streetview_2286_left.jpg,37.73054844,-122.3824826,297.1
streetview_2287_right.jpg,streetview_2287_left.jpg,37.75811746,-122.4506636,264.4
streetview_2288_right.jpg,streetview_2288_left.jpg,37.7546269,-122.4958396,17.9
streetview_2289_right.jpg,streetview_2289_left.jpg,37.76288082,-122.4924726,128.9
streetview_2290_right.jpg,streetview_2290_left.jpg,37.73427788,-122.4476872,55.9
streetview_2291_right.jpg,streetview_2291_left.jpg,37.76075517,-122.3982852,318.8
streetview_2292_right.jpg,streetview_2292_left.jpg,37.78685019,-122.4272109,219.7
streetview_2293_right.jpg,streetview_2293_left.jpg,37.73793239,-122.4785364,115.6
streetview_2294_right.jpg,streetview_2294_left.jpg,37.72340715,-122.4402341,65.5
streetview_2295_right.jpg,streetview_2295_left.jpg,37.73766743,-122.4007382,325.0
streetview_2296_right.jpg,streetview_2296_left.jpg,37.78088524,-122.4390279,154.9
streetview_2297_right.jpg,streetview_2297_left.jpg,37.71791259,-122.4017568,330.5
streetview_2298_right.jpg,streetview_2298_left.jpg,37.76568971,-122.4360066,223.5
streetview_2299_right.jpg,streetview_2299_left.jpg,37.75119542,-122.4534064,344.4
streetview_2300_right.jpg,streetview_2300_left.jpg,37.78603187,-122.4657056,141.7
streetview_2301_right.jpg,streetview_2301_left.jpg,37.7390402,-122.4187354,263.3
streetview_2302_right.jpg,streetview_2302_left.jpg,37.73384934,-122.4740583,30.0
streetview_2303_right.jpg,streetview_2303_left.jpg,37.79259146,-122.4311938,171.0
streetview_2304_right.jpg,streetview_2304_left.jpg,37.79083323,-122.4308429,141.6
streetview_2305_right.jpg,streetview_2305_left.jpg,37.75053852,-122.3904645,165.0
streetview_2306_right.jpg,streetview_2306_left.jpg,37.74494823,-122.3885743,265.8
streetview_2307_right.jpg,streetview_2307_left.jpg,37.74018061,-122.4700066,146.5
streetview_2308_right.jpg,streetview_2308_left.jpg,37.72938696,-122.4609745,299.3
streetview_2309_right.jpg,streetview_2309_left.jpg,37.74410354,-122.4942051,71.1
streetview_2310_right.jpg,streetview_2310_left.jpg,37.75904545,-122.4388036,103.9
streetview_2311_right.jpg,streetview_2311_left.jpg,37.74998219,-122.3926894,311.2
streetview_2312_right.jpg,streetview_2312_left.jpg,37.77946778,-122.4352932,223.7
streetview_2313_right.jpg,streetview_2313_left.jpg,37.75176217,-122.4687828,131.1
streetview_2314_right.jpg,streetview_2314_left.jpg,37.73680669,-122.4470828,217.8
streetview_2315_right.jpg,streetview_2315_left.jpg,37.71396897,-122.4694627,73.5
streetview_2316_right.jpg,streetview_2316_left.jpg,37.72576386,-122.4192079,348.0
streetview_2317_right.jpg,streetview_2317_left.jpg,37.79487287,-122.4378431,171.1
streetview_2318_right.jpg,streetview_2318_left.jpg,37.73287941,-122.4256133,308.2
streetview_2319_right.jpg,streetview_2319_left.jpg,37.76194398,-122.4722809,332.2
streetview_2320_right.jpg,streetview_2320_left.jpg,37.77701696,-122.4823513,184.8
streetview_2321_right.jpg,streetview_2321_left.jpg,37.75261566,-122.4849462,205.9
streetview_2322_right.jpg,streetview_2322_left.jpg,37.73532071,-122.4955626,333.7
streetview_2323_right.jpg,streetview_2323_left.jpg,37.74562521,-122.502015,124.6
streetview_2324_right.jpg,streetview_2324_left.jpg,37.70863335,-122.4342835,335.8
streetview_2325_right.jpg,streetview_2325_left.jpg,37.74156636,-122.4530244,152.3
streetview_2326_right.jpg,streetview_2326_left.jpg,37.71001315,-122.4320605,282.3
streetview_2327_right.jpg,streetview_2327_left.jpg,37.71668273,-122.4707082,2.9
streetview_2328_right.jpg,streetview_2328_left.jpg,37.78475733,-122.4663283,135.5
streetview_2329_right.jpg,streetview_2329_left.jpg,37.74760495,-122.4202173,296.4
streetview_2330_right.jpg,streetview_2330_left.jpg,37.7748099,-122.489713,107.7
streetview_2331_right.jpg,streetview_2331_left.jpg,37.76269214,-122.4417854,252.8
streetview_2332_right.jpg,streetview_2332_left.jpg,37.74968698,-122.4947764,131.1
streetview_2333_right.jpg,streetview_2333_left.jpg,37.72184661,-122.4544348,289.0
streetview_2334_right.jpg,streetview_2334_left.jpg,37.73113257,-122.4885287,117.0
streetview_2335_right.jpg,streetview_2335_left.jpg,37.71094772,-122.4384468,13.3
streetview_2336_right.jpg,streetview_2336_left.jpg,37.75340142,-122.4257187,298.1
streetview_2337_right.jpg,streetview_2337_left.jpg,37.76390003,-122.4505496,297.0
streetview_2338_right.jpg,streetview_2338_left.jpg,37.77474234,-122.4775313,101.3
streetview_2339_right.jpg,streetview_2339_left.jpg,37.76301956,-122.4033271,252.2
streetview_2340_right.jpg,streetview_2340_left.jpg,37.74043898,-122.4923372,50.1
streetview_2341_right.jpg,streetview_2341_left.jpg,37.79464708,-122.4103707,176.5
streetview_2342_right.jpg,streetview_2342_left.jpg,37.7193797,-122.4046235,347.3
streetview_2343_right.jpg,streetview_2343_left.jpg,37.79358303,-122.425776,203.8
streetview_2344_right.jpg,streetview_2344_left.jpg,37.73001212,-122.4612722,30.4
streetview_2345_right.jpg,streetview_2345_left.jpg,37.78114343,-122.4232669,239.1
streetview_2346_right.jpg,streetview_2346_left.jpg,37.74581329,-122.4977268,126.1
streetview_2347_right.jpg,streetview_2347_left.jpg,37.72063875,-122.4540877,23.7
streetview_2348_right.jpg,streetview_2348_left.jpg,37.802408,-122.4086821,167.4
streetview_2349_right.jpg,streetview_2349_left.jpg,37.72577135,-122.3869774,348.1
streetview_2350_right.jpg,streetview_2350_left.jpg,37.76683477,-122.3978918,232.8
streetview_2351_right.jpg,streetview_2351_left.jpg,37.72910976,-122.4607967,283.1
streetview_2352_right.jpg,streetview_2352_left.jpg,37.73635086,-122.5002844,121.5
streetview_2353_right.jpg,streetview_2353_left.jpg,37.71967703,-122.4659434,78.5
streetview_2354_right.jpg,streetview_2354_left.jpg,37.73471689,-122.3722196,255.8
streetview_2355_right.jpg,streetview_2355_left.jpg,37.72146828,-122.4382363,317.6
streetview_2356_right.jpg,streetview_2356_left.jpg,37.76255966,-122.4856435,266.8
streetview_2357_right.jpg,streetview_2357_left.jpg,37.76237077,-122.4899285,52.7
streetview_2358_right.jpg,streetview_2358_left.jpg,37.78894971,-122.4456894,194.9
streetview_2359_right.jpg,streetview_2359_left.jpg,37.71788633,-122.4695269,27.7
streetview_2360_right.jpg,streetview_2360_left.jpg,37.79317187,-122.4195078,110.3
streetview_2361_right.jpg,streetview_2361_left.jpg,37.7860999,-122.3952871,248.6
streetview_2362_right.jpg,streetview_2362_left.jpg,37.75967052,-122.480421,334.4
streetview_2363_right.jpg,streetview_2363_left.jpg,37.77299252,-122.4885043,134.7
streetview_2364_right.jpg,streetview_2364_left.jpg,37.71141436,-122.4099539,343.7
streetview_2365_right.jpg,streetview_2365_left.jpg,37.72710881,-122.4157646,288.7
streetview_2366_right.jpg,streetview_2366_left.jpg,37.74145243,-122.4693765,136.4
streetview_2367_right.jpg,streetview_2367_left.jpg,37.71714545,-122.4401467,356.2
streetview_2368_right.jpg,streetview_2368_left.jpg,37.78918559,-122.4462092,86.7
streetview_2369_right.jpg,streetview_2369_left.jpg,37.79056786,-122.4156106,245.9
streetview_2370_right.jpg,streetview_2370_left.jpg,37.76067304,-122.5001985,151.3
streetview_2371_right.jpg,streetview_2371_left.jpg,37.71548042,-122.4688996,70.6
streetview_2372_right.jpg,streetview_2372_left.jpg,37.72251808,-122.443608,34.6
streetview_2373_right.jpg,streetview_2373_left.jpg,37.74293924,-122.4258206,269.8
streetview_2374_right.jpg,streetview_2374_left.jpg,37.74288379,-122.450909,5.8
streetview_2375_right.jpg,streetview_2375_left.jpg,37.78548537,-122.445475,151.4
streetview_2376_right.jpg,streetview_2376_left.jpg,37.78003756,-122.4417192,169.6
streetview_2377_right.jpg,streetview_2377_left.jpg,37.74253606,-122.43303,100.4
streetview_2378_right.jpg,streetview_2378_left.jpg,37.73691981,-122.394423,298.2
streetview_2379_right.jpg,streetview_2379_left.jpg,37.77505456,-122.4843588,120.9
streetview_2380_right.jpg,streetview_2380_left.jpg,37.73458412,-122.3990298,247.7
streetview_2381_right.jpg,streetview_2381_left.jpg,37.7256663,-122.4265068,22.3
streetview_2382_right.jpg,streetview_2382_left.jpg,37.7473972,-122.41526,309.7
streetview_2383_right.jpg,streetview_2383_left.jpg,37.77794621,-122.4619009,172.8
streetview_2384_right.jpg,streetview_2384_left.jpg,37.72870212,-122.4539822,279.9
streetview_2385_right.jpg,streetview_2385_left.jpg,37.73464491,-122.4969421,111.7
streetview_2386_right.jpg,streetview_2386_left.jpg,37.71829035,-122.4450741,335.3
streetview_2387_right.jpg,streetview_2387_left.jpg,37.75346646,-122.4655642,39.2
streetview_2388_right.jpg,streetview_2388_left.jpg,37.80040586,-122.4170268,209.7
streetview_2389_right.jpg,streetview_2389_left.jpg,37.74271076,-122.4586769,192.3
streetview_2390_right.jpg,streetview_2390_left.jpg,37.73499983,-122.4608036,94.9
streetview_2391_right.jpg,streetview_2391_left.jpg,37.73246807,-122.4234528,8.2
streetview_2392_right.jpg,streetview_2392_left.jpg,37.80605871,-122.4100241,223.2
streetview_2393_right.jpg,streetview_2393_left.jpg,37.73999286,-122.4883615,89.5
streetview_2394_right.jpg,streetview_2394_left.jpg,37.74044283,-122.4166007,53.2
streetview_2395_right.jpg,streetview_2395_left.jpg,37.75631248,-122.3897356,221.9
streetview_2396_right.jpg,streetview_2396_left.jpg,37.72890698,-122.4208722,326.7
streetview_2397_right.jpg,streetview_2397_left.jpg,37.7576566,-122.444753,194.6
streetview_2398_right.jpg,streetview_2398_left.jpg,37.72960832,-122.454023,229.8
streetview_2399_right.jpg,streetview_2399_left.jpg,37.72606619,-122.4593235,322.8
streetview_2400_right.jpg,streetview_2400_left.jpg,37.77528692,-122.5065877,120.0
streetview_2401_right.jpg,streetview_2401_left.jpg,37.73657447,-122.4218647,267.8
streetview_2402_right.jpg,streetview_2402_left.jpg,37.73481457,-122.4800815,54.6
streetview_2403_right.jpg,streetview_2403_left.jpg,37.75124706,-122.4508836,142.9
streetview_2404_right.jpg,streetview_2404_left.jpg,37.73899658,-122.4391851,18.7
streetview_2405_right.jpg,streetview_2405_left.jpg,37.79638131,-122.4145355,193.0
streetview_2406_right.jpg,streetview_2406_left.jpg,37.71876559,-122.4371649,315.6
streetview_2407_right.jpg,streetview_2407_left.jpg,37.77407476,-122.5057808,56.7
streetview_2408_right.jpg,streetview_2408_left.jpg,37.77890586,-122.4964637,59.3
streetview_2409_right.jpg,streetview_2409_left.jpg,37.78589707,-122.4815608,158.4
streetview_2410_right.jpg,streetview_2410_left.jpg,37.71694391,-122.4470715,2.6
streetview_2411_right.jpg,streetview_2411_left.jpg,37.80197587,-122.4421016,203.0
streetview_2412_right.jpg,streetview_2412_left.jpg,37.75781971,-122.4658647,113.4
streetview_2413_right.jpg,streetview_2413_left.jpg,37.73087298,-122.3870918,268.4
streetview_2414_right.jpg,streetview_2414_left.jpg,37.72992722,-122.4301497,349.5
streetview_2415_right.jpg,streetview_2415_left.jpg,37.78825871,-122.4438656,215.7
streetview_2416_right.jpg,streetview_2416_left.jpg,37.75366191,-122.4753508,112.2
streetview_2417_right.jpg,streetview_2417_left.jpg,37.74004454,-122.4332657,143.4
streetview_2418_right.jpg,streetview_2418_left.jpg,37.71360375,-122.4084694,309.7
streetview_2419_right.jpg,streetview_2419_left.jpg,37.73535773,-122.441652,300.5
streetview_2420_right.jpg,streetview_2420_left.jpg,37.76027045,-122.4951578,96.2
streetview_2421_right.jpg,streetview_2421_left.jpg,37.75201165,-122.3993516,315.1
streetview_2422_right.jpg,streetview_2422_left.jpg,37.76127253,-122.4110354,262.1
streetview_2423_right.jpg,streetview_2423_left.jpg,37.75498152,-122.4684264,30.9
streetview_2424_right.jpg,streetview_2424_left.jpg,37.78054492,-122.4491021,221.8
streetview_2425_right.jpg,streetview_2425_left.jpg,37.74099889,-122.4938075,17.1
streetview_2426_right.jpg,streetview_2426_left.jpg,37.78550535,-122.476517,176.6
streetview_2427_right.jpg,streetview_2427_left.jpg,37.73135617,-122.472496,98.5
streetview_2428_right.jpg,streetview_2428_left.jpg,37.72882351,-122.4511131,18.3
streetview_2429_right.jpg,streetview_2429_left.jpg,37.80692914,-122.4183466,157.4
streetview_2430_right.jpg,streetview_2430_left.jpg,37.7601782,-122.3936819,314.0
streetview_2431_right.jpg,streetview_2431_left.jpg,37.78998951,-122.4327758,148.0
streetview_2432_right.jpg,streetview_2432_left.jpg,37.7531555,-122.4037127,222.0
streetview_2433_right.jpg,streetview_2433_left.jpg,37.74063472,-122.4179506,347.1
streetview_2434_right.jpg,streetview_2434_left.jpg,37.79722458,-122.4343822,194.0
streetview_2435_right.jpg,streetview_2435_left.jpg,37.72880711,-122.4558703,80.0
streetview_2436_right.jpg,streetview_2436_left.jpg,37.72914363,-122.4534672,109.1
streetview_2437_right.jpg,streetview_2437_left.jpg,37.71458534,-122.4003777,347.3
streetview_2438_right.jpg,streetview_2438_left.jpg,37.73163367,-122.4052477,279.8
streetview_2439_right.jpg,streetview_2439_left.jpg,37.74400134,-122.496524,332.4
streetview_2440_right.jpg,streetview_2440_left.jpg,37.75490624,-122.5037371,97.7
streetview_2441_right.jpg,streetview_2441_left.jpg,37.75093973,-122.4666891,281.0
streetview_2442_right.jpg,streetview_2442_left.jpg,37.75528892,-122.4949875,56.6
streetview_2443_right.jpg,streetview_2443_left.jpg,37.79604465,-122.4167168,196.2
streetview_2444_right.jpg,streetview_2444_left.jpg,37.71558078,-122.446181,47.5
streetview_2445_right.jpg,streetview_2445_left.jpg,37.74239086,-122.4091738,295.0
streetview_2446_right.jpg,streetview_2446_left.jpg,37.75414887,-122.4410153,217.2
streetview_2447_right.jpg,streetview_2447_left.jpg,37.73077485,-122.4634127,101.1
streetview_2448_right.jpg,streetview_2448_left.jpg,37.72611063,-122.4333561,26.9
streetview_2449_right.jpg,streetview_2449_left.jpg,37.78582463,-122.394941,238.4
streetview_2450_right.jpg,streetview_2450_left.jpg,37.76195945,-122.4439049,193.2
streetview_2451_right.jpg,streetview_2451_left.jpg,37.71110759,-122.4589907,20.9
streetview_2452_right.jpg,streetview_2452_left.jpg,37.77731433,-122.4269897,144.3
streetview_2453_right.jpg,streetview_2453_left.jpg,37.76079024,-122.4119558,187.7
streetview_2454_right.jpg,streetview_2454_left.jpg,37.73762064,-122.4159049,211.6
streetview_2455_right.jpg,streetview_2455_left.jpg,37.71800843,-122.4311576,8.4
streetview_2456_right.jpg,streetview_2456_left.jpg,37.73349609,-122.4282594,342.1
streetview_2457_right.jpg,streetview_2457_left.jpg,37.75380868,-122.436539,353.3
streetview_2458_right.jpg,streetview_2458_left.jpg,37.77912572,-122.4403235,178.7
streetview_2459_right.jpg,streetview_2459_left.jpg,37.71281733,-122.438384,273.9
streetview_2460_right.jpg,streetview_2460_left.jpg,37.71377857,-122.4560467,31.0
streetview_2461_right.jpg,streetview_2461_left.jpg,37.71763333,-122.4531205,64.5
streetview_2462_right.jpg,streetview_2462_left.jpg,37.73498679,-122.4070844,320.4
streetview_2463_right.jpg,streetview_2463_left.jpg,37.74508212,-122.4176353,144.6
streetview_2464_right.jpg,streetview_2464_left.jpg,37.73448111,-122.4081263,343.4
streetview_2465_right.jpg,streetview_2465_left.jpg,37.77034291,-122.4216169,159.3
streetview_2466_right.jpg,streetview_2466_left.jpg,37.73458013,-122.4045548,347.1
streetview_2467_right.jpg,streetview_2467_left.jpg,37.77573855,-122.4164857,201.4
streetview_2468_right.jpg,streetview_2468_left.jpg,37.71283294,-122.4476305,34.4
streetview_2469_right.jpg,streetview_2469_left.jpg,37.74266868,-122.4217646,127.2
streetview_2470_right.jpg,streetview_2470_left.jpg,37.74158367,-122.4199593,310.5
streetview_2471_right.jpg,streetview_2471_left.jpg,37.77685624,-122.4722049,71.7
streetview_2472_right.jpg,streetview_2472_left.jpg,37.79084599,-122.4184757,224.0
streetview_2473_right.jpg,streetview_2473_left.jpg,37.76411862,-122.4510872,193.4
streetview_2474_right.jpg,streetview_2474_left.jpg,37.73173271,-122.460813,349.9
streetview_2475_right.jpg,streetview_2475_left.jpg,37.74276241,-122.4633062,296.7
streetview_2476_right.jpg,streetview_2476_left.jpg,37.75193089,-122.4863313,52.8
streetview_2477_right.jpg,streetview_2477_left.jpg,37.80061904,-122.4051648,249.9
streetview_2478_right.jpg,streetview_2478_left.jpg,37.77381217,-122.497882,92.8
streetview_2479_right.jpg,streetview_2479_left.jpg,37.76998943,-122.3993593,174.7
streetview_2480_right.jpg,streetview_2480_left.jpg,37.73554965,-122.3953411,292.6
streetview_2481_right.jpg,streetview_2481_left.jpg,37.75218139,-122.4458737,239.5
streetview_2482_right.jpg,streetview_2482_left.jpg,37.74147494,-122.4688614,119.0
streetview_2483_right.jpg,streetview_2483_left.jpg,37.72607425,-122.4337312,298.7
streetview_2484_right.jpg,streetview_2484_left.jpg,37.73379571,-122.4516024,329.9
streetview_2485_right.jpg,streetview_2485_left.jpg,37.74428572,-122.459292,59.5
streetview_2486_right.jpg,streetview_2486_left.jpg,37.75613354,-122.4337958,154.2
streetview_2487_right.jpg,streetview_2487_left.jpg,37.72590731,-122.4153263,20.5
streetview_2488_right.jpg,streetview_2488_left.jpg,37.7514405,-122.4032302,290.4
streetview_2489_right.jpg,streetview_2489_left.jpg,37.77562694,-122.4854753,115.7
streetview_2490_right.jpg,streetview_2490_left.jpg,37.75333333,-122.4268295,161.0
streetview_2491_right.jpg,streetview_2491_left.jpg,37.7279946,-122.4157692,280.3
streetview_2492_right.jpg,streetview_2492_left.jpg,37.74056968,-122.5034502,87.8
streetview_2493_right.jpg,streetview_2493_left.jpg,37.74355694,-122.4028154,177.8
streetview_2494_right.jpg,streetview_2494_left.jpg,37.72539498,-122.4019311,6.1
streetview_2495_right.jpg,streetview_2495_left.jpg,37.78659505,-122.3935912,190.8
streetview_2496_right.jpg,streetview_2496_left.jpg,37.73641238,-122.4057031,268.3
streetview_2497_right.jpg,streetview_2497_left.jpg,37.73615134,-122.4166983,60.7
streetview_2498_right.jpg,streetview_2498_left.jpg,37.73712504,-122.4145042,304.3
streetview_2499_right.jpg,streetview_2499_left.jpg,37.77618364,-122.4869465,158.2
streetview_2500_right.jpg,streetview_2500_left.jpg,37.73113026,-122.46419,97.2
streetview_2501_right.jpg,streetview_2501_left.jpg,37.72909245,-122.4437093,49.5
streetview_2502_right.jpg,streetview_2502_left.jpg,37.76226584,-122.3945427,277.1
streetview_2503_right.jpg,streetview_2503_left.jpg,37.77292871,-122.5035513,133.3
streetview_2504_right.jpg,streetview_2504_left.jpg,37.70958158,-122.4185448,296.3
streetview_2505_right.jpg,streetview_2505_left.jpg,37.73911277,-122.494142,4.8
streetview_2506_right.jpg,streetview_2506_left.jpg,37.77415537,-122.4903824,315.2
streetview_2507_right.jpg,streetview_2507_left.jpg,37.77989886,-122.4976111,150.2
streetview_2508_right.jpg,streetview_2508_left.jpg,37.72252227,-122.4561326,45.9
streetview_2509_right.jpg,streetview_2509_left.jpg,37.73640953,-122.4380257,112.0
streetview_2510_right.jpg,streetview_2510_left.jpg,37.72882545,-122.4142871,283.0
streetview_2511_right.jpg,streetview_2511_left.jpg,37.74346711,-122.494592,113.5
streetview_2512_right.jpg,streetview_2512_left.jpg,37.7140215,-122.4090825,58.4
streetview_2513_right.jpg,streetview_2513_left.jpg,37.71971406,-122.397389,341.2
streetview_2514_right.jpg,streetview_2514_left.jpg,37.7480701,-122.4096095,178.5
streetview_2515_right.jpg,streetview_2515_left.jpg,37.7317815,-122.4090744,280.5
streetview_2516_right.jpg,streetview_2516_left.jpg,37.74557816,-122.503087,25.1
streetview_2517_right.jpg,streetview_2517_left.jpg,37.78345128,-122.4806682,116.4
streetview_2518_right.jpg,streetview_2518_left.jpg,37.76659353,-122.4377575,151.0
streetview_2519_right.jpg,streetview_2519_left.jpg,37.72294613,-122.4071185,132.6
streetview_2520_right.jpg,streetview_2520_left.jpg,37.71951934,-122.4024065,296.1
streetview_2521_right.jpg,streetview_2521_left.jpg,37.73183343,-122.434257,319.7
streetview_2522_right.jpg,streetview_2522_left.jpg,37.76154991,-122.4661252,22.8
streetview_2523_right.jpg,streetview_2523_left.jpg,37.79856664,-122.4464047,176.3
streetview_2524_right.jpg,streetview_2524_left.jpg,37.7788999,-122.4447854,202.3
streetview_2525_right.jpg,streetview_2525_left.jpg,37.72302635,-122.4737046,38.5
streetview_2526_right.jpg,streetview_2526_left.jpg,37.75709801,-122.4393994,6.0
streetview_2527_right.jpg,streetview_2527_left.jpg,37.79629341,-122.4341936,229.8
streetview_2528_right.jpg,streetview_2528_left.jpg,37.75526395,-122.4955256,358.4
streetview_2529_right.jpg,streetview_2529_left.jpg,37.77638133,-122.496287,71.5
streetview_2530_right.jpg,streetview_2530_left.jpg,37.78763501,-122.4536394,167.4
streetview_2531_right.jpg,streetview_2531_left.jpg,37.71632039,-122.4335265,286.2
streetview_2532_right.jpg,streetview_2532_left.jpg,37.72243507,-122.4602146,62.2
streetview_2533_right.jpg,streetview_2533_left.jpg,37.73532877,-122.4292169,245.4
streetview_2534_right.jpg,streetview_2534_left.jpg,37.7248215,-122.4582357,78.0
streetview_2535_right.jpg,streetview_2535_left.jpg,37.73742592,-122.3831494,265.0
streetview_2536_right.jpg,streetview_2536_left.jpg,37.73226,-122.4574075,31.8
streetview_2537_right.jpg,streetview_2537_left.jpg,37.74097256,-122.4505865,77.8
streetview_2538_right.jpg,streetview_2538_left.jpg,37.75273783,-122.3819295,332.0
streetview_2539_right.jpg,streetview_2539_left.jpg,37.80091008,-122.4143221,231.2
streetview_2540_right.jpg,streetview_2540_left.jpg,37.78379281,-122.4412742,181.8
streetview_2541_right.jpg,streetview_2541_left.jpg,37.71316542,-122.4441462,34.1
streetview_2542_right.jpg,streetview_2542_left.jpg,37.75998019,-122.4040398,307.6
streetview_2543_right.jpg,streetview_2543_left.jpg,37.78121743,-122.4389889,258.3
streetview_2544_right.jpg,streetview_2544_left.jpg,37.77381018,-122.48427,119.2
streetview_2545_right.jpg,streetview_2545_left.jpg,37.72846536,-122.3817394,257.5
streetview_2546_right.jpg,streetview_2546_left.jpg,37.71383556,-122.4652838,75.6
streetview_2547_right.jpg,streetview_2547_left.jpg,37.72995495,-122.3860293,295.7
streetview_2548_right.jpg,streetview_2548_left.jpg,37.77588605,-122.5069903,139.1
streetview_2549_right.jpg,streetview_2549_left.jpg,37.7346811,-122.4618537,57.3
streetview_2550_right.jpg,streetview_2550_left.jpg,37.76429312,-122.4034768,224.6
streetview_2551_right.jpg,streetview_2551_left.jpg,37.71685047,-122.4626157,73.4
streetview_2552_right.jpg,streetview_2552_left.jpg,37.72670797,-122.42069,296.7
streetview_2553_right.jpg,streetview_2553_left.jpg,37.73800758,-122.449089,154.8
streetview_2554_right.jpg,streetview_2554_left.jpg,37.7089633,-122.4318035,323.2
streetview_2555_right.jpg,streetview_2555_left.jpg,37.7507224,-122.4712726,56.2
streetview_2556_right.jpg,streetview_2556_left.jpg,37.77203406,-122.4309746,193.6
streetview_2557_right.jpg,streetview_2557_left.jpg,37.74258193,-122.4399748,289.5
streetview_2558_right.jpg,streetview_2558_left.jpg,37.76104059,-122.5059599,61.1
streetview_2559_right.jpg,streetview_2559_left.jpg,37.79517206,-122.427784,175.3
streetview_2560_right.jpg,streetview_2560_left.jpg,37.74190228,-122.4222602,278.0
streetview_2561_right.jpg,streetview_2561_left.jpg,37.7475392,-122.4727739,174.3
streetview_2562_right.jpg,streetview_2562_left.jpg,37.71425574,-122.4685844,25.0
streetview_2563_right.jpg,streetview_2563_left.jpg,37.78084506,-122.4293645,264.0
streetview_2564_right.jpg,streetview_2564_left.jpg,37.77637966,-122.4826637,115.7
streetview_2565_right.jpg,streetview_2565_left.jpg,37.73384889,-122.3712458,316.7
streetview_2566_right.jpg,streetview_2566_left.jpg,37.76207009,-122.4048875,274.7
streetview_2567_right.jpg,streetview_2567_left.jpg,37.76578992,-122.4621281,247.5
streetview_2568_right.jpg,streetview_2568_left.jpg,37.75316537,-122.5007484,107.2
streetview_2569_right.jpg,streetview_2569_left.jpg,37.73108872,-122.4106171,252.4
streetview_2570_right.jpg,streetview_2570_left.jpg,37.71792972,-122.4630035,310.8
streetview_2571_right.jpg,streetview_2571_left.jpg,37.7380641,-122.492529,90.0
streetview_2572_right.jpg,streetview_2572_left.jpg,37.7379999,-122.4152505,282.9
streetview_2573_right.jpg,streetview_2573_left.jpg,37.75471741,-122.507997,106.8
streetview_2574_right.jpg,streetview_2574_left.jpg,37.73454456,-122.4235012,12.6
streetview_2575_right.jpg,streetview_2575_left.jpg,37.79900859,-122.4052955,198.8
streetview_2576_right.jpg,streetview_2576_left.jpg,37.70882563,-122.4441039,73.4
streetview_2577_right.jpg,streetview_2577_left.jpg,37.71742776,-122.4076096,337.6
streetview_2578_right.jpg,streetview_2578_left.jpg,37.79128856,-122.4461656,207.2
streetview_2579_right.jpg,streetview_2579_left.jpg,37.75443993,-122.4700693,341.3
streetview_2580_right.jpg,streetview_2580_left.jpg,37.75973268,-122.4723309,46.2
streetview_2581_right.jpg,streetview_2581_left.jpg,37.78193789,-122.4430713,229.8
streetview_2582_right.jpg,streetview_2582_left.jpg,37.74384387,-122.5000954,95.3
streetview_2583_right.jpg,streetview_2583_left.jpg,37.73426555,-122.3708697,320.3
streetview_2584_right.jpg,streetview_2584_left.jpg,37.7927457,-122.4323538,200.2
streetview_2585_right.jpg,streetview_2585_left.jpg,37.7323858,-122.4604387,181.3
streetview_2586_right.jpg,streetview_2586_left.jpg,37.71137382,-122.4610321,51.3
streetview_2587_right.jpg,streetview_2587_left.jpg,37.72647323,-122.4371696,206.3
streetview_2588_right.jpg,streetview_2588_left.jpg,37.71801125,-122.4424675,296.5
streetview_2589_right.jpg,streetview_2589_left.jpg,37.72123223,-122.4506457,300.3
streetview_2590_right.jpg,streetview_2590_left.jpg,37.72763328,-122.4644726,86.4
streetview_2591_right.jpg,streetview_2591_left.jpg,37.73057213,-122.4059084,356.6
streetview_2592_right.jpg,streetview_2592_left.jpg,37.79370845,-122.4106269,263.8
streetview_2593_right.jpg,streetview_2593_left.jpg,37.79186546,-122.4321782,161.5
streetview_2594_right.jpg,streetview_2594_left.jpg,37.74422363,-122.4119866,150.1
streetview_2595_right.jpg,streetview_2595_left.jpg,37.72140115,-122.3953845,316.6
streetview_2596_right.jpg,streetview_2596_left.jpg,37.75445746,-122.4348988,189.2
streetview_2597_right.jpg,streetview_2597_left.jpg,37.71925724,-122.4420898,88.3
streetview_2598_right.jpg,streetview_2598_left.jpg,37.7195789,-122.4285223,336.3
streetview_2599_right.jpg,streetview_2599_left.jpg,37.75018479,-122.4455498,72.8
streetview_2600_right.jpg,streetview_2600_left.jpg,37.75500289,-122.4258374,214.6
streetview_2601_right.jpg,streetview_2601_left.jpg,37.70823251,-122.4666113,20.0
streetview_2602_right.jpg,streetview_2602_left.jpg,37.79840942,-122.4250655,175.6
streetview_2603_right.jpg,streetview_2603_left.jpg,37.73433508,-122.4187736,62.3
streetview_2604_right.jpg,streetview_2604_left.jpg,37.74551896,-122.3917937,348.9
streetview_2605_right.jpg,streetview_2605_left.jpg,37.79996989,-122.4052518,234.6
streetview_2606_right.jpg,streetview_2606_left.jpg,37.74630965,-122.5006286,88.2
streetview_2607_right.jpg,streetview_2607_left.jpg,37.74705253,-122.4697506,108.3
streetview_2608_right.jpg,streetview_2608_left.jpg,37.7361294,-122.4279927,296.4
streetview_2609_right.jpg,streetview_2609_left.jpg,37.7593711,-122.4872116,58.9
streetview_2610_right.jpg,streetview_2610_left.jpg,37.78018456,-122.4435161,126.0
streetview_2611_right.jpg,streetview_2611_left.jpg,37.74967009,-122.3903753,267.2
streetview_2612_right.jpg,streetview_2612_left.jpg,37.74787181,-122.4374285,33.6
streetview_2613_right.jpg,streetview_2613_left.jpg,37.79604954,-122.3968835,241.4
streetview_2614_right.jpg,streetview_2614_left.jpg,37.75962326,-122.4814935,140.9
streetview_2615_right.jpg,streetview_2615_left.jpg,37.74155063,-122.4629329,40.3
streetview_2616_right.jpg,streetview_2616_left.jpg,37.79209647,-122.4086849,167.2
streetview_2617_right.jpg,streetview_2617_left.jpg,37.73365748,-122.3918907,267.4
streetview_2618_right.jpg,streetview_2618_left.jpg,37.73135579,-122.4554655,40.2
streetview_2619_right.jpg,streetview_2619_left.jpg,37.78694139,-122.3960049,233.2
streetview_2620_right.jpg,streetview_2620_left.jpg,37.76150186,-122.4390503,231.9
streetview_2621_right.jpg,streetview_2621_left.jpg,37.73935208,-122.4747009,89.4
streetview_2622_right.jpg,streetview_2622_left.jpg,37.73957953,-122.446773,221.8
streetview_2623_right.jpg,streetview_2623_left.jpg,37.71787433,-122.4713206,28.5
streetview_2624_right.jpg,streetview_2624_left.jpg,37.79516108,-122.4182209,241.6
streetview_2625_right.jpg,streetview_2625_left.jpg,37.77920905,-122.4555084,209.4
streetview_2626_right.jpg,streetview_2626_left.jpg,37.75858492,-122.4702154,218.5
streetview_2627_right.jpg,streetview_2627_left.jpg,37.73724844,-122.4917119,51.1
streetview_2628_right.jpg,streetview_2628_left.jpg,37.76328754,-122.4509182,239.1
streetview_2629_right.jpg,streetview_2629_left.jpg,37.75371278,-122.4711618,107.3
streetview_2630_right.jpg,streetview_2630_left.jpg,37.74048751,-122.4175263,267.3
streetview_2631_right.jpg,streetview_2631_left.jpg,37.73769813,-122.4914782,105.3
streetview_2632_right.jpg,streetview_2632_left.jpg,37.72546597,-122.4350296,294.6
streetview_2633_right.jpg,streetview_2633_left.jpg,37.73494079,-122.4612127,142.1
streetview_2634_right.jpg,streetview_2634_left.jpg,37.71730815,-122.4438443,43.4
streetview_2635_right.jpg,streetview_2635_left.jpg,37.74080367,-122.4157441,22.5
streetview_2636_right.jpg,streetview_2636_left.jpg,37.76473841,-122.4031937,254.8
streetview_2637_right.jpg,streetview_2637_left.jpg,37.7485311,-122.4785695,133.9
streetview_2638_right.jpg,streetview_2638_left.jpg,37.71516605,-122.4347644,169.4
streetview_2639_right.jpg,streetview_2639_left.jpg,37.70998335,-122.4335413,334.5
streetview_2640_right.jpg,streetview_2640_left.jpg,37.77435369,-122.4723768,65.5
streetview_2641_right.jpg,streetview_2641_left.jpg,37.79397454,-122.4179824,188.6
streetview_2642_right.jpg,streetview_2642_left.jpg,37.74715907,-122.426982,270.8
streetview_2643_right.jpg,streetview_2643_left.jpg,37.74785268,-122.4939289,145.0
streetview_2644_right.jpg,streetview_2644_left.jpg,37.71010938,-122.4605676,343.5
streetview_2645_right.jpg,streetview_2645_left.jpg,37.75788424,-122.4785068,73.8
streetview_2646_right.jpg,streetview_2646_left.jpg,37.76349348,-122.4541111,90.3
streetview_2647_right.jpg,streetview_2647_left.jpg,37.76326632,-122.4060471,152.4
streetview_2648_right.jpg,streetview_2648_left.jpg,37.7532955,-122.3994552,306.8
streetview_2649_right.jpg,streetview_2649_left.jpg,37.78721809,-122.4569236,147.5
streetview_2650_right.jpg,streetview_2650_left.jpg,37.72233778,-122.4046673,286.7
streetview_2651_right.jpg,streetview_2651_left.jpg,37.73233168,-122.4468142,40.3
streetview_2652_right.jpg,streetview_2652_left.jpg,37.76556316,-122.4111203,173.3
streetview_2653_right.jpg,streetview_2653_left.jpg,37.7176435,-122.403993,300.8
streetview_2654_right.jpg,streetview_2654_left.jpg,37.72857941,-122.4271823,324.0
streetview_2655_right.jpg,streetview_2655_left.jpg,37.77807999,-122.4726508,187.3
streetview_2656_right.jpg,streetview_2656_left.jpg,37.73114768,-122.4802984,15.5
streetview_2657_right.jpg,streetview_2657_left.jpg,37.78684534,-122.4607476,138.2
streetview_2658_right.jpg,streetview_2658_left.jpg,37.73151582,-122.3982754,330.9
streetview_2659_right.jpg,streetview_2659_left.jpg,37.79169774,-122.4405868,208.7
streetview_2660_right.jpg,streetview_2660_left.jpg,37.75080096,-122.4688884,46.6
streetview_2661_right.jpg,streetview_2661_left.jpg,37.79466669,-122.4102158,243.7
streetview_2662_right.jpg,streetview_2662_left.jpg,37.76222895,-122.4931433,203.9
streetview_2663_right.jpg,streetview_2663_left.jpg,37.7519995,-122.4988738,123.7
streetview_2664_right.jpg,streetview_2664_left.jpg,37.70986379,-122.4190536,6.2
streetview_2665_right.jpg,streetview_2665_left.jpg,37.73638855,-122.415398,0.4
streetview_2666_right.jpg,streetview_2666_left.jpg,37.76402907,-122.4151749,221.2
streetview_2667_right.jpg,streetview_2667_left.jpg,37.73355889,-122.4488646,294.3
streetview_2668_right.jpg,streetview_2668_left.jpg,37.74139313,-122.4708404,111.6
streetview_2669_right.jpg,streetview_2669_left.jpg,37.71810176,-122.3967268,333.4
streetview_2670_right.jpg,streetview_2670_left.jpg,37.78799282,-122.4409844,191.1
streetview_2671_right.jpg,streetview_2671_left.jpg,37.7521619,-122.4498661,282.7
streetview_2672_right.jpg,streetview_2672_left.jpg,37.76224938,-122.5067612,129.8
streetview_2673_right.jpg,streetview_2673_left.jpg,37.71665465,-122.4376327,358.9
streetview_2674_right.jpg,streetview_2674_left.jpg,37.76226552,-122.4387639,346.9
streetview_2675_right.jpg,streetview_2675_left.jpg,37.77871789,-122.4436229,187.9
streetview_2676_right.jpg,streetview_2676_left.jpg,37.71879141,-122.4540746,77.3
streetview_2677_right.jpg,streetview_2677_left.jpg,37.72433835,-122.4229832,57.9
streetview_2678_right.jpg,streetview_2678_left.jpg,37.73536403,-122.400742,289.3
streetview_2679_right.jpg,streetview_2679_left.jpg,37.74216859,-122.4252748,10.5
streetview_2680_right.jpg,streetview_2680_left.jpg,37.7961729,-122.4126139,223.1
streetview_2681_right.jpg,streetview_2681_left.jpg,37.74700393,-122.470769,212.3
streetview_2682_right.jpg,streetview_2682_left.jpg,37.7324026,-122.4824476,45.0
streetview_2683_right.jpg,streetview_2683_left.jpg,37.77106237,-122.4335976,294.7
streetview_2684_right.jpg,streetview_2684_left.jpg,37.7834205,-122.4676621,182.8
streetview_2685_right.jpg,streetview_2685_left.jpg,37.71846034,-122.471627,18.0
streetview_2686_right.jpg,streetview_2686_left.jpg,37.78568478,-122.443908,172.3
streetview_2687_right.jpg,streetview_2687_left.jpg,37.7796545,-122.4428797,145.7
streetview_2688_right.jpg,streetview_2688_left.jpg,37.73168106,-122.4014691,345.9
streetview_2689_right.jpg,streetview_2689_left.jpg,37.8042118,-122.4245494,194.7
streetview_2690_right.jpg,streetview_2690_left.jpg,37.73306758,-122.448104,163.6
streetview_2691_right.jpg,streetview_2691_left.jpg,37.70982887,-122.4394648,301.0
streetview_2692_right.jpg,streetview_2692_left.jpg,37.72588974,-122.4732724,105.8
streetview_2693_right.jpg,streetview_2693_left.jpg,37.71271234,-122.4145947,68.7
streetview_2694_right.jpg,streetview_2694_left.jpg,37.72027317,-122.3900628,322.6
streetview_2695_right.jpg,streetview_2695_left.jpg,37.7800785,-122.4478915,171.4
streetview_2696_right.jpg,streetview_2696_left.jpg,37.72363778,-122.4370553,203.5
streetview_2697_right.jpg,streetview_2697_left.jpg,37.71296747,-122.4429224,317.8
streetview_2698_right.jpg,streetview_2698_left.jpg,37.74237716,-122.4767079,67.2
streetview_2699_right.jpg,streetview_2699_left.jpg,37.75710273,-122.4324036,243.8
streetview_2700_right.jpg,streetview_2700_left.jpg,37.74199807,-122.4712577,266.8
streetview_2701_right.jpg,streetview_2701_left.jpg,37.74071302,-122.5002332,93.3
streetview_2702_right.jpg,streetview_2702_left.jpg,37.73485432,-122.3731553,286.0
streetview_2703_right.jpg,streetview_2703_left.jpg,37.7452154,-122.4189426,276.6
streetview_2704_right.jpg,streetview_2704_left.jpg,37.75049177,-122.4765247,115.8
streetview_2705_right.jpg,streetview_2705_left.jpg,37.71731527,-122.3898839,355.7
streetview_2706_right.jpg,streetview_2706_left.jpg,37.78664488,-122.3965085,282.5
streetview_2707_right.jpg,streetview_2707_left.jpg,37.79088034,-122.4207371,248.9
streetview_2708_right.jpg,streetview_2708_left.jpg,37.77495814,-122.4727986,57.2
streetview_2709_right.jpg,streetview_2709_left.jpg,37.79941116,-122.424706,247.7
streetview_2710_right.jpg,streetview_2710_left.jpg,37.78161484,-122.4794594,242.6
streetview_2711_right.jpg,streetview_2711_left.jpg,37.77307612,-122.5003314,140.4
streetview_2712_right.jpg,streetview_2712_left.jpg,37.71973037,-122.4446058,238.3
streetview_2713_right.jpg,streetview_2713_left.jpg,37.71006793,-122.4643434,46.8
streetview_2714_right.jpg,streetview_2714_left.jpg,37.73854932,-122.4259661,235.0
streetview_2715_right.jpg,streetview_2715_left.jpg,37.71671397,-122.4653162,15.4
streetview_2716_right.jpg,streetview_2716_left.jpg,37.79749698,-122.4372511,156.6
streetview_2717_right.jpg,streetview_2717_left.jpg,37.7474343,-122.4098506,250.1
streetview_2718_right.jpg,streetview_2718_left.jpg,37.73515182,-122.4526225,60.6
streetview_2719_right.jpg,streetview_2719_left.jpg,37.74277681,-122.4355283,109.4
streetview_2720_right.jpg,streetview_2720_left.jpg,37.73775557,-122.4175064,82.1
streetview_2721_right.jpg,streetview_2721_left.jpg,37.74108498,-122.3873193,247.9
streetview_2722_right.jpg,streetview_2722_left.jpg,37.71611672,-122.465009,0.1
streetview_2723_right.jpg,streetview_2723_left.jpg,37.77905474,-122.4648434,133.4
streetview_2724_right.jpg,streetview_2724_left.jpg,37.72320188,-122.3902316,297.2
streetview_2725_right.jpg,streetview_2725_left.jpg,37.75743739,-122.4745385,170.8
streetview_2726_right.jpg,streetview_2726_left.jpg,37.7096327,-122.4647595,72.5
streetview_2727_right.jpg,streetview_2727_left.jpg,37.72837064,-122.3893455,284.6
streetview_2728_right.jpg,streetview_2728_left.jpg,37.73515853,-122.4223001,287.4
streetview_2729_right.jpg,streetview_2729_left.jpg,37.75443147,-122.5001184,209.4
streetview_2730_right.jpg,streetview_2730_left.jpg,37.75121921,-122.502406,41.2
streetview_2731_right.jpg,streetview_2731_left.jpg,37.8047048,-122.4432243,204.4
streetview_2732_right.jpg,streetview_2732_left.jpg,37.73229893,-122.4847968,80.5
streetview_2733_right.jpg,streetview_2733_left.jpg,37.7389174,-122.4348678,296.7
streetview_2734_right.jpg,streetview_2734_left.jpg,37.75604091,-122.478023,127.8
streetview_2735_right.jpg,streetview_2735_left.jpg,37.74141129,-122.4541598,94.2
streetview_2736_right.jpg,streetview_2736_left.jpg,37.73798675,-122.3957451,336.1
streetview_2737_right.jpg,streetview_2737_left.jpg,37.79344351,-122.4268724,170.1
streetview_2738_right.jpg,streetview_2738_left.jpg,37.73796544,-122.4146376,273.8
streetview_2739_right.jpg,streetview_2739_left.jpg,37.74218065,-122.4953242,84.4
streetview_2740_right.jpg,streetview_2740_left.jpg,37.74362089,-122.4767964,34.1
streetview_2741_right.jpg,streetview_2741_left.jpg,37.78321884,-122.4428463,245.7
streetview_2742_right.jpg,streetview_2742_left.jpg,37.76038882,-122.5066303,108.2
streetview_2743_right.jpg,streetview_2743_left.jpg,37.73267393,-122.4003722,77.7
streetview_2744_right.jpg,streetview_2744_left.jpg,37.73494342,-122.3872595,222.4
streetview_2745_right.jpg,streetview_2745_left.jpg,37.71144499,-122.4143375,324.4
streetview_2746_right.jpg,streetview_2746_left.jpg,37.78469184,-122.4807582,79.7
streetview_2747_right.jpg,streetview_2747_left.jpg,37.79353545,-122.4190191,226.9
streetview_2748_right.jpg,streetview_2748_left.jpg,37.76106945,-122.4628733,53.7
streetview_2749_right.jpg,streetview_2749_left.jpg,37.76827953,-122.4504473,259.2
streetview_2750_right.jpg,streetview_2750_left.jpg,37.76064149,-122.5009129,148.9
streetview_2751_right.jpg,streetview_2751_left.jpg,37.71789434,-122.4683261,19.2
streetview_2752_right.jpg,streetview_2752_left.jpg,37.75956074,-122.4499823,129.1
streetview_2753_right.jpg,streetview_2753_left.jpg,37.73923205,-122.4183128,283.6
streetview_2754_right.jpg,streetview_2754_left.jpg,37.74623189,-122.4548841,150.2
streetview_2755_right.jpg,streetview_2755_left.jpg,37.72462375,-122.4392311,302.4
streetview_2756_right.jpg,streetview_2756_left.jpg,37.75793333,-122.5057412,66.5
streetview_2757_right.jpg,streetview_2757_left.jpg,37.7910158,-122.4095129,245.9
streetview_2758_right.jpg,streetview_2758_left.jpg,37.75877433,-122.5007806,135.9
streetview_2759_right.jpg,streetview_2759_left.jpg,37.73984633,-122.4776052,93.1
streetview_2760_right.jpg,streetview_2760_left.jpg,37.73718338,-122.4155316,242.2
streetview_2761_right.jpg,streetview_2761_left.jpg,37.71756579,-122.4626233,14.2
streetview_2762_right.jpg,streetview_2762_left.jpg,37.78510261,-122.4409702,192.4
streetview_2763_right.jpg,streetview_2763_left.jpg,37.71744365,-122.4598334,24.1
streetview_2764_right.jpg,streetview_2764_left.jpg,37.79857361,-122.4138563,211.0
streetview_2765_right.jpg,streetview_2765_left.jpg,37.73392924,-122.4630466,166.7
streetview_2766_right.jpg,streetview_2766_left.jpg,37.72911531,-122.4616065,281.4
streetview_2767_right.jpg,streetview_2767_left.jpg,37.73291206,-122.4854267,73.9
streetview_2768_right.jpg,streetview_2768_left.jpg,37.75430081,-122.3918072,234.7
streetview_2769_right.jpg,streetview_2769_left.jpg,37.71941289,-122.4540794,309.3
streetview_2770_right.jpg,streetview_2770_left.jpg,37.74943666,-122.500488,115.2
streetview_2771_right.jpg,streetview_2771_left.jpg,37.73521729,-122.4622212,113.6
streetview_2772_right.jpg,streetview_2772_left.jpg,37.71401911,-122.4009404,353.7
streetview_2773_right.jpg,streetview_2773_left.jpg,37.80686021,-122.4138372,165.9
streetview_2774_right.jpg,streetview_2774_left.jpg,37.74574142,-122.3944113,191.6
streetview_2775_right.jpg,streetview_2775_left.jpg,37.71937912,-122.401256,304.1
streetview_2776_right.jpg,streetview_2776_left.jpg,37.76097908,-122.4790806,147.4
streetview_2777_right.jpg,streetview_2777_left.jpg,37.73737718,-122.4599597,267.8
streetview_2778_right.jpg,streetview_2778_left.jpg,37.73639032,-122.4924124,35.8
streetview_2779_right.jpg,streetview_2779_left.jpg,37.79794746,-122.4362153,180.4
streetview_2780_right.jpg,streetview_2780_left.jpg,37.75489046,-122.4366358,90.5
streetview_2781_right.jpg,streetview_2781_left.jpg,37.75464269,-122.4003178,292.7
streetview_2782_right.jpg,streetview_2782_left.jpg,37.77812842,-122.4715823,229.8
streetview_2783_right.jpg,streetview_2783_left.jpg,37.75745238,-122.5024823,58.4
streetview_2784_right.jpg,streetview_2784_left.jpg,37.79741331,-122.4203661,208.9
streetview_2785_right.jpg,streetview_2785_left.jpg,37.76140745,-122.4454977,59.0
streetview_2786_right.jpg,streetview_2786_left.jpg,37.78567422,-122.3944371,214.5
streetview_2787_right.jpg,streetview_2787_left.jpg,37.71058948,-122.4596663,92.4
streetview_2788_right.jpg,streetview_2788_left.jpg,37.70905534,-122.4145894,316.0
streetview_2789_right.jpg,streetview_2789_left.jpg,37.77875911,-122.4996718,110.6
streetview_2790_right.jpg,streetview_2790_left.jpg,37.77385912,-122.4831975,137.9
streetview_2791_right.jpg,streetview_2791_left.jpg,37.71221818,-122.4127172,288.7
streetview_2792_right.jpg,streetview_2792_left.jpg,37.72075878,-122.4446961,339.2
streetview_2793_right.jpg,streetview_2793_left.jpg,37.75467003,-122.4609779,278.6
streetview_2794_right.jpg,streetview_2794_left.jpg,37.75562034,-122.4689345,142.7
streetview_2795_right.jpg,streetview_2795_left.jpg,37.75281506,-122.4662328,132.0
streetview_2796_right.jpg,streetview_2796_left.jpg,37.7115286,-122.4082152,267.0
streetview_2797_right.jpg,streetview_2797_left.jpg,37.70941698,-122.4588611,326.6
streetview_2798_right.jpg,streetview_2798_left.jpg,37.75339404,-122.4955705,63.3
streetview_2799_right.jpg,streetview_2799_left.jpg,37.76390766,-122.469153,180.1
streetview_2800_right.jpg,streetview_2800_left.jpg,37.71292828,-122.4693015,82.3
streetview_2801_right.jpg,streetview_2801_left.jpg,37.71970757,-122.4057075,86.8
streetview_2802_right.jpg,streetview_2802_left.jpg,37.71983268,-122.4029008,291.6
streetview_2803_right.jpg,streetview_2803_left.jpg,37.74080087,-122.4700498,172.0
streetview_2804_right.jpg,streetview_2804_left.jpg,37.70963682,-122.4645104,60.1
streetview_2805_right.jpg,streetview_2805_left.jpg,37.72458379,-122.4316343,1.8
streetview_2806_right.jpg,streetview_2806_left.jpg,37.79014712,-122.4290178,229.2
streetview_2807_right.jpg,streetview_2807_left.jpg,37.76533726,-122.4653207,119.9
streetview_2808_right.jpg,streetview_2808_left.jpg,37.75427923,-122.4410043,229.4
streetview_2809_right.jpg,streetview_2809_left.jpg,37.74067151,-122.4610559,107.1
streetview_2810_right.jpg,streetview_2810_left.jpg,37.7235561,-122.3908557,231.9
streetview_2811_right.jpg,streetview_2811_left.jpg,37.70868343,-122.4148563,328.7
streetview_2812_right.jpg,streetview_2812_left.jpg,37.78136248,-122.4707478,111.5
streetview_2813_right.jpg,streetview_2813_left.jpg,37.77476601,-122.4495688,142.5
streetview_2814_right.jpg,streetview_2814_left.jpg,37.75018353,-122.4257466,202.8
streetview_2815_right.jpg,streetview_2815_left.jpg,37.71854781,-122.4425384,85.4
streetview_2816_right.jpg,streetview_2816_left.jpg,37.72059354,-122.4101473,13.3
streetview_2817_right.jpg,streetview_2817_left.jpg,37.75205196,-122.4007198,291.6
streetview_2818_right.jpg,streetview_2818_left.jpg,37.76186124,-122.432119,351.8
streetview_2819_right.jpg,streetview_2819_left.jpg,37.78162616,-122.4357358,135.6
streetview_2820_right.jpg,streetview_2820_left.jpg,37.74717412,-122.3931088,311.0
streetview_2821_right.jpg,streetview_2821_left.jpg,37.77382957,-122.4319087,230.8
streetview_2822_right.jpg,streetview_2822_left.jpg,37.75028519,-122.4683508,121.9
streetview_2823_right.jpg,streetview_2823_left.jpg,37.73232791,-122.4318481,54.0
streetview_2824_right.jpg,streetview_2824_left.jpg,37.74494675,-122.4099059,145.5
streetview_2825_right.jpg,streetview_2825_left.jpg,37.73227918,-122.3989117,204.6
streetview_2826_right.jpg,streetview_2826_left.jpg,37.72962543,-122.4004484,330.1
streetview_2827_right.jpg,streetview_2827_left.jpg,37.78863656,-122.4433803,183.8
streetview_2828_right.jpg,streetview_2828_left.jpg,37.73753403,-122.4477081,7.4
streetview_2829_right.jpg,streetview_2829_left.jpg,37.79917747,-122.4375909,222.6
streetview_2830_right.jpg,streetview_2830_left.jpg,37.74243484,-122.503581,77.6
streetview_2831_right.jpg,streetview_2831_left.jpg,37.75408172,-122.4365634,134.9
streetview_2832_right.jpg,streetview_2832_left.jpg,37.72874429,-122.4044181,311.1
streetview_2833_right.jpg,streetview_2833_left.jpg,37.78507202,-122.4861667,137.0
streetview_2834_right.jpg,streetview_2834_left.jpg,37.71803776,-122.407163,0.8
streetview_2835_right.jpg,streetview_2835_left.jpg,37.74524322,-122.406711,218.4
streetview_2836_right.jpg,streetview_2836_left.jpg,37.72838729,-122.4235738,306.7
streetview_2837_right.jpg,streetview_2837_left.jpg,37.75701299,-122.4721843,81.7
streetview_2838_right.jpg,streetview_2838_left.jpg,37.7615502,-122.4328334,108.5
streetview_2839_right.jpg,streetview_2839_left.jpg,37.75192955,-122.3964661,238.6
streetview_2840_right.jpg,streetview_2840_left.jpg,37.7225921,-122.4571532,354.4
streetview_2841_right.jpg,streetview_2841_left.jpg,37.77846818,-122.4640881,199.7
streetview_2842_right.jpg,streetview_2842_left.jpg,37.75429861,-122.4750369,29.7
streetview_2843_right.jpg,streetview_2843_left.jpg,37.7587476,-122.4718209,350.2
streetview_2844_right.jpg,streetview_2844_left.jpg,37.78237181,-122.4770063,157.5
streetview_2845_right.jpg,streetview_2845_left.jpg,37.71443327,-122.4413611,303.6
streetview_2846_right.jpg,streetview_2846_left.jpg,37.74222887,-122.4942527,82.7
streetview_2847_right.jpg,streetview_2847_left.jpg,37.75257847,-122.3916037,283.9
streetview_2848_right.jpg,streetview_2848_left.jpg,37.77548075,-122.5091024,122.7
streetview_2849_right.jpg,streetview_2849_left.jpg,37.71791855,-122.3958621,335.6
streetview_2850_right.jpg,streetview_2850_left.jpg,37.798179,-122.4418991,201.3
streetview_2851_right.jpg,streetview_2851_left.jpg,37.75754608,-122.4619247,147.2
streetview_2852_right.jpg,streetview_2852_left.jpg,37.72379499,-122.4344132,247.8
streetview_2853_right.jpg,streetview_2853_left.jpg,37.71429468,-122.4637882,102.0
streetview_2854_right.jpg,streetview_2854_left.jpg,37.70946109,-122.4351014,2.3
streetview_2855_right.jpg,streetview_2855_left.jpg,37.74383856,-122.4333576,110.0
streetview_2856_right.jpg,streetview_2856_left.jpg,37.73345408,-122.3973136,309.9
streetview_2857_right.jpg,streetview_2857_left.jpg,37.78610825,-122.4769194,138.4
streetview_2858_right.jpg,streetview_2858_left.jpg,37.72402159,-122.4072,257.8
streetview_2859_right.jpg,streetview_2859_left.jpg,37.71429237,-122.4640885,206.4
streetview_2860_right.jpg,streetview_2860_left.jpg,37.70960109,-122.467029,342.6
streetview_2861_right.jpg,streetview_2861_left.jpg,37.77836288,-122.4942746,109.0
streetview_2862_right.jpg,streetview_2862_left.jpg,37.75359964,-122.4034327,244.1
streetview_2863_right.jpg,streetview_2863_left.jpg,37.73463953,-122.4528753,176.9
streetview_2864_right.jpg,streetview_2864_left.jpg,37.71977303,-122.4518618,295.9
streetview_2865_right.jpg,streetview_2865_left.jpg,37.73116193,-122.4814798,61.0
streetview_2866_right.jpg,streetview_2866_left.jpg,37.74355855,-122.4531763,149.9
streetview_2867_right.jpg,streetview_2867_left.jpg,37.7349722,-122.4468791,22.4
streetview_2868_right.jpg,streetview_2868_left.jpg,37.8054043,-122.4101737,178.7
streetview_2869_right.jpg,streetview_2869_left.jpg,37.76991918,-122.4091872,169.6
streetview_2870_right.jpg,streetview_2870_left.jpg,37.73013685,-122.3999905,282.7
streetview_2871_right.jpg,streetview_2871_left.jpg,37.7451564,-122.484426,109.3
streetview_2872_right.jpg,streetview_2872_left.jpg,37.72609789,-122.4156459,11.0
streetview_2873_right.jpg,streetview_2873_left.jpg,37.73375894,-122.413767,323.9
streetview_2874_right.jpg,streetview_2874_left.jpg,37.74252009,-122.4218607,210.0
streetview_2875_right.jpg,streetview_2875_left.jpg,37.72037927,-122.4379991,42.5
streetview_2876_right.jpg,streetview_2876_left.jpg,37.7477487,-122.4062705,193.7
streetview_2877_right.jpg,streetview_2877_left.jpg,37.7391969,-122.408914,331.2
streetview_2878_right.jpg,streetview_2878_left.jpg,37.79113452,-122.4450123,193.0
streetview_2879_right.jpg,streetview_2879_left.jpg,37.75567694,-122.4553479,162.1
streetview_2880_right.jpg,streetview_2880_left.jpg,37.71221852,-122.4375823,319.3
streetview_2881_right.jpg,streetview_2881_left.jpg,37.75811237,-122.4874807,132.5
streetview_2882_right.jpg,streetview_2882_left.jpg,37.71022164,-122.4214234,12.3
streetview_2883_right.jpg,streetview_2883_left.jpg,37.7291346,-122.4162232,283.2
streetview_2884_right.jpg,streetview_2884_left.jpg,37.74097544,-122.4801926,117.7
streetview_2885_right.jpg,streetview_2885_left.jpg,37.72905708,-122.4515556,114.6
streetview_2886_right.jpg,streetview_2886_left.jpg,37.72213111,-122.4324031,5.1
streetview_2887_right.jpg,streetview_2887_left.jpg,37.7995505,-122.4236099,154.1
streetview_2888_right.jpg,streetview_2888_left.jpg,37.76108344,-122.3999333,230.6
streetview_2889_right.jpg,streetview_2889_left.jpg,37.75910364,-122.4029871,341.5
streetview_2890_right.jpg,streetview_2890_left.jpg,37.79109147,-122.4165185,257.1
streetview_2891_right.jpg,streetview_2891_left.jpg,37.7771489,-122.4931146,94.6
streetview_2892_right.jpg,streetview_2892_left.jpg,37.77377264,-122.439813,172.6
streetview_2893_right.jpg,streetview_2893_left.jpg,37.73148081,-122.4328207,239.2
streetview_2894_right.jpg,streetview_2894_left.jpg,37.71412891,-122.4696161,21.6
streetview_2895_right.jpg,streetview_2895_left.jpg,37.7541133,-122.4496045,183.4
streetview_2896_right.jpg,streetview_2896_left.jpg,37.71723913,-122.452381,57.5
streetview_2897_right.jpg,streetview_2897_left.jpg,37.73598509,-122.4152284,164.3
streetview_2898_right.jpg,streetview_2898_left.jpg,37.71191478,-122.4066782,290.0
streetview_2899_right.jpg,streetview_2899_left.jpg,37.718279,-122.4287668,72.6
streetview_2900_right.jpg,streetview_2900_left.jpg,37.72406651,-122.405398,303.1
streetview_2901_right.jpg,streetview_2901_left.jpg,37.75646624,-122.4682767,136.8
streetview_2902_right.jpg,streetview_2902_left.jpg,37.72887671,-122.4355531,86.2
streetview_2903_right.jpg,streetview_2903_left.jpg,37.73102563,-122.39487,338.9
streetview_2904_right.jpg,streetview_2904_left.jpg,37.77596807,-122.4167735,214.9
streetview_2905_right.jpg,streetview_2905_left.jpg,37.74795186,-122.4415131,117.4
streetview_2906_right.jpg,streetview_2906_left.jpg,37.73193403,-122.4023827,309.0
streetview_2907_right.jpg,streetview_2907_left.jpg,37.74290089,-122.4194966,294.9
streetview_2908_right.jpg,streetview_2908_left.jpg,37.75299124,-122.4470486,112.4
streetview_2909_right.jpg,streetview_2909_left.jpg,37.73737674,-122.3991174,277.0
streetview_2910_right.jpg,streetview_2910_left.jpg,37.73909765,-122.4169204,1.6
streetview_2911_right.jpg,streetview_2911_left.jpg,37.790304,-122.415126,175.6
streetview_2912_right.jpg,streetview_2912_left.jpg,37.73919622,-122.4101536,1.2
streetview_2913_right.jpg,streetview_2913_left.jpg,37.74559842,-122.409978,165.5
streetview_2914_right.jpg,streetview_2914_left.jpg,37.73278455,-122.4057968,229.9
streetview_2915_right.jpg,streetview_2915_left.jpg,37.71101539,-122.4384383,328.3
streetview_2916_right.jpg,streetview_2916_left.jpg,37.75577398,-122.4734449,120.4
streetview_2917_right.jpg,streetview_2917_left.jpg,37.71919742,-122.3947906,311.8
streetview_2918_right.jpg,streetview_2918_left.jpg,37.78381356,-122.4864307,82.3
streetview_2919_right.jpg,streetview_2919_left.jpg,37.78868015,-122.4405984,213.4
streetview_2920_right.jpg,streetview_2920_left.jpg,37.73076633,-122.4889009,77.2
streetview_2921_right.jpg,streetview_2921_left.jpg,37.74084068,-122.4329464,258.5
streetview_2922_right.jpg,streetview_2922_left.jpg,37.73181514,-122.4888669,142.0
streetview_2923_right.jpg,streetview_2923_left.jpg,37.70916492,-122.4665406,46.9
streetview_2924_right.jpg,streetview_2924_left.jpg,37.75992459,-122.3978813,227.7
streetview_2925_right.jpg,streetview_2925_left.jpg,37.71823198,-122.4557635,64.4
streetview_2926_right.jpg,streetview_2926_left.jpg,37.7236265,-122.4415047,323.6
streetview_2927_right.jpg,streetview_2927_left.jpg,37.78028834,-122.494415,127.0
streetview_2928_right.jpg,streetview_2928_left.jpg,37.75089702,-122.4450707,149.6
streetview_2929_right.jpg,streetview_2929_left.jpg,37.72853415,-122.4285023,43.8
streetview_2930_right.jpg,streetview_2930_left.jpg,37.74793578,-122.4049924,263.8
streetview_2931_right.jpg,streetview_2931_left.jpg,37.74170823,-122.4777357,106.3
streetview_2932_right.jpg,streetview_2932_left.jpg,37.73027332,-122.4283367,306.1
streetview_2933_right.jpg,streetview_2933_left.jpg,37.75624771,-122.4733492,258.9
streetview_2934_right.jpg,streetview_2934_left.jpg,37.75276504,-122.4957051,81.1
streetview_2935_right.jpg,streetview_2935_left.jpg,37.75715717,-122.4603703,278.3
streetview_2936_right.jpg,streetview_2936_left.jpg,37.76231258,-122.5053329,130.6
streetview_2937_right.jpg,streetview_2937_left.jpg,37.73239994,-122.461289,30.9
streetview_2938_right.jpg,streetview_2938_left.jpg,37.79747279,-122.4119451,233.2
streetview_2939_right.jpg,streetview_2939_left.jpg,37.76196091,-122.4718956,23.2
streetview_2940_right.jpg,streetview_2940_left.jpg,37.7867211,-122.4584499,119.7
streetview_2941_right.jpg,streetview_2941_left.jpg,37.75191288,-122.3812901,256.0
streetview_2942_right.jpg,streetview_2942_left.jpg,37.73200751,-122.4818342,84.3
streetview_2943_right.jpg,streetview_2943_left.jpg,37.73856461,-122.3989891,188.4
streetview_2944_right.jpg,streetview_2944_left.jpg,37.71854621,-122.4027361,48.5
streetview_2945_right.jpg,streetview_2945_left.jpg,37.72711882,-122.3904723,329.8
streetview_2946_right.jpg,streetview_2946_left.jpg,37.79983254,-122.4439472,136.9
streetview_2947_right.jpg,streetview_2947_left.jpg,37.76721528,-122.4053764,187.4
streetview_2948_right.jpg,streetview_2948_left.jpg,37.70998257,-122.4147345,310.0
streetview_2949_right.jpg,streetview_2949_left.jpg,37.76105128,-122.4916274,237.9
streetview_2950_right.jpg,streetview_2950_left.jpg,37.76036514,-122.4930125,156.9
streetview_2951_right.jpg,streetview_2951_left.jpg,37.7240604,-122.4733948,51.2
streetview_2952_right.jpg,streetview_2952_left.jpg,37.73856886,-122.450597,0.0
streetview_2953_right.jpg,streetview_2953_left.jpg,37.76889992,-122.4505726,242.8
streetview_2954_right.jpg,streetview_2954_left.jpg,37.75583615,-122.4826645,87.2
streetview_2955_right.jpg,streetview_2955_left.jpg,37.75911355,-122.3971549,209.3
streetview_2956_right.jpg,streetview_2956_left.jpg,37.74280601,-122.4087302,168.1
streetview_2957_right.jpg,streetview_2957_left.jpg,37.73366017,-122.4063001,1.1
streetview_2958_right.jpg,streetview_2958_left.jpg,37.80004239,-122.4046838,197.4
streetview_2959_right.jpg,streetview_2959_left.jpg,37.7222418,-122.4355885,51.9
streetview_2960_right.jpg,streetview_2960_left.jpg,37.74638869,-122.3966511,333.7
streetview_2961_right.jpg,streetview_2961_left.jpg,37.78201063,-122.4189505,234.3
streetview_2962_right.jpg,streetview_2962_left.jpg,37.75059238,-122.4742419,149.5
streetview_2963_right.jpg,streetview_2963_left.jpg,37.72758415,-122.4570883,218.9
streetview_2964_right.jpg,streetview_2964_left.jpg,37.72035095,-122.4644568,89.1
streetview_2965_right.jpg,streetview_2965_left.jpg,37.72069592,-122.4353062,345.8
streetview_2966_right.jpg,streetview_2966_left.jpg,37.7296946,-122.4381955,71.9
streetview_2967_right.jpg,streetview_2967_left.jpg,37.73493782,-122.4178804,21.0
streetview_2968_right.jpg,streetview_2968_left.jpg,37.76120892,-122.405126,112.4
streetview_2969_right.jpg,streetview_2969_left.jpg,37.75324134,-122.3806765,264.2
streetview_2970_right.jpg,streetview_2970_left.jpg,37.74558094,-122.4747864,73.4
streetview_2971_right.jpg,streetview_2971_left.jpg,37.76380896,-122.3972779,286.4
streetview_2972_right.jpg,streetview_2972_left.jpg,37.78340174,-122.4817354,143.9
streetview_2973_right.jpg,streetview_2973_left.jpg,37.75180704,-122.45262,81.5
streetview_2974_right.jpg,streetview_2974_left.jpg,37.75820527,-122.39804,222.8
streetview_2975_right.jpg,streetview_2975_left.jpg,37.7162923,-122.4470689,31.6
streetview_2976_right.jpg,streetview_2976_left.jpg,37.76165845,-122.4117182,263.0
streetview_2977_right.jpg,streetview_2977_left.jpg,37.75557556,-122.4744087,169.1
streetview_2978_right.jpg,streetview_2978_left.jpg,37.7196793,-122.4656443,67.1
streetview_2979_right.jpg,streetview_2979_left.jpg,37.73836381,-122.4096081,337.0
streetview_2980_right.jpg,streetview_2980_left.jpg,37.74728768,-122.4143998,279.7
streetview_2981_right.jpg,streetview_2981_left.jpg,37.75237929,-122.4522655,280.3
streetview_2982_right.jpg,streetview_2982_left.jpg,37.75747516,-122.4877932,57.9
streetview_2983_right.jpg,streetview_2983_left.jpg,37.78792789,-122.4263098,223.6
streetview_2984_right.jpg,streetview_2984_left.jpg,37.7546777,-122.466362,89.2
streetview_2985_right.jpg,streetview_2985_left.jpg,37.75536263,-122.4026275,268.0
streetview_2986_right.jpg,streetview_2986_left.jpg,37.75271649,-122.4967788,100.5
streetview_2987_right.jpg,streetview_2987_left.jpg,37.74021801,-122.4119466,111.3
streetview_2988_right.jpg,streetview_2988_left.jpg,37.7307862,-122.3814214,332.1
streetview_2989_right.jpg,streetview_2989_left.jpg,37.79467355,-122.4243114,154.5
streetview_2990_right.jpg,streetview_2990_left.jpg,37.75547686,-122.4006949,251.4
streetview_2991_right.jpg,streetview_2991_left.jpg,37.7298412,-122.4968878,88.3
streetview_2992_right.jpg,streetview_2992_left.jpg,37.7307801,-122.4575027,22.6
streetview_2993_right.jpg,streetview_2993_left.jpg,37.79182262,-122.4254214,168.7
streetview_2994_right.jpg,streetview_2994_left.jpg,37.72625173,-122.408858,349.6
streetview_2995_right.jpg,streetview_2995_left.jpg,37.79771632,-122.4254875,207.9
streetview_2996_right.jpg,streetview_2996_left.jpg,37.72683964,-122.4730127,73.4
streetview_2997_right.jpg,streetview_2997_left.jpg,37.74104276,-122.4126074,3.5
streetview_2998_right.jpg,streetview_2998_left.jpg,37.80347947,-122.4077368,174.8
streetview_2999_right.jpg,streetview_2999_left.jpg,37.75963268,-122.4027133,341.8
streetview_3000_right.jpg,streetview_3000_left.jpg,37.80099088,-122.4199624,189.3
streetview_3001_right.jpg,streetview_3001_left.jpg,37.74609151,-122.4313419,202.1
streetview_3002_right.jpg,streetview_3002_left.jpg,37.73388792,-122.4376086,76.1
streetview_3003_right.jpg,streetview_3003_left.jpg,37.74017966,-122.4054654,252.3
streetview_3004_right.jpg,streetview_3004_left.jpg,37.72639288,-122.4599715,66.2
streetview_3005_right.jpg,streetview_3005_left.jpg,37.74061075,-122.4191518,324.6
streetview_3006_right.jpg,streetview_3006_left.jpg,37.75515367,-122.4322164,186.8
streetview_3007_right.jpg,streetview_3007_left.jpg,37.71183782,-122.4387239,320.7
streetview_3008_right.jpg,streetview_3008_left.jpg,37.77240519,-122.5013607,125.2
streetview_3009_right.jpg,streetview_3009_left.jpg,37.72719422,-122.4205274,1.9
streetview_3010_right.jpg,streetview_3010_left.jpg,37.73529384,-122.4201917,249.0
streetview_3011_right.jpg,streetview_3011_left.jpg,37.72365197,-122.4585176,335.1
streetview_3012_right.jpg,streetview_3012_left.jpg,37.75970198,-122.479707,68.9
streetview_3013_right.jpg,streetview_3013_left.jpg,37.76517367,-122.4617263,123.6
streetview_3014_right.jpg,streetview_3014_left.jpg,37.72943787,-122.3938687,350.2
streetview_3015_right.jpg,streetview_3015_left.jpg,37.8050641,-122.4103651,244.9
streetview_3016_right.jpg,streetview_3016_left.jpg,37.77397555,-122.4943132,151.9
streetview_3017_right.jpg,streetview_3017_left.jpg,37.7188285,-122.4571377,62.6
streetview_3018_right.jpg,streetview_3018_left.jpg,37.73917003,-122.4075801,226.0
streetview_3019_right.jpg,streetview_3019_left.jpg,37.70865907,-122.4474415,355.1
streetview_3020_right.jpg,streetview_3020_left.jpg,37.78006722,-122.4551519,56.0
streetview_3021_right.jpg,streetview_3021_left.jpg,37.79172652,-122.4332743,150.6
streetview_3022_right.jpg,streetview_3022_left.jpg,37.72450194,-122.3853063,296.7
streetview_3023_right.jpg,streetview_3023_left.jpg,37.73284563,-122.406269,334.6
streetview_3024_right.jpg,streetview_3024_left.jpg,37.7890625,-122.4400571,145.9
streetview_3025_right.jpg,streetview_3025_left.jpg,37.72527276,-122.3855489,340.9
streetview_3026_right.jpg,streetview_3026_left.jpg,37.7993373,-122.4179339,194.4
streetview_3027_right.jpg,streetview_3027_left.jpg,37.73571675,-122.4385308,19.2
streetview_3028_right.jpg,streetview_3028_left.jpg,37.79656749,-122.4117631,190.5
streetview_3029_right.jpg,streetview_3029_left.jpg,37.73179066,-122.4269385,292.6
streetview_3030_right.jpg,streetview_3030_left.jpg,37.75679911,-122.503154,112.8
streetview_3031_right.jpg,streetview_3031_left.jpg,37.72279364,-122.4012467,21.9
streetview_3032_right.jpg,streetview_3032_left.jpg,37.72996875,-122.3976062,290.1
streetview_3033_right.jpg,streetview_3033_left.jpg,37.73873165,-122.4278674,175.1
streetview_3034_right.jpg,streetview_3034_left.jpg,37.72190908,-122.4260314,237.2
streetview_3035_right.jpg,streetview_3035_left.jpg,37.71287399,-122.443729,327.2
streetview_3036_right.jpg,streetview_3036_left.jpg,37.75960748,-122.4818514,123.8
streetview_3037_right.jpg,streetview_3037_left.jpg,37.71807391,-122.4035096,8.7
streetview_3038_right.jpg,streetview_3038_left.jpg,37.76267295,-122.3949053,286.3
streetview_3039_right.jpg,streetview_3039_left.jpg,37.78171636,-122.4773174,211.8
streetview_3040_right.jpg,streetview_3040_left.jpg,37.76031782,-122.4940846,51.7
streetview_3041_right.jpg,streetview_3041_left.jpg,37.80313261,-122.4254554,174.0
streetview_3042_right.jpg,streetview_3042_left.jpg,37.7367934,-122.4166409,354.0
streetview_3043_right.jpg,streetview_3043_left.jpg,37.77888321,-122.4222454,198.3
streetview_3044_right.jpg,streetview_3044_left.jpg,37.71131462,-122.4505059,4.8
streetview_3045_right.jpg,streetview_3045_left.jpg,37.75983053,-122.4453558,199.1
streetview_3046_right.jpg,streetview_3046_left.jpg,37.70893565,-122.4676579,336.6
streetview_3047_right.jpg,streetview_3047_left.jpg,37.76267582,-122.4971156,101.9
streetview_3048_right.jpg,streetview_3048_left.jpg,37.75382058,-122.4442613,123.2
streetview_3049_right.jpg,streetview_3049_left.jpg,37.74476052,-122.4267596,283.9
streetview_3050_right.jpg,streetview_3050_left.jpg,37.75835558,-122.4960969,159.8
streetview_3051_right.jpg,streetview_3051_left.jpg,37.73358795,-122.4845958,94.0
streetview_3052_right.jpg,streetview_3052_left.jpg,37.73003853,-122.4202828,36.0
streetview_3053_right.jpg,streetview_3053_left.jpg,37.75843797,-122.3941768,258.1
streetview_3054_right.jpg,streetview_3054_left.jpg,37.74157404,-122.4949244,101.9
streetview_3055_right.jpg,streetview_3055_left.jpg,37.72699558,-122.4077096,306.7
streetview_3056_right.jpg,streetview_3056_left.jpg,37.74896136,-122.4449283,134.0
streetview_3057_right.jpg,streetview_3057_left.jpg,37.72733939,-122.4165789,346.9
streetview_3058_right.jpg,streetview_3058_left.jpg,37.74189316,-122.4208721,280.9
streetview_3059_right.jpg,streetview_3059_left.jpg,37.75481129,-122.5058796,128.5
streetview_3060_right.jpg,streetview_3060_left.jpg,37.72511278,-122.4586707,68.5
streetview_3061_right.jpg,streetview_3061_left.jpg,37.735346,-122.4258704,47.2
streetview_3062_right.jpg,streetview_3062_left.jpg,37.751222,-122.4041709,254.1
streetview_3063_right.jpg,streetview_3063_left.jpg,37.73157073,-122.4913942,16.6
streetview_3064_right.jpg,streetview_3064_left.jpg,37.77485646,-122.475029,323.9
streetview_3065_right.jpg,streetview_3065_left.jpg,37.7845482,-122.483972,73.1
streetview_3066_right.jpg,streetview_3066_left.jpg,37.7980611,-122.4278051,233.3
streetview_3067_right.jpg,streetview_3067_left.jpg,37.75233638,-122.5053509,117.4
streetview_3068_right.jpg,streetview_3068_left.jpg,37.72506394,-122.4389913,236.7
streetview_3069_right.jpg,streetview_3069_left.jpg,37.71404293,-122.460208,46.6
streetview_3070_right.jpg,streetview_3070_left.jpg,37.74234454,-122.4223957,78.5
streetview_3071_right.jpg,streetview_3071_left.jpg,37.74547798,-122.4028261,278.6
streetview_3072_right.jpg,streetview_3072_left.jpg,37.75695601,-122.4995792,147.0
streetview_3073_right.jpg,streetview_3073_left.jpg,37.73253227,-122.4795126,117.5
streetview_3074_right.jpg,streetview_3074_left.jpg,37.71203049,-122.4297629,343.7
streetview_3075_right.jpg,streetview_3075_left.jpg,37.75835689,-122.4468477,118.4
streetview_3076_right.jpg,streetview_3076_left.jpg,37.73281844,-122.3872277,268.7
streetview_3077_right.jpg,streetview_3077_left.jpg,37.73112831,-122.47853,92.6
streetview_3078_right.jpg,streetview_3078_left.jpg,37.7293176,-122.4275086,5.4
streetview_3079_right.jpg,streetview_3079_left.jpg,37.79949156,-122.4190959,227.7
streetview_3080_right.jpg,streetview_3080_left.jpg,37.77524303,-122.4528494,218.6
streetview_3081_right.jpg,streetview_3081_left.jpg,37.75592203,-122.4723536,85.6
streetview_3082_right.jpg,streetview_3082_left.jpg,37.75821682,-122.4347376,199.9
streetview_3083_right.jpg,streetview_3083_left.jpg,37.73799448,-122.4440165,189.8
streetview_3084_right.jpg,streetview_3084_left.jpg,37.70963063,-122.4502181,49.3
streetview_3085_right.jpg,streetview_3085_left.jpg,37.74120606,-122.4038207,349.2
streetview_3086_right.jpg,streetview_3086_left.jpg,37.79209902,-122.4161603,222.6
streetview_3087_right.jpg,streetview_3087_left.jpg,37.74367647,-122.4725008,85.5
streetview_3088_right.jpg,streetview_3088_left.jpg,37.74774659,-122.4074793,164.2
streetview_3089_right.jpg,streetview_3089_left.jpg,37.73114907,-122.4015222,326.4
streetview_3090_right.jpg,streetview_3090_left.jpg,37.78790304,-122.4491931,172.3
streetview_3091_right.jpg,streetview_3091_left.jpg,37.72076505,-122.4377074,177.2
streetview_3092_right.jpg,streetview_3092_left.jpg,37.71355699,-122.4372689,49.8
streetview_3093_right.jpg,streetview_3093_left.jpg,37.72659498,-122.4177291,334.8
streetview_3094_right.jpg,streetview_3094_left.jpg,37.7742434,-122.4461436,149.1
streetview_3095_right.jpg,streetview_3095_left.jpg,37.7172412,-122.4029657,320.5
streetview_3096_right.jpg,streetview_3096_left.jpg,37.74195639,-122.4287775,45.6
streetview_3097_right.jpg,streetview_3097_left.jpg,37.76220611,-122.4026365,209.2
streetview_3098_right.jpg,streetview_3098_left.jpg,37.72110621,-122.4317266,223.7
streetview_3099_right.jpg,streetview_3099_left.jpg,37.71707699,-122.4365864,207.0
streetview_3100_right.jpg,streetview_3100_left.jpg,37.70974846,-122.4413155,12.7
streetview_3101_right.jpg,streetview_3101_left.jpg,37.73149173,-122.4351355,316.2
streetview_3102_right.jpg,streetview_3102_left.jpg,37.74098179,-122.4466626,200.8
streetview_3103_right.jpg,streetview_3103_left.jpg,37.72986443,-122.4519945,304.9
streetview_3104_right.jpg,streetview_3104_left.jpg,37.76035729,-122.5073434,107.7
streetview_3105_right.jpg,streetview_3105_left.jpg,37.74214141,-122.4354231,208.7
streetview_3106_right.jpg,streetview_3106_left.jpg,37.72058845,-122.450366,167.4
streetview_3107_right.jpg,streetview_3107_left.jpg,37.71805877,-122.4496507,72.8
streetview_3108_right.jpg,streetview_3108_left.jpg,37.73259725,-122.3901365,294.7
streetview_3109_right.jpg,streetview_3109_left.jpg,37.76140895,-122.469337,278.6
streetview_3110_right.jpg,streetview_3110_left.jpg,37.76189456,-122.473406,117.9
streetview_3111_right.jpg,streetview_3111_left.jpg,37.73425683,-122.4074008,304.2
streetview_3112_right.jpg,streetview_3112_left.jpg,37.77739471,-122.4877478,104.9
streetview_3113_right.jpg,streetview_3113_left.jpg,37.76855666,-122.4457842,22.6
streetview_3114_right.jpg,streetview_3114_left.jpg,37.80216842,-122.4280726,244.6
streetview_3115_right.jpg,streetview_3115_left.jpg,37.77422191,-122.5025685,349.2
streetview_3116_right.jpg,streetview_3116_left.jpg,37.78064877,-122.5041139,181.8
streetview_3117_right.jpg,streetview_3117_left.jpg,37.75484295,-122.5051655,115.7
streetview_3118_right.jpg,streetview_3118_left.jpg,37.71768837,-122.407498,318.7
streetview_3119_right.jpg,streetview_3119_left.jpg,37.77562004,-122.4718715,167.7
streetview_3120_right.jpg,streetview_3120_left.jpg,37.72931093,-122.4591525,19.8
streetview_3121_right.jpg,streetview_3121_left.jpg,37.79302475,-122.430159,260.0
streetview_3122_right.jpg,streetview_3122_left.jpg,37.78591357,-122.4812044,170.0
streetview_3123_right.jpg,streetview_3123_left.jpg,37.74075647,-122.4711702,106.0
streetview_3124_right.jpg,streetview_3124_left.jpg,37.7358593,-122.4496085,97.4
streetview_3125_right.jpg,streetview_3125_left.jpg,37.73050612,-122.3979545,217.1
streetview_3126_right.jpg,streetview_3126_left.jpg,37.71140934,-122.4162138,63.2
streetview_3127_right.jpg,streetview_3127_left.jpg,37.72668027,-122.3780395,253.0
streetview_3128_right.jpg,streetview_3128_left.jpg,37.72090841,-122.4018923,296.1
streetview_3129_right.jpg,streetview_3129_left.jpg,37.75378013,-122.4868161,45.2
streetview_3130_right.jpg,streetview_3130_left.jpg,37.77599585,-122.4584787,172.7
streetview_3131_right.jpg,streetview_3131_left.jpg,37.71301907,-122.4483353,52.0
streetview_3132_right.jpg,streetview_3132_left.jpg,37.73806267,-122.4078066,281.4
streetview_3133_right.jpg,streetview_3133_left.jpg,37.74870399,-122.474648,148.5
streetview_3134_right.jpg,streetview_3134_left.jpg,37.71494353,-122.4485085,54.5
streetview_3135_right.jpg,streetview_3135_left.jpg,37.74199022,-122.4006035,300.2
streetview_3136_right.jpg,streetview_3136_left.jpg,37.78190331,-122.4873628,123.1
streetview_3137_right.jpg,streetview_3137_left.jpg,37.73191545,-122.3906047,269.9
streetview_3138_right.jpg,streetview_3138_left.jpg,37.73180019,-122.4488551,116.8
streetview_3139_right.jpg,streetview_3139_left.jpg,37.72639623,-122.4353095,348.8
streetview_3140_right.jpg,streetview_3140_left.jpg,37.77564786,-122.4476392,145.5
streetview_3141_right.jpg,streetview_3141_left.jpg,37.75778238,-122.4320814,17.3
streetview_3142_right.jpg,streetview_3142_left.jpg,37.79177319,-122.418663,207.3
streetview_3143_right.jpg,streetview_3143_left.jpg,37.76495859,-122.4361509,23.4
streetview_3144_right.jpg,streetview_3144_left.jpg,37.80044427,-122.416721,159.8
streetview_3145_right.jpg,streetview_3145_left.jpg,37.73008484,-122.3840377,308.5
streetview_3146_right.jpg,streetview_3146_left.jpg,37.78337037,-122.4687375,165.5
streetview_3147_right.jpg,streetview_3147_left.jpg,37.733998,-122.4525867,144.8
streetview_3148_right.jpg,streetview_3148_left.jpg,37.71498541,-122.4356107,11.1
streetview_3149_right.jpg,streetview_3149_left.jpg,37.79580447,-122.4155423,197.1
streetview_3150_right.jpg,streetview_3150_left.jpg,37.71728742,-122.4460598,76.2
streetview_3151_right.jpg,streetview_3151_left.jpg,37.73134894,-122.3735022,293.4
streetview_3152_right.jpg,streetview_3152_left.jpg,37.75049223,-122.4295391,16.1
streetview_3153_right.jpg,streetview_3153_left.jpg,37.80016878,-122.4113493,239.8
streetview_3154_right.jpg,streetview_3154_left.jpg,37.76151396,-122.4952449,150.3
streetview_3155_right.jpg,streetview_3155_left.jpg,37.71004865,-122.458193,20.2
streetview_3156_right.jpg,streetview_3156_left.jpg,37.80085404,-122.4159942,205.8
streetview_3157_right.jpg,streetview_3157_left.jpg,37.74317714,-122.4511831,120.8
streetview_3158_right.jpg,streetview_3158_left.jpg,37.72801694,-122.4190509,331.5
streetview_3159_right.jpg,streetview_3159_left.jpg,37.78048854,-122.4550704,148.4
streetview_3160_right.jpg,streetview_3160_left.jpg,37.71432447,-122.4036023,57.2
streetview_3161_right.jpg,streetview_3161_left.jpg,37.7270329,-122.3786608,273.6
streetview_3162_right.jpg,streetview_3162_left.jpg,37.73123238,-122.4645381,27.9
streetview_3163_right.jpg,streetview_3163_left.jpg,37.80303186,-122.4164364,233.6
streetview_3164_right.jpg,streetview_3164_left.jpg,37.75176229,-122.5042348,100.9
streetview_3165_right.jpg,streetview_3165_left.jpg,37.73423998,-122.3897116,291.9
streetview_3166_right.jpg,streetview_3166_left.jpg,37.7556093,-122.4570639,182.3
streetview_3167_right.jpg,streetview_3167_left.jpg,37.72002132,-122.4588462,59.8
streetview_3168_right.jpg,streetview_3168_left.jpg,37.73951615,-122.4164696,33.6
streetview_3169_right.jpg,streetview_3169_left.jpg,37.75903095,-122.400057,318.0
streetview_3170_right.jpg,streetview_3170_left.jpg,37.76214777,-122.4036021,194.6
streetview_3171_right.jpg,streetview_3171_left.jpg,37.73467603,-122.4126424,302.2
streetview_3172_right.jpg,streetview_3172_left.jpg,37.78017496,-122.5040793,164.0
streetview_3173_right.jpg,streetview_3173_left.jpg,37.73363605,-122.4872431,110.1
streetview_3174_right.jpg,streetview_3174_left.jpg,37.71749047,-122.4315492,340.3
streetview_3175_right.jpg,streetview_3175_left.jpg,37.75062981,-122.4465887,355.8
streetview_3176_right.jpg,streetview_3176_left.jpg,37.77600015,-122.4489406,228.8
streetview_3177_right.jpg,streetview_3177_left.jpg,37.74473137,-122.4940695,92.7
streetview_3178_right.jpg,streetview_3178_left.jpg,37.74235633,-122.430984,335.2
streetview_3179_right.jpg,streetview_3179_left.jpg,37.77383264,-122.4493776,35.2
streetview_3180_right.jpg,streetview_3180_left.jpg,37.80346301,-122.422947,196.1
streetview_3181_right.jpg,streetview_3181_left.jpg,37.75715621,-122.4397968,229.9
streetview_3182_right.jpg,streetview_3182_left.jpg,37.74396552,-122.4595972,105.7
streetview_3183_right.jpg,streetview_3183_left.jpg,37.72962715,-122.3952012,299.2
streetview_3184_right.jpg,streetview_3184_left.jpg,37.77846667,-122.5061052,130.6
streetview_3185_right.jpg,streetview_3185_left.jpg,37.75376509,-122.469638,123.5
streetview_3186_right.jpg,streetview_3186_left.jpg,37.72776091,-122.4200351,290.6
streetview_3187_right.jpg,streetview_3187_left.jpg,37.74971744,-122.494059,46.2
streetview_3188_right.jpg,streetview_3188_left.jpg,37.80437537,-122.4217698,190.9
streetview_3189_right.jpg,streetview_3189_left.jpg,37.72604232,-122.440797,3.4
streetview_3190_right.jpg,streetview_3190_left.jpg,37.77025292,-122.4374725,284.5
streetview_3191_right.jpg,streetview_3191_left.jpg,37.77846914,-122.4777987,184.5
streetview_3192_right.jpg,streetview_3192_left.jpg,37.76158622,-122.479481,86.2
streetview_3193_right.jpg,streetview_3193_left.jpg,37.7650538,-122.4123633,174.7
streetview_3194_right.jpg,streetview_3194_left.jpg,37.71611884,-122.4065915,343.9
streetview_3195_right.jpg,streetview_3195_left.jpg,37.79927561,-122.4370473,145.3
streetview_3196_right.jpg,streetview_3196_left.jpg,37.77555275,-122.4162528,352.2
streetview_3197_right.jpg,streetview_3197_left.jpg,37.79528703,-122.4196543,226.1
streetview_3198_right.jpg,streetview_3198_left.jpg,37.756352,-122.4708314,10.7
streetview_3199_right.jpg,streetview_3199_left.jpg,37.77967966,-122.465246,214.5
streetview_3200_right.jpg,streetview_3200_left.jpg,37.74595543,-122.4945143,99.4
streetview_3201_right.jpg,streetview_3201_left.jpg,37.73842031,-122.4371301,321.9
streetview_3202_right.jpg,streetview_3202_left.jpg,37.77672146,-122.4751649,163.1
streetview_3203_right.jpg,streetview_3203_left.jpg,37.71929893,-122.4530762,348.3
streetview_3204_right.jpg,streetview_3204_left.jpg,37.7585504,-122.4633992,36.4
streetview_3205_right.jpg,streetview_3205_left.jpg,37.80186487,-122.4229516,219.1
streetview_3206_right.jpg,streetview_3206_left.jpg,37.76489291,-122.4609893,194.2
streetview_3207_right.jpg,streetview_3207_left.jpg,37.72881023,-122.4725735,73.2
streetview_3208_right.jpg,streetview_3208_left.jpg,37.74406538,-122.4086452,112.8
streetview_3209_right.jpg,streetview_3209_left.jpg,37.73434421,-122.3794254,275.3
streetview_3210_right.jpg,streetview_3210_left.jpg,37.74166087,-122.478806,135.3
streetview_3211_right.jpg,streetview_3211_left.jpg,37.71587714,-122.4465508,60.5
streetview_3212_right.jpg,streetview_3212_left.jpg,37.73383704,-122.4064017,245.9
streetview_3213_right.jpg,streetview_3213_left.jpg,37.71270217,-122.4661684,359.2
streetview_3214_right.jpg,streetview_3214_left.jpg,37.78468039,-122.4673956,171.4
streetview_3215_right.jpg,streetview_3215_left.jpg,37.7206362,-122.4551094,13.8
streetview_3216_right.jpg,streetview_3216_left.jpg,37.74144666,-122.4486424,17.1
streetview_3217_right.jpg,streetview_3217_left.jpg,37.76176504,-122.4407415,179.1
streetview_3218_right.jpg,streetview_3218_left.jpg,37.70934607,-122.4397501,49.8
streetview_3219_right.jpg,streetview_3219_left.jpg,37.73455963,-122.4020585,305.0
streetview_3220_right.jpg,streetview_3220_left.jpg,37.75839326,-122.4450588,319.7
streetview_3221_right.jpg,streetview_3221_left.jpg,37.77486128,-122.4627524,150.2
streetview_3222_right.jpg,streetview_3222_left.jpg,37.73108078,-122.4311095,301.1
streetview_3223_right.jpg,streetview_3223_left.jpg,37.75009431,-122.4710155,153.8
streetview_3224_right.jpg,streetview_3224_left.jpg,37.72813393,-122.4573326,314.9
streetview_3225_right.jpg,streetview_3225_left.jpg,37.75955331,-122.4972538,111.1
streetview_3226_right.jpg,streetview_3226_left.jpg,37.72562732,-122.3861685,341.0
streetview_3227_right.jpg,streetview_3227_left.jpg,37.79656833,-122.4170592,206.1
streetview_3228_right.jpg,streetview_3228_left.jpg,37.75078845,-122.4454228,201.0
streetview_3229_right.jpg,streetview_3229_left.jpg,37.71537038,-122.4626009,105.7
streetview_3230_right.jpg,streetview_3230_left.jpg,37.71065343,-122.4414507,76.6
streetview_3231_right.jpg,streetview_3231_left.jpg,37.72115222,-122.3854885,313.7
streetview_3232_right.jpg,streetview_3232_left.jpg,37.77799455,-122.4608293,160.0
streetview_3233_right.jpg,streetview_3233_left.jpg,37.71003015,-122.4295504,320.9
streetview_3234_right.jpg,streetview_3234_left.jpg,37.72313109,-122.4430268,206.8
streetview_3235_right.jpg,streetview_3235_left.jpg,37.70900471,-122.4520591,57.3
streetview_3236_right.jpg,streetview_3236_left.jpg,37.72676741,-122.4170699,23.1
streetview_3237_right.jpg,streetview_3237_left.jpg,37.74797917,-122.4056108,260.7
streetview_3238_right.jpg,streetview_3238_left.jpg,37.73954397,-122.4703363,96.7
streetview_3239_right.jpg,streetview_3239_left.jpg,37.73459327,-122.4174975,106.8
streetview_3240_right.jpg,streetview_3240_left.jpg,37.72702041,-122.3858567,291.9
streetview_3241_right.jpg,streetview_3241_left.jpg,37.75476628,-122.4732775,278.5
streetview_3242_right.jpg,streetview_3242_left.jpg,37.75857111,-122.5054278,115.2
streetview_3243_right.jpg,streetview_3243_left.jpg,37.73196612,-122.4339747,61.2
streetview_3244_right.jpg,streetview_3244_left.jpg,37.73728862,-122.4217473,334.1
streetview_3245_right.jpg,streetview_3245_left.jpg,37.78039134,-122.4482385,116.8
streetview_3246_right.jpg,streetview_3246_left.jpg,37.75325851,-122.3803801,264.8
streetview_3247_right.jpg,streetview_3247_left.jpg,37.74430641,-122.503713,35.6
streetview_3248_right.jpg,streetview_3248_left.jpg,37.78404263,-122.4677071,227.3
streetview_3249_right.jpg,streetview_3249_left.jpg,37.76380171,-122.4954051,113.0
streetview_3250_right.jpg,streetview_3250_left.jpg,37.74186719,-122.430249,171.6
streetview_3251_right.jpg,streetview_3251_left.jpg,37.72527017,-122.4271573,325.7
streetview_3252_right.jpg,streetview_3252_left.jpg,37.75229082,-122.450441,147.1
streetview_3253_right.jpg,streetview_3253_left.jpg,37.72961805,-122.4318616,282.9
streetview_3254_right.jpg,streetview_3254_left.jpg,37.74096521,-122.494417,94.7
streetview_3255_right.jpg,streetview_3255_left.jpg,37.74059668,-122.4887626,43.1
streetview_3256_right.jpg,streetview_3256_left.jpg,37.80664746,-122.410423,227.7
streetview_3257_right.jpg,streetview_3257_left.jpg,37.74262721,-122.499294,43.6
streetview_3258_right.jpg,streetview_3258_left.jpg,37.79812459,-122.4323177,195.0
streetview_3259_right.jpg,streetview_3259_left.jpg,37.71574671,-122.4602472,352.4
streetview_3260_right.jpg,streetview_3260_left.jpg,37.72866923,-122.4624301,347.3
streetview_3261_right.jpg,streetview_3261_left.jpg,37.77544574,-122.4757847,106.2
streetview_3262_right.jpg,streetview_3262_left.jpg,37.76917179,-122.4484407,121.7
streetview_3263_right.jpg,streetview_3263_left.jpg,37.75964299,-122.4289296,160.8
streetview_3264_right.jpg,streetview_3264_left.jpg,37.72911781,-122.4155079,37.2
streetview_3265_right.jpg,streetview_3265_left.jpg,37.73916829,-122.4058493,281.8
streetview_3266_right.jpg,streetview_3266_left.jpg,37.75056878,-122.4747776,112.6
streetview_3267_right.jpg,streetview_3267_left.jpg,37.72997236,-122.4122135,269.2
streetview_3268_right.jpg,streetview_3268_left.jpg,37.72962525,-122.444277,356.6
streetview_3269_right.jpg,streetview_3269_left.jpg,37.78855957,-122.4487638,175.3
streetview_3270_right.jpg,streetview_3270_left.jpg,37.71172968,-122.4407675,14.2
streetview_3271_right.jpg,streetview_3271_left.jpg,37.73843642,-122.4322484,198.4
streetview_3272_right.jpg,streetview_3272_left.jpg,37.71432524,-122.4424105,359.4
streetview_3273_right.jpg,streetview_3273_left.jpg,37.78544411,-122.4432956,211.0
streetview_3274_right.jpg,streetview_3274_left.jpg,37.75724626,-122.4647523,110.7
streetview_3275_right.jpg,streetview_3275_left.jpg,37.73866467,-122.4024963,304.8
streetview_3276_right.jpg,streetview_3276_left.jpg,37.78273703,-122.4827681,173.2
streetview_3277_right.jpg,streetview_3277_left.jpg,37.74671273,-122.4773689,57.8
streetview_3278_right.jpg,streetview_3278_left.jpg,37.78913798,-122.3921342,247.4
streetview_3279_right.jpg,streetview_3279_left.jpg,37.76173345,-122.4751944,112.6
streetview_3280_right.jpg,streetview_3280_left.jpg,37.74298001,-122.4182636,268.6
streetview_3281_right.jpg,streetview_3281_left.jpg,37.74185106,-122.4745255,93.4
streetview_3282_right.jpg,streetview_3282_left.jpg,37.73829156,-122.4001742,289.6
streetview_3283_right.jpg,streetview_3283_left.jpg,37.75800762,-122.4701751,112.4
streetview_3284_right.jpg,streetview_3284_left.jpg,37.73217177,-122.391057,302.9
streetview_3285_right.jpg,streetview_3285_left.jpg,37.77430213,-122.4735059,170.9
streetview_3286_right.jpg,streetview_3286_left.jpg,37.71657435,-122.4618122,86.3
streetview_3287_right.jpg,streetview_3287_left.jpg,37.72009007,-122.3930297,279.2
streetview_3288_right.jpg,streetview_3288_left.jpg,37.7321821,-122.4874348,25.4
streetview_3289_right.jpg,streetview_3289_left.jpg,37.74921566,-122.4771849,135.5
streetview_3290_right.jpg,streetview_3290_left.jpg,37.71527065,-122.4350491,81.9
streetview_3291_right.jpg,streetview_3291_left.jpg,37.71976342,-122.3952312,289.4
streetview_3292_right.jpg,streetview_3292_left.jpg,37.72038423,-122.3974654,294.7
streetview_3293_right.jpg,streetview_3293_left.jpg,37.73810877,-122.4463059,73.5
streetview_3294_right.jpg,streetview_3294_left.jpg,37.74708837,-122.408038,237.4
streetview_3295_right.jpg,streetview_3295_left.jpg,37.73973097,-122.4226093,227.6
streetview_3296_right.jpg,streetview_3296_left.jpg,37.7256514,-122.4421192,60.5
streetview_3297_right.jpg,streetview_3297_left.jpg,37.7457624,-122.3972195,278.6
streetview_3298_right.jpg,streetview_3298_left.jpg,37.75461594,-122.4710251,61.3
streetview_3299_right.jpg,streetview_3299_left.jpg,37.78730181,-122.3955188,247.3
streetview_3300_right.jpg,streetview_3300_left.jpg,37.76514197,-122.4624411,216.4
streetview_3301_right.jpg,streetview_3301_left.jpg,37.75595596,-122.4710168,85.6
streetview_3302_right.jpg,streetview_3302_left.jpg,37.75788625,-122.4392445,183.5
streetview_3303_right.jpg,streetview_3303_left.jpg,37.71462569,-122.4425852,315.5
streetview_3304_right.jpg,streetview_3304_left.jpg,37.7500491,-122.4865559,114.2
streetview_3305_right.jpg,streetview_3305_left.jpg,37.71977851,-122.4014219,326.3
streetview_3306_right.jpg,streetview_3306_left.jpg,37.78081064,-122.452975,121.4
streetview_3307_right.jpg,streetview_3307_left.jpg,37.75472986,-122.3988732,337.6
streetview_3308_right.jpg,streetview_3308_left.jpg,37.80031024,-122.4226383,155.0
streetview_3309_right.jpg,streetview_3309_left.jpg,37.74651557,-122.390904,272.4
streetview_3310_right.jpg,streetview_3310_left.jpg,37.74909152,-122.4685561,15.9
streetview_3311_right.jpg,streetview_3311_left.jpg,37.77689552,-122.4585432,38.6
streetview_3312_right.jpg,streetview_3312_left.jpg,37.79091026,-122.4444068,173.1
streetview_3313_right.jpg,streetview_3313_left.jpg,37.72212355,-122.4338612,106.4
streetview_3314_right.jpg,streetview_3314_left.jpg,37.71483248,-122.4026269,323.4
streetview_3315_right.jpg,streetview_3315_left.jpg,37.75316151,-122.4386666,9.6
streetview_3316_right.jpg,streetview_3316_left.jpg,37.79691847,-122.4292616,246.8
streetview_3317_right.jpg,streetview_3317_left.jpg,37.77672453,-122.4887737,81.7
streetview_3318_right.jpg,streetview_3318_left.jpg,37.78750783,-122.3952572,221.5
streetview_3319_right.jpg,streetview_3319_left.jpg,37.73178322,-122.4575885,82.2
streetview_3320_right.jpg,streetview_3320_left.jpg,37.73663838,-122.4128811,103.9
streetview_3321_right.jpg,streetview_3321_left.jpg,37.72884008,-122.3729544,285.1
streetview_3322_right.jpg,streetview_3322_left.jpg,37.75676769,-122.5038685,99.9
streetview_3323_right.jpg,streetview_3323_left.jpg,37.74333205,-122.4069604,330.8
streetview_3324_right.jpg,streetview_3324_left.jpg,37.78152567,-122.4340239,185.3
streetview_3325_right.jpg,streetview_3325_left.jpg,37.75917524,-122.4366659,299.2
streetview_3326_right.jpg,streetview_3326_left.jpg,37.77894566,-122.4814136,72.0
streetview_3327_right.jpg,streetview_3327_left.jpg,37.79214363,-122.4299833,306.6
streetview_3328_right.jpg,streetview_3328_left.jpg,37.79964823,-122.4427678,173.3
streetview_3329_right.jpg,streetview_3329_left.jpg,37.73070142,-122.4324801,93.3
streetview_3330_right.jpg,streetview_3330_left.jpg,37.7282906,-122.3791069,291.7
streetview_3331_right.jpg,streetview_3331_left.jpg,37.75590797,-122.4668063,4.4
streetview_3332_right.jpg,streetview_3332_left.jpg,37.78802592,-122.4637003,134.9
streetview_3333_right.jpg,streetview_3333_left.jpg,37.7390801,-122.4015623,272.1
streetview_3334_right.jpg,streetview_3334_left.jpg,37.74078147,-122.461057,167.4
streetview_3335_right.jpg,streetview_3335_left.jpg,37.7255518,-122.4567687,97.3
streetview_3336_right.jpg,streetview_3336_left.jpg,37.72000529,-122.4022444,80.1
streetview_3337_right.jpg,streetview_3337_left.jpg,37.72232907,-122.3853703,307.6
streetview_3338_right.jpg,streetview_3338_left.jpg,37.76417409,-122.4541928,248.7
streetview_3339_right.jpg,streetview_3339_left.jpg,37.7595444,-122.4692072,152.6
streetview_3340_right.jpg,streetview_3340_left.jpg,37.71508008,-122.4400485,279.7
streetview_3341_right.jpg,streetview_3341_left.jpg,37.71811562,-122.462627,337.9
streetview_3342_right.jpg,streetview_3342_left.jpg,37.76135029,-122.4848416,107.7
streetview_3343_right.jpg,streetview_3343_left.jpg,37.75854871,-122.473716,141.4
streetview_3344_right.jpg,streetview_3344_left.jpg,37.72935751,-122.4442747,279.7
streetview_3345_right.jpg,streetview_3345_left.jpg,37.73742396,-122.5043036,119.0
streetview_3346_right.jpg,streetview_3346_left.jpg,37.71231999,-122.4469912,33.3
streetview_3347_right.jpg,streetview_3347_left.jpg,37.74543204,-122.4194794,250.7
streetview_3348_right.jpg,streetview_3348_left.jpg,37.73867313,-122.4438114,124.0
streetview_3349_right.jpg,streetview_3349_left.jpg,37.72599289,-122.4200308,21.9
streetview_3350_right.jpg,streetview_3350_left.jpg,37.74781578,-122.408954,262.7
streetview_3351_right.jpg,streetview_3351_left.jpg,37.74328741,-122.4536606,18.4
streetview_3352_right.jpg,streetview_3352_left.jpg,37.79362362,-122.4325296,194.9
streetview_3353_right.jpg,streetview_3353_left.jpg,37.73513256,-122.4521528,307.9
streetview_3354_right.jpg,streetview_3354_left.jpg,37.74697578,-122.4714074,55.4
streetview_3355_right.jpg,streetview_3355_left.jpg,37.7637423,-122.440676,182.7
streetview_3356_right.jpg,streetview_3356_left.jpg,37.75245487,-122.4413453,132.2
streetview_3357_right.jpg,streetview_3357_left.jpg,37.72187661,-122.3987753,355.7
streetview_3358_right.jpg,streetview_3358_left.jpg,37.75965213,-122.4023905,301.6
streetview_3359_right.jpg,streetview_3359_left.jpg,37.78291488,-122.4502359,171.1
streetview_3360_right.jpg,streetview_3360_left.jpg,37.75466569,-122.4446145,11.7
streetview_3361_right.jpg,streetview_3361_left.jpg,37.79151831,-122.4349169,181.7
streetview_3362_right.jpg,streetview_3362_left.jpg,37.77272332,-122.435614,156.2
streetview_3363_right.jpg,streetview_3363_left.jpg,37.71444,-122.4031718,316.7
streetview_3364_right.jpg,streetview_3364_left.jpg,37.74939081,-122.4448049,238.1
streetview_3365_right.jpg,streetview_3365_left.jpg,37.74482059,-122.4541071,111.8
streetview_3366_right.jpg,streetview_3366_left.jpg,37.73918524,-122.4363316,96.0
streetview_3367_right.jpg,streetview_3367_left.jpg,37.73506728,-122.3871494,295.8
streetview_3368_right.jpg,streetview_3368_left.jpg,37.76415822,-122.4634467,288.8
streetview_3369_right.jpg,streetview_3369_left.jpg,37.77535222,-122.5051603,150.4
streetview_3370_right.jpg,streetview_3370_left.jpg,37.71613939,-122.4626693,38.6
streetview_3371_right.jpg,streetview_3371_left.jpg,37.73430475,-122.4443192,65.2
streetview_3372_right.jpg,streetview_3372_left.jpg,37.75281248,-122.3936395,202.8
streetview_3373_right.jpg,streetview_3373_left.jpg,37.72505231,-122.4083586,46.2
streetview_3374_right.jpg,streetview_3374_left.jpg,37.74087642,-122.3875074,305.1
streetview_3375_right.jpg,streetview_3375_left.jpg,37.78419481,-122.4655736,129.2
streetview_3376_right.jpg,streetview_3376_left.jpg,37.73486959,-122.3891384,358.7
streetview_3377_right.jpg,streetview_3377_left.jpg,37.75198771,-122.3896437,233.8
streetview_3378_right.jpg,streetview_3378_left.jpg,37.73005562,-122.4275681,305.5
streetview_3379_right.jpg,streetview_3379_left.jpg,37.75617237,-122.4739163,268.6
streetview_3380_right.jpg,streetview_3380_left.jpg,37.75567404,-122.5002051,104.8
streetview_3381_right.jpg,streetview_3381_left.jpg,37.74635195,-122.4557487,33.1
streetview_3382_right.jpg,streetview_3382_left.jpg,37.79418339,-122.4163398,244.2
streetview_3383_right.jpg,streetview_3383_left.jpg,37.78174166,-122.4489499,16.6
streetview_3384_right.jpg,streetview_3384_left.jpg,37.78824173,-122.4465002,211.0
streetview_3385_right.jpg,streetview_3385_left.jpg,37.75184523,-122.47415,306.4
streetview_3386_right.jpg,streetview_3386_left.jpg,37.75706,-122.4831072,129.3
streetview_3387_right.jpg,streetview_3387_left.jpg,37.71001602,-122.4105379,314.6
streetview_3388_right.jpg,streetview_3388_left.jpg,37.72907355,-122.4350071,188.4
streetview_3389_right.jpg,streetview_3389_left.jpg,37.72284756,-122.4361708,354.0
streetview_3390_right.jpg,streetview_3390_left.jpg,37.7594584,-122.4410395,145.9
streetview_3391_right.jpg,streetview_3391_left.jpg,37.7131177,-122.4013208,18.5
streetview_3392_right.jpg,streetview_3392_left.jpg,37.73851626,-122.3905708,326.5
streetview_3393_right.jpg,streetview_3393_left.jpg,37.78267353,-122.4275097,156.2
streetview_3394_right.jpg,streetview_3394_left.jpg,37.72105156,-122.3931027,288.9
streetview_3395_right.jpg,streetview_3395_left.jpg,37.73143365,-122.431576,95.5
streetview_3396_right.jpg,streetview_3396_left.jpg,37.72830507,-122.3903467,345.0
streetview_3397_right.jpg,streetview_3397_left.jpg,37.76015441,-122.401105,286.9
streetview_3398_right.jpg,streetview_3398_left.jpg,37.78173861,-122.4909309,146.0
streetview_3399_right.jpg,streetview_3399_left.jpg,37.75641835,-122.4693478,350.0
streetview_3400_right.jpg,streetview_3400_left.jpg,37.7755455,-122.473596,142.3
streetview_3401_right.jpg,streetview_3401_left.jpg,37.7278402,-122.4269971,309.3
streetview_3402_right.jpg,streetview_3402_left.jpg,37.74185057,-122.4486427,9.6
streetview_3403_right.jpg,streetview_3403_left.jpg,37.77940995,-122.4405718,228.4
streetview_3404_right.jpg,streetview_3404_left.jpg,37.74226034,-122.4935385,62.3
streetview_3405_right.jpg,streetview_3405_left.jpg,37.74993144,-122.4750915,127.2
streetview_3406_right.jpg,streetview_3406_left.jpg,37.73574366,-122.45148,206.6
streetview_3407_right.jpg,streetview_3407_left.jpg,37.71672959,-122.4635161,28.7
streetview_3408_right.jpg,streetview_3408_left.jpg,37.7397731,-122.4475458,206.6
streetview_3409_right.jpg,streetview_3409_left.jpg,37.72877815,-122.4545107,66.3
streetview_3410_right.jpg,streetview_3410_left.jpg,37.74496287,-122.4079267,322.4
streetview_3411_right.jpg,streetview_3411_left.jpg,37.78173425,-122.4437012,216.4
streetview_3412_right.jpg,streetview_3412_left.jpg,37.76041701,-122.4635433,120.2
streetview_3413_right.jpg,streetview_3413_left.jpg,37.74151223,-122.4225125,133.0
streetview_3414_right.jpg,streetview_3414_left.jpg,37.72109021,-122.3948372,254.7
streetview_3415_right.jpg,streetview_3415_left.jpg,37.7106907,-122.4428999,353.7
streetview_3416_right.jpg,streetview_3416_left.jpg,37.76078765,-122.4499195,144.0
streetview_3417_right.jpg,streetview_3417_left.jpg,37.74019204,-122.431024,308.1
streetview_3418_right.jpg,streetview_3418_left.jpg,37.77435114,-122.4860995,152.0
streetview_3419_right.jpg,streetview_3419_left.jpg,37.71434391,-122.4457602,30.4
streetview_3420_right.jpg,streetview_3420_left.jpg,37.7358318,-122.4298109,195.0
streetview_3421_right.jpg,streetview_3421_left.jpg,37.71155407,-122.4380565,302.3
streetview_3422_right.jpg,streetview_3422_left.jpg,37.74487944,-122.5048295,105.0
streetview_3423_right.jpg,streetview_3423_left.jpg,37.72946877,-122.4321198,54.9
streetview_3424_right.jpg,streetview_3424_left.jpg,37.74978051,-122.3956177,241.9
streetview_3425_right.jpg,streetview_3425_left.jpg,37.73211099,-122.4374486,283.9
streetview_3426_right.jpg,streetview_3426_left.jpg,37.74393843,-122.4979512,85.0
streetview_3427_right.jpg,streetview_3427_left.jpg,37.75054443,-122.4027752,216.5
streetview_3428_right.jpg,streetview_3428_left.jpg,37.70845544,-122.4421914,33.6
streetview_3429_right.jpg,streetview_3429_left.jpg,37.73024372,-122.4238727,355.1
streetview_3430_right.jpg,streetview_3430_left.jpg,37.7929548,-122.4307049,250.6
streetview_3431_right.jpg,streetview_3431_left.jpg,37.77973588,-122.4782466,128.7
streetview_3432_right.jpg,streetview_3432_left.jpg,37.75531563,-122.4396359,310.1
streetview_3433_right.jpg,streetview_3433_left.jpg,37.78631512,-122.4862473,110.5
streetview_3434_right.jpg,streetview_3434_left.jpg,37.77542243,-122.4494098,171.7
streetview_3435_right.jpg,streetview_3435_left.jpg,37.72929582,-122.4409501,59.6
streetview_3436_right.jpg,streetview_3436_left.jpg,37.74547313,-122.4060358,350.2
streetview_3437_right.jpg,streetview_3437_left.jpg,37.79472883,-122.4168096,241.4
streetview_3438_right.jpg,streetview_3438_left.jpg,37.75880551,-122.5000672,123.4
streetview_3439_right.jpg,streetview_3439_left.jpg,37.7378519,-122.4598886,17.9
streetview_3440_right.jpg,streetview_3440_left.jpg,37.74507242,-122.4569413,108.8
streetview_3441_right.jpg,streetview_3441_left.jpg,37.73462556,-122.4181178,288.8
streetview_3442_right.jpg,streetview_3442_left.jpg,37.73746507,-122.428667,93.8
streetview_3443_right.jpg,streetview_3443_left.jpg,37.73574169,-122.39568,262.7
streetview_3444_right.jpg,streetview_3444_left.jpg,37.73206167,-122.4317258,91.8
streetview_3445_right.jpg,streetview_3445_left.jpg,37.73114976,-122.3957346,291.3
streetview_3446_right.jpg,streetview_3446_left.jpg,37.74387634,-122.4369857,346.1
streetview_3447_right.jpg,streetview_3447_left.jpg,37.78379114,-122.4494756,190.2
streetview_3448_right.jpg,streetview_3448_left.jpg,37.71008539,-122.4661904,33.7
streetview_3449_right.jpg,streetview_3449_left.jpg,37.74190622,-122.439399,354.2
streetview_3450_right.jpg,streetview_3450_left.jpg,37.77947977,-122.4442581,136.1
streetview_3451_right.jpg,streetview_3451_left.jpg,37.73755041,-122.3933254,322.9
streetview_3452_right.jpg,streetview_3452_left.jpg,37.78107533,-122.4350564,345.7
streetview_3453_right.jpg,streetview_3453_left.jpg,37.79953454,-122.441032,187.0
streetview_3454_right.jpg,streetview_3454_left.jpg,37.72905572,-122.4519919,359.1
streetview_3455_right.jpg,streetview_3455_left.jpg,37.77549464,-122.4529006,184.2
streetview_3456_right.jpg,streetview_3456_left.jpg,37.72593474,-122.457515,211.1
streetview_3457_right.jpg,streetview_3457_left.jpg,37.70907942,-122.4703919,33.0
streetview_3458_right.jpg,streetview_3458_left.jpg,37.72428064,-122.4578884,310.7
streetview_3459_right.jpg,streetview_3459_left.jpg,37.75493106,-122.5030221,122.0
streetview_3460_right.jpg,streetview_3460_left.jpg,37.72354593,-122.4394988,2.7
streetview_3461_right.jpg,streetview_3461_left.jpg,37.77420114,-122.436485,162.3
streetview_3462_right.jpg,streetview_3462_left.jpg,37.74933818,-122.426429,177.2
streetview_3463_right.jpg,streetview_3463_left.jpg,37.73208233,-122.4253563,308.5
streetview_3464_right.jpg,streetview_3464_left.jpg,37.75896915,-122.4680919,114.9
streetview_3465_right.jpg,streetview_3465_left.jpg,37.72628121,-122.3790016,296.1
streetview_3466_right.jpg,streetview_3466_left.jpg,37.75915659,-122.463813,113.8
streetview_3467_right.jpg,streetview_3467_left.jpg,37.73887339,-122.4055842,245.4
streetview_3468_right.jpg,streetview_3468_left.jpg,37.73140268,-122.426164,109.3
streetview_3469_right.jpg,streetview_3469_left.jpg,37.72710845,-122.4106673,308.3
streetview_3470_right.jpg,streetview_3470_left.jpg,37.78076559,-122.4965964,76.4
streetview_3471_right.jpg,streetview_3471_left.jpg,37.79389031,-122.4280882,199.3
streetview_3472_right.jpg,streetview_3472_left.jpg,37.73532692,-122.4540677,13.0
streetview_3473_right.jpg,streetview_3473_left.jpg,37.79817271,-122.4356974,150.2
streetview_3474_right.jpg,streetview_3474_left.jpg,37.7531937,-122.4030704,242.9
streetview_3475_right.jpg,streetview_3475_left.jpg,37.72854846,-122.4638598,111.6
streetview_3476_right.jpg,streetview_3476_left.jpg,37.72016579,-122.4371554,14.6
streetview_3477_right.jpg,streetview_3477_left.jpg,37.75665297,-122.4251767,196.0
streetview_3478_right.jpg,streetview_3478_left.jpg,37.73112941,-122.4344077,341.8
streetview_3479_right.jpg,streetview_3479_left.jpg,37.75819191,-122.4456622,115.1
streetview_3480_right.jpg,streetview_3480_left.jpg,37.75143118,-122.4273978,300.7
streetview_3481_right.jpg,streetview_3481_left.jpg,37.76424358,-122.454732,36.1
streetview_3482_right.jpg,streetview_3482_left.jpg,37.78120344,-122.4390916,350.9
streetview_3483_right.jpg,streetview_3483_left.jpg,37.78400069,-122.439657,222.5
streetview_3484_right.jpg,streetview_3484_left.jpg,37.75439297,-122.4739733,117.2
streetview_3485_right.jpg,streetview_3485_left.jpg,37.72530125,-122.4023075,351.4
streetview_3486_right.jpg,streetview_3486_left.jpg,37.79257004,-122.4151641,217.2
streetview_3487_right.jpg,streetview_3487_left.jpg,37.73108495,-122.474134,158.1
streetview_3488_right.jpg,streetview_3488_left.jpg,37.71790035,-122.4674248,78.5
streetview_3489_right.jpg,streetview_3489_left.jpg,37.72550657,-122.4201939,6.8
streetview_3490_right.jpg,streetview_3490_left.jpg,37.79502627,-122.4097684,226.2
streetview_3491_right.jpg,streetview_3491_left.jpg,37.72998483,-122.4954819,29.3
streetview_3492_right.jpg,streetview_3492_left.jpg,37.79851105,-122.4468478,225.4
streetview_3493_right.jpg,streetview_3493_left.jpg,37.75759335,-122.499266,80.2
streetview_3494_right.jpg,streetview_3494_left.jpg,37.7594341,-122.4857835,136.4
streetview_3495_right.jpg,streetview_3495_left.jpg,37.71516285,-122.4325802,337.6
streetview_3496_right.jpg,streetview_3496_left.jpg,37.78215752,-122.4675699,64.1
streetview_3497_right.jpg,streetview_3497_left.jpg,37.8036499,-122.4115047,188.1
streetview_3498_right.jpg,streetview_3498_left.jpg,37.73737014,-122.4234127,317.3
streetview_3499_right.jpg,streetview_3499_left.jpg,37.77874024,-122.4718049,347.0
streetview_3500_right.jpg,streetview_3500_left.jpg,37.78625084,-122.4739948,229.1
streetview_3501_right.jpg,streetview_3501_left.jpg,37.78224072,-122.4798617,155.4
streetview_3502_right.jpg,streetview_3502_left.jpg,37.71141903,-122.4389332,331.4
streetview_3503_right.jpg,streetview_3503_left.jpg,37.77633079,-122.4837349,255.0
streetview_3504_right.jpg,streetview_3504_left.jpg,37.77235615,-122.5024328,117.4
streetview_3505_right.jpg,streetview_3505_left.jpg,37.73681538,-122.415979,108.1
streetview_3506_right.jpg,streetview_3506_left.jpg,37.72962269,-122.3882194,300.8
streetview_3507_right.jpg,streetview_3507_left.jpg,37.7653615,-122.4642452,165.4
streetview_3508_right.jpg,streetview_3508_left.jpg,37.72959312,-122.4524294,44.5
streetview_3509_right.jpg,streetview_3509_left.jpg,37.74982595,-122.4272397,235.6
streetview_3510_right.jpg,streetview_3510_left.jpg,37.72945326,-122.4648287,19.9
streetview_3511_right.jpg,streetview_3511_left.jpg,37.76158619,-122.4500814,269.1
streetview_3512_right.jpg,streetview_3512_left.jpg,37.76131446,-122.4714826,275.3
streetview_3513_right.jpg,streetview_3513_left.jpg,37.76286506,-122.4928298,182.7
streetview_3514_right.jpg,streetview_3514_left.jpg,37.74348914,-122.4939828,44.3
streetview_3515_right.jpg,streetview_3515_left.jpg,37.79482094,-122.4305253,250.3
streetview_3516_right.jpg,streetview_3516_left.jpg,37.77944641,-122.4846746,80.2
streetview_3517_right.jpg,streetview_3517_left.jpg,37.79160858,-122.3952191,259.6
streetview_3518_right.jpg,streetview_3518_left.jpg,37.77525428,-122.5073011,118.6
streetview_3519_right.jpg,streetview_3519_left.jpg,37.73605786,-122.4164874,272.9
streetview_3520_right.jpg,streetview_3520_left.jpg,37.73942583,-122.501217,131.0
streetview_3521_right.jpg,streetview_3521_left.jpg,37.72043819,-122.4736299,82.1
streetview_3522_right.jpg,streetview_3522_left.jpg,37.73052571,-122.3808938,271.8
streetview_3523_right.jpg,streetview_3523_left.jpg,37.73234797,-122.4539608,323.7
streetview_3524_right.jpg,streetview_3524_left.jpg,37.7597177,-122.4793502,147.6
streetview_3525_right.jpg,streetview_3525_left.jpg,37.71737044,-122.4454214,61.7
streetview_3526_right.jpg,streetview_3526_left.jpg,37.73813441,-122.3965544,273.5
streetview_3527_right.jpg,streetview_3527_left.jpg,37.74135129,-122.4630707,146.3
streetview_3528_right.jpg,streetview_3528_left.jpg,37.70975221,-122.4364747,323.8
streetview_3529_right.jpg,streetview_3529_left.jpg,37.75957597,-122.4825662,210.3
streetview_3530_right.jpg,streetview_3530_left.jpg,37.74347353,-122.4944457,118.0
streetview_3531_right.jpg,streetview_3531_left.jpg,37.71824893,-122.4346099,25.0
streetview_3532_right.jpg,streetview_3532_left.jpg,37.78977999,-122.3923626,203.4
streetview_3533_right.jpg,streetview_3533_left.jpg,37.74336846,-122.4177795,174.1
streetview_3534_right.jpg,streetview_3534_left.jpg,37.73771006,-122.4170347,5.9
streetview_3535_right.jpg,streetview_3535_left.jpg,37.74547196,-122.4160171,343.5
streetview_3536_right.jpg,streetview_3536_left.jpg,37.79433161,-122.4343588,201.9
streetview_3537_right.jpg,streetview_3537_left.jpg,37.76152955,-122.4510272,178.3
streetview_3538_right.jpg,streetview_3538_left.jpg,37.7407304,-122.4502366,68.4
streetview_3539_right.jpg,streetview_3539_left.jpg,37.74729335,-122.4292324,257.8
streetview_3540_right.jpg,streetview_3540_left.jpg,37.73665461,-122.4914038,93.4
streetview_3541_right.jpg,streetview_3541_left.jpg,37.73202462,-122.3933648,288.2
streetview_3542_right.jpg,streetview_3542_left.jpg,37.75254905,-122.4723708,57.7
streetview_3543_right.jpg,streetview_3543_left.jpg,37.78102706,-122.4153666,238.6
streetview_3544_right.jpg,streetview_3544_left.jpg,37.7435363,-122.4929123,102.2
streetview_3545_right.jpg,streetview_3545_left.jpg,37.73592579,-122.4485321,27.6
streetview_3546_right.jpg,streetview_3546_left.jpg,37.80089694,-122.4054891,169.9
streetview_3547_right.jpg,streetview_3547_left.jpg,37.74559295,-122.3930418,247.1
streetview_3548_right.jpg,streetview_3548_left.jpg,37.72414938,-122.4572667,206.4
streetview_3549_right.jpg,streetview_3549_left.jpg,37.71142594,-122.4652545,65.8
streetview_3550_right.jpg,streetview_3550_left.jpg,37.73511732,-122.3985852,124.4
streetview_3551_right.jpg,streetview_3551_left.jpg,37.72714841,-122.3838597,271.9
streetview_3552_right.jpg,streetview_3552_left.jpg,37.728482,-122.4355015,150.6
streetview_3553_right.jpg,streetview_3553_left.jpg,37.71789695,-122.4279666,3.4
streetview_3554_right.jpg,streetview_3554_left.jpg,37.80556746,-122.4214486,161.7
streetview_3555_right.jpg,streetview_3555_left.jpg,37.7306811,-122.390091,291.3
streetview_3556_right.jpg,streetview_3556_left.jpg,37.76170323,-122.4909545,288.6
streetview_3557_right.jpg,streetview_3557_left.jpg,37.7627704,-122.494974,116.0
streetview_3558_right.jpg,streetview_3558_left.jpg,37.73559643,-122.4246118,275.1
streetview_3559_right.jpg,streetview_3559_left.jpg,37.74004012,-122.4872914,100.6
streetview_3560_right.jpg,streetview_3560_left.jpg,37.73810403,-122.4742648,128.7
streetview_3561_right.jpg,streetview_3561_left.jpg,37.72905995,-122.4600059,35.8
streetview_3562_right.jpg,streetview_3562_left.jpg,37.7543337,-122.4369374,312.8
streetview_3563_right.jpg,streetview_3563_left.jpg,37.78596252,-122.4801317,145.9
streetview_3564_right.jpg,streetview_3564_left.jpg,37.73062626,-122.4327516,346.3
streetview_3565_right.jpg,streetview_3565_left.jpg,37.76532217,-122.4434626,146.9
streetview_3566_right.jpg,streetview_3566_left.jpg,37.71482889,-122.4017861,336.9
streetview_3567_right.jpg,streetview_3567_left.jpg,37.73586544,-122.4131587,16.3
streetview_3568_right.jpg,streetview_3568_left.jpg,37.76259236,-122.4032856,225.5
streetview_3569_right.jpg,streetview_3569_left.jpg,37.7161359,-122.4630302,47.2
streetview_3570_right.jpg,streetview_3570_left.jpg,37.76143397,-122.4012293,250.2
streetview_3571_right.jpg,streetview_3571_left.jpg,37.74136202,-122.4715897,349.9
streetview_3572_right.jpg,streetview_3572_left.jpg,37.75308848,-122.4742364,153.7
streetview_3573_right.jpg,streetview_3573_left.jpg,37.73095038,-122.4604268,11.4
streetview_3574_right.jpg,streetview_3574_left.jpg,37.76756295,-122.451091,135.4
streetview_3575_right.jpg,streetview_3575_left.jpg,37.73174859,-122.4063999,328.7
streetview_3576_right.jpg,streetview_3576_left.jpg,37.73992383,-122.4126954,275.4
streetview_3577_right.jpg,streetview_3577_left.jpg,37.74598707,-122.4937988,72.7
streetview_3578_right.jpg,streetview_3578_left.jpg,37.75485664,-122.4578005,121.5
streetview_3579_right.jpg,streetview_3579_left.jpg,37.72968666,-122.4059067,353.6
streetview_3580_right.jpg,streetview_3580_left.jpg,37.79992297,-122.4158099,231.7
streetview_3581_right.jpg,streetview_3581_left.jpg,37.78652743,-122.4372835,196.3
streetview_3582_right.jpg,streetview_3582_left.jpg,37.73340406,-122.4569085,85.4
streetview_3583_right.jpg,streetview_3583_left.jpg,37.73621035,-122.4122975,356.3
streetview_3584_right.jpg,streetview_3584_left.jpg,37.80004736,-122.4175118,157.5
streetview_3585_right.jpg,streetview_3585_left.jpg,37.76249792,-122.397805,236.8
streetview_3586_right.jpg,streetview_3586_left.jpg,37.73588153,-122.4492362,171.8
streetview_3587_right.jpg,streetview_3587_left.jpg,37.71148256,-122.4447822,350.5
streetview_3588_right.jpg,streetview_3588_left.jpg,37.77580519,-122.4584648,177.1
streetview_3589_right.jpg,streetview_3589_left.jpg,37.73000087,-122.4554859,302.6
streetview_3590_right.jpg,streetview_3590_left.jpg,37.74855323,-122.4921871,100.7
streetview_3591_right.jpg,streetview_3591_left.jpg,37.73723163,-122.4163814,290.7
streetview_3592_right.jpg,streetview_3592_left.jpg,37.75599386,-122.4790901,112.3
streetview_3593_right.jpg,streetview_3593_left.jpg,37.73203425,-122.4054216,267.1
streetview_3594_right.jpg,streetview_3594_left.jpg,37.73011119,-122.4533871,41.6
streetview_3595_right.jpg,streetview_3595_left.jpg,37.74726601,-122.4341427,236.0
streetview_3596_right.jpg,streetview_3596_left.jpg,37.72637039,-122.4733013,43.2
streetview_3597_right.jpg,streetview_3597_left.jpg,37.76230091,-122.4306717,201.5
streetview_3598_right.jpg,streetview_3598_left.jpg,37.71319605,-122.455176,105.8
streetview_3599_right.jpg,streetview_3599_left.jpg,37.70968005,-122.4395267,326.7
streetview_3600_right.jpg,streetview_3600_left.jpg,37.72979855,-122.4562495,87.5
streetview_3601_right.jpg,streetview_3601_left.jpg,37.73075384,-122.4289876,356.1
streetview_3602_right.jpg,streetview_3602_left.jpg,37.79955478,-122.4348542,153.4
streetview_3603_right.jpg,streetview_3603_left.jpg,37.73420075,-122.3935161,275.1
streetview_3604_right.jpg,streetview_3604_left.jpg,37.73806318,-122.4483959,13.0
streetview_3605_right.jpg,streetview_3605_left.jpg,37.79086476,-122.4329525,180.3
streetview_3606_right.jpg,streetview_3606_left.jpg,37.71980422,-122.4334399,304.6
streetview_3607_right.jpg,streetview_3607_left.jpg,37.75341762,-122.4950362,85.4
streetview_3608_right.jpg,streetview_3608_left.jpg,37.75564537,-122.4598902,84.8
streetview_3609_right.jpg,streetview_3609_left.jpg,37.75991358,-122.4001428,261.9
streetview_3610_right.jpg,streetview_3610_left.jpg,37.74789077,-122.5071899,33.4
streetview_3611_right.jpg,streetview_3611_left.jpg,37.76213428,-122.4952883,150.9
streetview_3612_right.jpg,streetview_3612_left.jpg,37.73107479,-122.4734194,301.1
streetview_3613_right.jpg,streetview_3613_left.jpg,37.74612088,-122.5049168,57.5
streetview_3614_right.jpg,streetview_3614_left.jpg,37.77586938,-122.4458951,197.7
streetview_3615_right.jpg,streetview_3615_left.jpg,37.73051925,-122.4641855,58.5
streetview_3616_right.jpg,streetview_3616_left.jpg,37.76247847,-122.398127,144.8
streetview_3617_right.jpg,streetview_3617_left.jpg,37.7346729,-122.3733214,263.7
streetview_3618_right.jpg,streetview_3618_left.jpg,37.72827548,-122.4457853,40.3
streetview_3619_right.jpg,streetview_3619_left.jpg,37.74525021,-122.4275484,222.5
streetview_3620_right.jpg,streetview_3620_left.jpg,37.71270071,-122.4652706,54.4
streetview_3621_right.jpg,streetview_3621_left.jpg,37.74153837,-122.4142261,328.3
streetview_3622_right.jpg,streetview_3622_left.jpg,37.7793552,-122.4438303,163.6
streetview_3623_right.jpg,streetview_3623_left.jpg,37.73363069,-122.4268138,173.8
streetview_3624_right.jpg,streetview_3624_left.jpg,37.72450446,-122.4255534,245.1
streetview_3625_right.jpg,streetview_3625_left.jpg,37.71502278,-122.4513438,17.0
streetview_3626_right.jpg,streetview_3626_left.jpg,37.80527658,-122.4163267,216.0
streetview_3627_right.jpg,streetview_3627_left.jpg,37.74898459,-122.4681033,213.5
streetview_3628_right.jpg,streetview_3628_left.jpg,37.7315587,-122.482681,79.7
streetview_3629_right.jpg,streetview_3629_left.jpg,37.7348178,-122.4600253,28.5
streetview_3630_right.jpg,streetview_3630_left.jpg,37.80175309,-122.4139325,241.9
streetview_3631_right.jpg,streetview_3631_left.jpg,37.776823,-122.4729351,63.1
streetview_3632_right.jpg,streetview_3632_left.jpg,37.79720992,-122.4220121,76.4
streetview_3633_right.jpg,streetview_3633_left.jpg,37.79912083,-122.412043,173.7
streetview_3634_right.jpg,streetview_3634_left.jpg,37.76195219,-122.4068402,191.5
streetview_3635_right.jpg,streetview_3635_left.jpg,37.71009167,-122.4202297,303.2
streetview_3636_right.jpg,streetview_3636_left.jpg,37.73003746,-122.4587277,55.8
streetview_3637_right.jpg,streetview_3637_left.jpg,37.7432398,-122.4341757,210.2
streetview_3638_right.jpg,streetview_3638_left.jpg,37.72193332,-122.4498587,10.1
streetview_3639_right.jpg,streetview_3639_left.jpg,37.79253727,-122.4339988,141.3
streetview_3640_right.jpg,streetview_3640_left.jpg,37.75733594,-122.3982811,154.2
streetview_3641_right.jpg,streetview_3641_left.jpg,37.73062555,-122.381981,305.4
streetview_3642_right.jpg,streetview_3642_left.jpg,37.78364552,-122.4763813,151.3
streetview_3643_right.jpg,streetview_3643_left.jpg,37.72419534,-122.4351532,251.0
streetview_3644_right.jpg,streetview_3644_left.jpg,37.71611963,-122.4647088,67.6
streetview_3645_right.jpg,streetview_3645_left.jpg,37.72796734,-122.4283663,280.1
streetview_3646_right.jpg,streetview_3646_left.jpg,37.7372406,-122.4941577,95.1
streetview_3647_right.jpg,streetview_3647_left.jpg,37.72976777,-122.3890309,272.2
streetview_3648_right.jpg,streetview_3648_left.jpg,37.73295369,-122.4963222,72.6
streetview_3649_right.jpg,streetview_3649_left.jpg,37.73489016,-122.4884983,84.3
streetview_3650_right.jpg,streetview_3650_left.jpg,37.7387697,-122.4395833,351.7
streetview_3651_right.jpg,streetview_3651_left.jpg,37.78826645,-122.4487039,131.3
streetview_3652_right.jpg,streetview_3652_left.jpg,37.76212096,-122.411117,182.6
streetview_3653_right.jpg,streetview_3653_left.jpg,37.71010579,-122.4141251,325.8
streetview_3654_right.jpg,streetview_3654_left.jpg,37.78599496,-122.4794162,131.9
streetview_3655_right.jpg,streetview_3655_left.jpg,37.72513713,-122.3936416,358.3
streetview_3656_right.jpg,streetview_3656_left.jpg,37.7600997,-122.3949822,296.9
streetview_3657_right.jpg,streetview_3657_left.jpg,37.77892535,-122.4419786,153.3
streetview_3658_right.jpg,streetview_3658_left.jpg,37.71608141,-122.4020889,302.8
streetview_3659_right.jpg,streetview_3659_left.jpg,37.72456278,-122.4187104,278.5
streetview_3660_right.jpg,streetview_3660_left.jpg,37.73259593,-122.4871691,90.1
streetview_3661_right.jpg,streetview_3661_left.jpg,37.73244401,-122.3920682,301.4
streetview_3662_right.jpg,streetview_3662_left.jpg,37.77464466,-122.4796719,62.0
streetview_3663_right.jpg,streetview_3663_left.jpg,37.80334003,-122.4114405,197.9
streetview_3664_right.jpg,streetview_3664_left.jpg,37.71905205,-122.4457558,11.7
streetview_3665_right.jpg,streetview_3665_left.jpg,37.77158224,-122.4320175,213.5
streetview_3666_right.jpg,streetview_3666_left.jpg,37.74331067,-122.4557114,104.9
streetview_3667_right.jpg,streetview_3667_left.jpg,37.7281284,-122.3839211,320.4
streetview_3668_right.jpg,streetview_3668_left.jpg,37.78679616,-122.4452609,193.9
streetview_3669_right.jpg,streetview_3669_left.jpg,37.72792852,-122.4637009,117.3
streetview_3670_right.jpg,streetview_3670_left.jpg,37.71567485,-122.4336517,73.1
streetview_3671_right.jpg,streetview_3671_left.jpg,37.72750231,-122.3844833,62.4
streetview_3672_right.jpg,streetview_3672_left.jpg,37.73307605,-122.3709946,293.3
streetview_3673_right.jpg,streetview_3673_left.jpg,37.73870937,-122.3875739,263.9
streetview_3674_right.jpg,streetview_3674_left.jpg,37.73218199,-122.4643338,350.4
streetview_3675_right.jpg,streetview_3675_left.jpg,37.78615986,-122.4758489,172.5
streetview_3676_right.jpg,streetview_3676_left.jpg,37.71968609,-122.4647477,42.9
streetview_3677_right.jpg,streetview_3677_left.jpg,37.74969167,-122.4294623,180.1
streetview_3678_right.jpg,streetview_3678_left.jpg,37.71730206,-122.4295041,8.6
streetview_3679_right.jpg,streetview_3679_left.jpg,37.79407905,-122.4148255,257.4
streetview_3680_right.jpg,streetview_3680_left.jpg,37.79081335,-122.4333556,182.5
streetview_3681_right.jpg,streetview_3681_left.jpg,37.71023053,-122.4378526,302.8
streetview_3682_right.jpg,streetview_3682_left.jpg,37.73113155,-122.4788252,36.6
streetview_3683_right.jpg,streetview_3683_left.jpg,37.75363739,-122.4576458,128.1
streetview_3684_right.jpg,streetview_3684_left.jpg,37.72029069,-122.4038112,284.6
streetview_3685_right.jpg,streetview_3685_left.jpg,37.74061748,-122.5023777,74.8
streetview_3686_right.jpg,streetview_3686_left.jpg,37.76348013,-122.3956299,225.0
streetview_3687_right.jpg,streetview_3687_left.jpg,37.72809673,-122.4404323,106.0
streetview_3688_right.jpg,streetview_3688_left.jpg,37.71977566,-122.4036524,347.5
streetview_3689_right.jpg,streetview_3689_left.jpg,37.79678655,-122.4253,199.8
streetview_3690_right.jpg,streetview_3690_left.jpg,37.74923943,-122.4470073,324.4
streetview_3691_right.jpg,streetview_3691_left.jpg,37.76338628,-122.4598108,122.6
streetview_3692_right.jpg,streetview_3692_left.jpg,37.73983823,-122.4133298,119.5
streetview_3693_right.jpg,streetview_3693_left.jpg,37.73077247,-122.3930829,298.4
streetview_3694_right.jpg,streetview_3694_left.jpg,37.7762354,-122.4994881,117.6
streetview_3695_right.jpg,streetview_3695_left.jpg,37.73885923,-122.4091499,299.2
streetview_3696_right.jpg,streetview_3696_left.jpg,37.74023298,-122.4122564,235.2
streetview_3697_right.jpg,streetview_3697_left.jpg,37.73389706,-122.4237852,303.0
streetview_3698_right.jpg,streetview_3698_left.jpg,37.75845369,-122.4716917,115.4
streetview_3699_right.jpg,streetview_3699_left.jpg,37.73821347,-122.4179156,329.0
streetview_3700_right.jpg,streetview_3700_left.jpg,37.78534127,-122.4537348,84.2
streetview_3701_right.jpg,streetview_3701_left.jpg,37.79015129,-122.3939746,238.4
streetview_3702_right.jpg,streetview_3702_left.jpg,37.7697961,-122.4358082,237.7
streetview_3703_right.jpg,streetview_3703_left.jpg,37.7525055,-122.4704059,130.6
streetview_3704_right.jpg,streetview_3704_left.jpg,37.7230713,-122.4269796,295.8
streetview_3705_right.jpg,streetview_3705_left.jpg,37.74905853,-122.4949884,83.7
streetview_3706_right.jpg,streetview_3706_left.jpg,37.75713829,-122.4014994,296.2
streetview_3707_right.jpg,streetview_3707_left.jpg,37.77095028,-122.4370169,221.2
streetview_3708_right.jpg,streetview_3708_left.jpg,37.73947816,-122.4718334,89.9
streetview_3709_right.jpg,streetview_3709_left.jpg,37.73958706,-122.4043866,305.4
streetview_3710_right.jpg,streetview_3710_left.jpg,37.77983128,-122.4761092,131.5
streetview_3711_right.jpg,streetview_3711_left.jpg,37.74018292,-122.4194299,122.0
streetview_3712_right.jpg,streetview_3712_left.jpg,37.73020323,-122.3992573,333.7
streetview_3713_right.jpg,streetview_3713_left.jpg,37.80379994,-122.4453211,227.1
streetview_3714_right.jpg,streetview_3714_left.jpg,37.78111532,-122.4762029,135.1
streetview_3715_right.jpg,streetview_3715_left.jpg,37.75303159,-122.4408147,342.9
streetview_3716_right.jpg,streetview_3716_left.jpg,37.78244916,-122.4522515,272.0
streetview_3717_right.jpg,streetview_3717_left.jpg,37.78330889,-122.48388,188.3
streetview_3718_right.jpg,streetview_3718_left.jpg,37.74109328,-122.4916674,39.0
streetview_3719_right.jpg,streetview_3719_left.jpg,37.78870675,-122.4428327,92.9
streetview_3720_right.jpg,streetview_3720_left.jpg,37.78681498,-122.3954295,189.4
streetview_3721_right.jpg,streetview_3721_left.jpg,37.72085095,-122.4091671,277.8
streetview_3722_right.jpg,streetview_3722_left.jpg,37.72437329,-122.441763,22.2
streetview_3723_right.jpg,streetview_3723_left.jpg,37.74476579,-122.4312189,92.4
streetview_3724_right.jpg,streetview_3724_left.jpg,37.74399694,-122.4079311,46.7
streetview_3725_right.jpg,streetview_3725_left.jpg,37.75114666,-122.398338,200.4
streetview_3726_right.jpg,streetview_3726_left.jpg,37.73567932,-122.4056275,326.4
streetview_3727_right.jpg,streetview_3727_left.jpg,37.77374518,-122.4375807,160.6
streetview_3728_right.jpg,streetview_3728_left.jpg,37.71346867,-122.410761,323.7
streetview_3729_right.jpg,streetview_3729_left.jpg,37.77697013,-122.4697063,135.7
streetview_3730_right.jpg,streetview_3730_left.jpg,37.74732396,-122.4331626,359.6
streetview_3731_right.jpg,streetview_3731_left.jpg,37.77268609,-122.4333627,65.4
streetview_3732_right.jpg,streetview_3732_left.jpg,37.78836518,-122.3900104,268.3
streetview_3733_right.jpg,streetview_3733_left.jpg,37.78682375,-122.455162,123.6
streetview_3734_right.jpg,streetview_3734_left.jpg,37.7524126,-122.3896869,265.2
streetview_3735_right.jpg,streetview_3735_left.jpg,37.74886032,-122.4434352,129.5
streetview_3736_right.jpg,streetview_3736_left.jpg,37.72436807,-122.4058868,0.7
streetview_3737_right.jpg,streetview_3737_left.jpg,37.76297619,-122.4052974,207.4
streetview_3738_right.jpg,streetview_3738_left.jpg,37.71012196,-122.4399075,74.4
streetview_3739_right.jpg,streetview_3739_left.jpg,37.71112605,-122.4353482,82.5
streetview_3740_right.jpg,streetview_3740_left.jpg,37.71452653,-122.4028489,4.7
streetview_3741_right.jpg,streetview_3741_left.jpg,37.76421616,-122.3976422,248.3
streetview_3742_right.jpg,streetview_3742_left.jpg,37.73998836,-122.4743959,122.8
streetview_3743_right.jpg,streetview_3743_left.jpg,37.71633238,-122.428063,308.1
streetview_3744_right.jpg,streetview_3744_left.jpg,37.73299609,-122.4549282,21.5
streetview_3745_right.jpg,streetview_3745_left.jpg,37.74238521,-122.4502582,298.6
streetview_3746_right.jpg,streetview_3746_left.jpg,37.75588351,-122.4815915,85.4
streetview_3747_right.jpg,streetview_3747_left.jpg,37.76084945,-122.4038012,269.3
streetview_3748_right.jpg,streetview_3748_left.jpg,37.76007287,-122.4854691,129.7
streetview_3749_right.jpg,streetview_3749_left.jpg,37.73651344,-122.4495842,345.4
streetview_3750_right.jpg,streetview_3750_left.jpg,37.7754305,-122.4624356,318.3
streetview_3751_right.jpg,streetview_3751_left.jpg,37.7778005,-122.4651038,158.3
streetview_3752_right.jpg,streetview_3752_left.jpg,37.71863147,-122.4354121,21.6
streetview_3753_right.jpg,streetview_3753_left.jpg,37.73352293,-122.4279712,114.9
streetview_3754_right.jpg,streetview_3754_left.jpg,37.72399327,-122.4020806,214.5
streetview_3755_right.jpg,streetview_3755_left.jpg,37.71825936,-122.4070665,308.3
streetview_3756_right.jpg,streetview_3756_left.jpg,37.76462676,-122.481485,156.5
streetview_3757_right.jpg,streetview_3757_left.jpg,37.72460738,-122.4594361,45.5
streetview_3758_right.jpg,streetview_3758_left.jpg,37.74751708,-122.4299936,231.7
streetview_3759_right.jpg,streetview_3759_left.jpg,37.73451065,-122.4507961,18.5
streetview_3760_right.jpg,streetview_3760_left.jpg,37.77385432,-122.4341587,248.6
streetview_3761_right.jpg,streetview_3761_left.jpg,37.76260361,-122.4704963,160.3
streetview_3762_right.jpg,streetview_3762_left.jpg,37.73120334,-122.4563086,43.3
streetview_3763_right.jpg,streetview_3763_left.jpg,37.75660387,-122.4259919,143.1
streetview_3764_right.jpg,streetview_3764_left.jpg,37.71999511,-122.3912414,301.6
streetview_3765_right.jpg,streetview_3765_left.jpg,37.77705626,-122.5088603,116.9
streetview_3766_right.jpg,streetview_3766_left.jpg,37.73094059,-122.3942716,320.9
streetview_3767_right.jpg,streetview_3767_left.jpg,37.77140492,-122.4359185,206.9
streetview_3768_right.jpg,streetview_3768_left.jpg,37.73156187,-122.4615143,73.6
streetview_3769_right.jpg,streetview_3769_left.jpg,37.73974854,-122.4262602,106.4
streetview_3770_right.jpg,streetview_3770_left.jpg,37.72870169,-122.3787407,281.6
streetview_3771_right.jpg,streetview_3771_left.jpg,37.73333654,-122.407359,271.4
streetview_3772_right.jpg,streetview_3772_left.jpg,37.73417341,-122.4503165,70.5
streetview_3773_right.jpg,streetview_3773_left.jpg,37.74577508,-122.4089719,178.4
streetview_3774_right.jpg,streetview_3774_left.jpg,37.72288227,-122.408187,334.8
streetview_3775_right.jpg,streetview_3775_left.jpg,37.75595425,-122.4278272,217.8
streetview_3776_right.jpg,streetview_3776_left.jpg,37.7396133,-122.4438274,105.5
streetview_3777_right.jpg,streetview_3777_left.jpg,37.73851457,-122.4388303,293.9
streetview_3778_right.jpg,streetview_3778_left.jpg,37.76281487,-122.5082309,114.5
streetview_3779_right.jpg,streetview_3779_left.jpg,37.73739028,-122.4377947,300.1
streetview_3780_right.jpg,streetview_3780_left.jpg,37.74197641,-122.4478013,212.5
streetview_3781_right.jpg,streetview_3781_left.jpg,37.71609603,-122.4686063,354.7
streetview_3782_right.jpg,streetview_3782_left.jpg,37.78175869,-122.4762487,96.7
streetview_3783_right.jpg,streetview_3783_left.jpg,37.7772443,-122.4275393,163.7
streetview_3784_right.jpg,streetview_3784_left.jpg,37.73829833,-122.4131452,297.2
streetview_3785_right.jpg,streetview_3785_left.jpg,37.77677416,-122.5081256,70.9
streetview_3786_right.jpg,streetview_3786_left.jpg,37.80230656,-122.414606,215.8
streetview_3787_right.jpg,streetview_3787_left.jpg,37.76307321,-122.4503819,191.0
streetview_3788_right.jpg,streetview_3788_left.jpg,37.71344043,-122.4625517,1.6
streetview_3789_right.jpg,streetview_3789_left.jpg,37.74275611,-122.4615347,27.2
streetview_3790_right.jpg,streetview_3790_left.jpg,37.7973352,-122.4259724,193.4
streetview_3791_right.jpg,streetview_3791_left.jpg,37.72880988,-122.4465506,80.5
streetview_3792_right.jpg,streetview_3792_left.jpg,37.73382078,-122.4085589,334.1
streetview_3793_right.jpg,streetview_3793_left.jpg,37.79127411,-122.4439156,54.4
streetview_3794_right.jpg,streetview_3794_left.jpg,37.8036358,-122.4220641,174.8
streetview_3795_right.jpg,streetview_3795_left.jpg,37.71373069,-122.4117311,312.3
streetview_3796_right.jpg,streetview_3796_left.jpg,37.75538068,-122.4696266,29.1
streetview_3797_right.jpg,streetview_3797_left.jpg,37.78416015,-122.4493312,97.1
streetview_3798_right.jpg,streetview_3798_left.jpg,37.78160114,-122.4233612,207.1
streetview_3799_right.jpg,streetview_3799_left.jpg,37.75387912,-122.4412933,207.6
streetview_3800_right.jpg,streetview_3800_left.jpg,37.72820034,-122.4582523,95.7
streetview_3801_right.jpg,streetview_3801_left.jpg,37.72391245,-122.4042425,31.4
streetview_3802_right.jpg,streetview_3802_left.jpg,37.75318554,-122.3816398,242.0
streetview_3803_right.jpg,streetview_3803_left.jpg,37.73239834,-122.4309545,48.8
streetview_3804_right.jpg,streetview_3804_left.jpg,37.75756145,-122.3945322,247.1
streetview_3805_right.jpg,streetview_3805_left.jpg,37.73857628,-122.4513822,154.2
streetview_3806_right.jpg,streetview_3806_left.jpg,37.70856468,-122.4330665,320.3
streetview_3807_right.jpg,streetview_3807_left.jpg,37.74569436,-122.4720521,193.6
streetview_3808_right.jpg,streetview_3808_left.jpg,37.74317102,-122.4728253,26.9
streetview_3809_right.jpg,streetview_3809_left.jpg,37.79024348,-122.4425829,209.1
streetview_3810_right.jpg,streetview_3810_left.jpg,37.75719882,-122.4658213,115.6
streetview_3811_right.jpg,streetview_3811_left.jpg,37.74582025,-122.4357795,154.8
streetview_3812_right.jpg,streetview_3812_left.jpg,37.73517615,-122.4294518,27.3
streetview_3813_right.jpg,streetview_3813_left.jpg,37.78782364,-122.3951334,236.5
streetview_3814_right.jpg,streetview_3814_left.jpg,37.75401499,-122.4597871,121.4
streetview_3815_right.jpg,streetview_3815_left.jpg,37.73102063,-122.4121357,244.6
streetview_3816_right.jpg,streetview_3816_left.jpg,37.71788341,-122.4470898,281.4
streetview_3817_right.jpg,streetview_3817_left.jpg,37.71871556,-122.4523126,109.3
streetview_3818_right.jpg,streetview_3818_left.jpg,37.70892715,-122.4169312,14.3
streetview_3819_right.jpg,streetview_3819_left.jpg,37.74785637,-122.4043489,254.1
streetview_3820_right.jpg,streetview_3820_left.jpg,37.74479674,-122.4179139,308.6
streetview_3821_right.jpg,streetview_3821_left.jpg,37.7626194,-122.4461404,124.3
streetview_3822_right.jpg,streetview_3822_left.jpg,37.72875449,-122.383359,218.6
streetview_3823_right.jpg,streetview_3823_left.jpg,37.72014227,-122.3920409,315.0
streetview_3824_right.jpg,streetview_3824_left.jpg,37.74844737,-122.427852,191.7
streetview_3825_right.jpg,streetview_3825_left.jpg,37.72185967,-122.4347874,331.0
streetview_3826_right.jpg,streetview_3826_left.jpg,37.77924041,-122.4749866,132.9
streetview_3827_right.jpg,streetview_3827_left.jpg,37.73163667,-122.4102165,322.9
streetview_3828_right.jpg,streetview_3828_left.jpg,37.78737182,-122.4636531,193.1
streetview_3829_right.jpg,streetview_3829_left.jpg,37.76191023,-122.4711708,157.6
streetview_3830_right.jpg,streetview_3830_left.jpg,37.72090169,-122.4498221,7.6
streetview_3831_right.jpg,streetview_3831_left.jpg,37.75840652,-122.4435284,229.2
streetview_3832_right.jpg,streetview_3832_left.jpg,37.73816917,-122.4731931,29.0
streetview_3833_right.jpg,streetview_3833_left.jpg,37.76875266,-122.4517272,131.4
streetview_3834_right.jpg,streetview_3834_left.jpg,37.73340307,-122.4010921,202.5
streetview_3835_right.jpg,streetview_3835_left.jpg,37.71364642,-122.4114191,7.8
streetview_3836_right.jpg,streetview_3836_left.jpg,37.79694097,-122.3970651,201.7
streetview_3837_right.jpg,streetview_3837_left.jpg,37.71302197,-122.439289,286.4
streetview_3838_right.jpg,streetview_3838_left.jpg,37.71511815,-122.4482865,40.2
streetview_3839_right.jpg,streetview_3839_left.jpg,37.73456564,-122.427535,265.9
streetview_3840_right.jpg,streetview_3840_left.jpg,37.73159834,-122.4800355,312.3
streetview_3841_right.jpg,streetview_3841_left.jpg,37.74748982,-122.5021437,132.4
streetview_3842_right.jpg,streetview_3842_left.jpg,37.71659611,-122.459438,50.2
streetview_3843_right.jpg,streetview_3843_left.jpg,37.72720887,-122.4433259,321.9
streetview_3844_right.jpg,streetview_3844_left.jpg,37.75150385,-122.4674116,43.6
streetview_3845_right.jpg,streetview_3845_left.jpg,37.7639455,-122.4524444,136.5
streetview_3846_right.jpg,streetview_3846_left.jpg,37.7463587,-122.4313711,111.5
streetview_3847_right.jpg,streetview_3847_left.jpg,37.7331201,-122.3888387,255.4
streetview_3848_right.jpg,streetview_3848_left.jpg,37.72459403,-122.4301742,228.5
streetview_3849_right.jpg,streetview_3849_left.jpg,37.7139908,-122.4453196,349.2
streetview_3850_right.jpg,streetview_3850_left.jpg,37.76557032,-122.4577595,46.9
streetview_3851_right.jpg,streetview_3851_left.jpg,37.80252346,-122.4077648,193.0
streetview_3852_right.jpg,streetview_3852_left.jpg,37.70978673,-122.4347761,331.6
streetview_3853_right.jpg,streetview_3853_left.jpg,37.77954336,-122.4825333,249.1
streetview_3854_right.jpg,streetview_3854_left.jpg,37.77361594,-122.5021657,120.3
streetview_3855_right.jpg,streetview_3855_left.jpg,37.73005697,-122.4078795,92.7
streetview_3856_right.jpg,streetview_3856_left.jpg,37.72994652,-122.4049128,257.1
streetview_3857_right.jpg,streetview_3857_left.jpg,37.72001927,-122.4595265,38.6
streetview_3858_right.jpg,streetview_3858_left.jpg,37.7528262,-122.4264175,20.7
streetview_3859_right.jpg,streetview_3859_left.jpg,37.79914386,-122.4042341,198.3
streetview_3860_right.jpg,streetview_3860_left.jpg,37.72838961,-122.4337616,97.2
streetview_3861_right.jpg,streetview_3861_left.jpg,37.72599394,-122.4098433,292.5
streetview_3862_right.jpg,streetview_3862_left.jpg,37.74632062,-122.4720147,222.7
streetview_3863_right.jpg,streetview_3863_left.jpg,37.7325572,-122.4880513,86.8
streetview_3864_right.jpg,streetview_3864_left.jpg,37.73713501,-122.3822841,283.3
streetview_3865_right.jpg,streetview_3865_left.jpg,37.74060476,-122.4009203,235.1
streetview_3866_right.jpg,streetview_3866_left.jpg,37.72225069,-122.434128,352.8
streetview_3867_right.jpg,streetview_3867_left.jpg,37.75771416,-122.4397896,179.2
streetview_3868_right.jpg,streetview_3868_left.jpg,37.72301888,-122.4391576,232.8
streetview_3869_right.jpg,streetview_3869_left.jpg,37.71230789,-122.4570234,353.6
streetview_3870_right.jpg,streetview_3870_left.jpg,37.77651087,-122.4660966,122.6
streetview_3871_right.jpg,streetview_3871_left.jpg,37.74602437,-122.4059431,277.1
streetview_3872_right.jpg,streetview_3872_left.jpg,37.75513162,-122.4983761,56.9
streetview_3873_right.jpg,streetview_3873_left.jpg,37.78396326,-122.4424301,215.4
streetview_3874_right.jpg,streetview_3874_left.jpg,37.73337221,-122.4878135,42.7
streetview_3875_right.jpg,streetview_3875_left.jpg,37.76240089,-122.4539093,164.4
streetview_3876_right.jpg,streetview_3876_left.jpg,37.72767768,-122.4416454,62.2
streetview_3877_right.jpg,streetview_3877_left.jpg,37.74002869,-122.4120652,67.5
streetview_3878_right.jpg,streetview_3878_left.jpg,37.74612907,-122.3934228,240.8
streetview_3879_right.jpg,streetview_3879_left.jpg,37.74175697,-122.4033319,190.3
streetview_3880_right.jpg,streetview_3880_left.jpg,37.70969145,-122.4106883,311.1
streetview_3881_right.jpg,streetview_3881_left.jpg,37.73128602,-122.442007,314.1
streetview_3882_right.jpg,streetview_3882_left.jpg,37.74432194,-122.4590405,308.1
streetview_3883_right.jpg,streetview_3883_left.jpg,37.77459919,-122.507967,149.2
streetview_3884_right.jpg,streetview_3884_left.jpg,37.71672179,-122.4644151,56.2
streetview_3885_right.jpg,streetview_3885_left.jpg,37.73853003,-122.4231741,297.8
streetview_3886_right.jpg,streetview_3886_left.jpg,37.7538743,-122.4599659,302.1
streetview_3887_right.jpg,streetview_3887_left.jpg,37.77371432,-122.5000185,125.2
streetview_3888_right.jpg,streetview_3888_left.jpg,37.71911969,-122.4022404,322.6
streetview_3889_right.jpg,streetview_3889_left.jpg,37.77866115,-122.4598031,258.9
streetview_3890_right.jpg,streetview_3890_left.jpg,37.77425347,-122.4882367,117.9
streetview_3891_right.jpg,streetview_3891_left.jpg,37.73094984,-122.3850352,297.3
streetview_3892_right.jpg,streetview_3892_left.jpg,37.77412269,-122.4910971,131.6
streetview_3893_right.jpg,streetview_3893_left.jpg,37.72862127,-122.4262578,321.9
streetview_3894_right.jpg,streetview_3894_left.jpg,37.77498333,-122.472246,132.9
streetview_3895_right.jpg,streetview_3895_left.jpg,37.72582573,-122.4054024,251.2
streetview_3896_right.jpg,streetview_3896_left.jpg,37.70961861,-122.4655096,41.7
streetview_3897_right.jpg,streetview_3897_left.jpg,37.71797876,-122.4560912,15.1
streetview_3898_right.jpg,streetview_3898_left.jpg,37.76212829,-122.4410695,193.1
streetview_3899_right.jpg,streetview_3899_left.jpg,37.72003596,-122.4534148,17.2
streetview_3900_right.jpg,streetview_3900_left.jpg,37.75085411,-122.4413182,256.3
streetview_3901_right.jpg,streetview_3901_left.jpg,37.73866543,-122.5043909,89.3
streetview_3902_right.jpg,streetview_3902_left.jpg,37.73957329,-122.4122014,300.2
streetview_3903_right.jpg,streetview_3903_left.jpg,37.77885857,-122.497534,146.0
streetview_3904_right.jpg,streetview_3904_left.jpg,37.71487998,-122.4430459,329.3
streetview_3905_right.jpg,streetview_3905_left.jpg,37.73260017,-122.4563331,1.5
streetview_3906_right.jpg,streetview_3906_left.jpg,37.77589356,-122.4548785,165.7
streetview_3907_right.jpg,streetview_3907_left.jpg,37.71424706,-122.4350592,311.0
streetview_3908_right.jpg,streetview_3908_left.jpg,37.72875302,-122.4561436,100.6
streetview_3909_right.jpg,streetview_3909_left.jpg,37.72211128,-122.4111429,18.1
streetview_3910_right.jpg,streetview_3910_left.jpg,37.74332339,-122.4023996,225.7
streetview_3911_right.jpg,streetview_3911_left.jpg,37.71746755,-122.4359277,333.7
streetview_3912_right.jpg,streetview_3912_left.jpg,37.74138787,-122.4508553,330.4
streetview_3913_right.jpg,streetview_3913_left.jpg,37.75599612,-122.4613411,162.4
streetview_3914_right.jpg,streetview_3914_left.jpg,37.70899956,-122.4424854,8.7
streetview_3915_right.jpg,streetview_3915_left.jpg,37.77898278,-122.4289622,155.5
streetview_3916_right.jpg,streetview_3916_left.jpg,37.72890819,-122.4001351,347.3
streetview_3917_right.jpg,streetview_3917_left.jpg,37.79272969,-122.4182945,212.1
streetview_3918_right.jpg,streetview_3918_left.jpg,37.7493409,-122.4527469,36.7
streetview_3919_right.jpg,streetview_3919_left.jpg,37.79927609,-122.4056959,182.4
streetview_3920_right.jpg,streetview_3920_left.jpg,37.72156807,-122.4098239,139.8
streetview_3921_right.jpg,streetview_3921_left.jpg,37.71419698,-122.4019549,331.7
streetview_3922_right.jpg,streetview_3922_left.jpg,37.75478092,-122.4295789,243.9
streetview_3923_right.jpg,streetview_3923_left.jpg,37.74430361,-122.4566208,348.4
streetview_3924_right.jpg,streetview_3924_left.jpg,37.7544506,-122.4592495,112.2
streetview_3925_right.jpg,streetview_3925_left.jpg,37.7464555,-122.434532,106.1
streetview_3926_right.jpg,streetview_3926_left.jpg,37.74076245,-122.4095366,195.5
streetview_3927_right.jpg,streetview_3927_left.jpg,37.73973876,-122.4098956,327.6
streetview_3928_right.jpg,streetview_3928_left.jpg,37.78142146,-122.4434231,193.6
streetview_3929_right.jpg,streetview_3929_left.jpg,37.71278482,-122.4643725,10.2
streetview_3930_right.jpg,streetview_3930_left.jpg,37.74401512,-122.45724,296.2
streetview_3931_right.jpg,streetview_3931_left.jpg,37.75899266,-122.4957837,29.2
streetview_3932_right.jpg,streetview_3932_left.jpg,37.77376134,-122.4853402,71.1
streetview_3933_right.jpg,streetview_3933_left.jpg,37.78449404,-122.4457631,119.7
streetview_3934_right.jpg,streetview_3934_left.jpg,37.75801546,-122.3869786,257.7
streetview_3935_right.jpg,streetview_3935_left.jpg,37.73817215,-122.5014877,93.2
streetview_3936_right.jpg,streetview_3936_left.jpg,37.7346039,-122.4225529,301.0
streetview_3937_right.jpg,streetview_3937_left.jpg,37.75750881,-122.4707412,256.9
streetview_3938_right.jpg,streetview_3938_left.jpg,37.75107533,-122.5056217,113.0
streetview_3939_right.jpg,streetview_3939_left.jpg,37.7312619,-122.4465648,123.4
streetview_3940_right.jpg,streetview_3940_left.jpg,37.71186496,-122.409416,334.3
streetview_3941_right.jpg,streetview_3941_left.jpg,37.77795371,-122.4496896,238.0
streetview_3942_right.jpg,streetview_3942_left.jpg,37.75115523,-122.5038347,14.6
streetview_3943_right.jpg,streetview_3943_left.jpg,37.77451569,-122.4961512,121.8
streetview_3944_right.jpg,streetview_3944_left.jpg,37.73443482,-122.4143309,307.1
streetview_3945_right.jpg,streetview_3945_left.jpg,37.7810295,-122.4923155,151.5
streetview_3946_right.jpg,streetview_3946_left.jpg,37.72880203,-122.4564157,112.1
streetview_3947_right.jpg,streetview_3947_left.jpg,37.71235929,-122.4053556,339.3
streetview_3948_right.jpg,streetview_3948_left.jpg,37.72276923,-122.4103216,343.7
streetview_3949_right.jpg,streetview_3949_left.jpg,37.74510168,-122.4185582,122.7
streetview_3950_right.jpg,streetview_3950_left.jpg,37.73032885,-122.3894671,306.1
streetview_3951_right.jpg,streetview_3951_left.jpg,37.75972645,-122.4404558,288.2
streetview_3952_right.jpg,streetview_3952_left.jpg,37.77499158,-122.4993975,180.6
streetview_3953_right.jpg,streetview_3953_left.jpg,37.73586725,-122.499893,61.4
streetview_3954_right.jpg,streetview_3954_left.jpg,37.754009,-122.4578628,139.7
streetview_3955_right.jpg,streetview_3955_left.jpg,37.7233184,-122.4250031,283.9
streetview_3956_right.jpg,streetview_3956_left.jpg,37.73717681,-122.4956904,112.0
streetview_3957_right.jpg,streetview_3957_left.jpg,37.72562232,-122.4595931,291.2
streetview_3958_right.jpg,streetview_3958_left.jpg,37.73355114,-122.4854702,99.1
streetview_3959_right.jpg,streetview_3959_left.jpg,37.72167803,-122.3925381,280.5
streetview_3960_right.jpg,streetview_3960_left.jpg,37.73190628,-122.4623985,129.9
streetview_3961_right.jpg,streetview_3961_left.jpg,37.71494409,-122.4367144,60.7
streetview_3962_right.jpg,streetview_3962_left.jpg,37.73606133,-122.3890188,342.2
streetview_3963_right.jpg,streetview_3963_left.jpg,37.79548931,-122.413235,68.1
streetview_3964_right.jpg,streetview_3964_left.jpg,37.79599362,-122.4116477,264.4
streetview_3965_right.jpg,streetview_3965_left.jpg,37.79458526,-122.4299153,226.7
streetview_3966_right.jpg,streetview_3966_left.jpg,37.74659318,-122.4941985,49.2
streetview_3967_right.jpg,streetview_3967_left.jpg,37.77817889,-122.4479205,53.1
streetview_3968_right.jpg,streetview_3968_left.jpg,37.79658014,-122.4169432,215.3
streetview_3969_right.jpg,streetview_3969_left.jpg,37.75824499,-122.4512893,201.2
streetview_3970_right.jpg,streetview_3970_left.jpg,37.72031213,-122.4698486,67.3
streetview_3971_right.jpg,streetview_3971_left.jpg,37.73905791,-122.4130655,1.4
streetview_3972_right.jpg,streetview_3972_left.jpg,37.80307312,-122.4110292,184.5
streetview_3973_right.jpg,streetview_3973_left.jpg,37.7455281,-122.416774,19.9
streetview_3974_right.jpg,streetview_3974_left.jpg,37.76925997,-122.4058899,230.4
streetview_3975_right.jpg,streetview_3975_left.jpg,37.75429251,-122.428786,299.3
streetview_3976_right.jpg,streetview_3976_left.jpg,37.75993567,-122.4415034,129.9
streetview_3977_right.jpg,streetview_3977_left.jpg,37.73635533,-122.4058357,307.2
streetview_3978_right.jpg,streetview_3978_left.jpg,37.77914612,-122.4771345,164.9
streetview_3979_right.jpg,streetview_3979_left.jpg,37.75298022,-122.4681845,120.0
streetview_3980_right.jpg,streetview_3980_left.jpg,37.73997854,-122.4397358,58.5
streetview_3981_right.jpg,streetview_3981_left.jpg,37.76281318,-122.3925479,346.3
streetview_3982_right.jpg,streetview_3982_left.jpg,37.79372903,-122.402115,195.6
streetview_3983_right.jpg,streetview_3983_left.jpg,37.74259674,-122.4201815,244.0
streetview_3984_right.jpg,streetview_3984_left.jpg,37.73838637,-122.4310777,337.5
streetview_3985_right.jpg,streetview_3985_left.jpg,37.75560234,-122.4401012,117.0
streetview_3986_right.jpg,streetview_3986_left.jpg,37.74553447,-122.4151151,255.5
streetview_3987_right.jpg,streetview_3987_left.jpg,37.73001367,-122.4910521,65.0
streetview_3988_right.jpg,streetview_3988_left.jpg,37.76162982,-122.4051669,269.3
streetview_3989_right.jpg,streetview_3989_left.jpg,37.76088479,-122.4812229,46.3
streetview_3990_right.jpg,streetview_3990_left.jpg,37.777445,-122.4593011,141.1
streetview_3991_right.jpg,streetview_3991_left.jpg,37.73029734,-122.4112558,270.5
streetview_3992_right.jpg,streetview_3992_left.jpg,37.73082971,-122.4873491,101.4
streetview_3993_right.jpg,streetview_3993_left.jpg,37.72265447,-122.4363135,347.7
streetview_3994_right.jpg,streetview_3994_left.jpg,37.74850043,-122.4434626,26.7
streetview_3995_right.jpg,streetview_3995_left.jpg,37.79381049,-122.4145762,177.0
streetview_3996_right.jpg,streetview_3996_left.jpg,37.73774284,-122.4109066,310.0
streetview_3997_right.jpg,streetview_3997_left.jpg,37.77695385,-122.4700636,169.3
streetview_3998_right.jpg,streetview_3998_left.jpg,37.72696248,-122.4581379,23.0
streetview_3999_right.jpg,streetview_3999_left.jpg,37.77368392,-122.4330023,230.1
streetview_4000_right.jpg,streetview_4000_left.jpg,37.73220928,-122.4956522,86.9
streetview_4001_right.jpg,streetview_4001_left.jpg,37.7358057,-122.4121256,235.8
streetview_4002_right.jpg,streetview_4002_left.jpg,37.70847636,-122.4629527,65.2
streetview_4003_right.jpg,streetview_4003_left.jpg,37.73596528,-122.3876261,275.9
streetview_4004_right.jpg,streetview_4004_left.jpg,37.73849576,-122.418669,313.7
streetview_4005_right.jpg,streetview_4005_left.jpg,37.77873218,-122.4719832,142.8
streetview_4006_right.jpg,streetview_4006_left.jpg,37.74008235,-122.4348294,327.3
streetview_4007_right.jpg,streetview_4007_left.jpg,37.76512884,-122.455177,206.7
streetview_4008_right.jpg,streetview_4008_left.jpg,37.73949467,-122.4714579,82.7
streetview_4009_right.jpg,streetview_4009_left.jpg,37.74273286,-122.4393112,177.5
streetview_4010_right.jpg,streetview_4010_left.jpg,37.71988977,-122.4380606,10.7
streetview_4011_right.jpg,streetview_4011_left.jpg,37.75884578,-122.4287873,240.9
streetview_4012_right.jpg,streetview_4012_left.jpg,37.73535002,-122.4820972,100.8
streetview_4013_right.jpg,streetview_4013_left.jpg,37.72989007,-122.4457977,24.6
streetview_4014_right.jpg,streetview_4014_left.jpg,37.79071341,-122.4105773,204.8
streetview_4015_right.jpg,streetview_4015_left.jpg,37.70862579,-122.4586183,17.6
streetview_4016_right.jpg,streetview_4016_left.jpg,37.79056312,-122.4257279,226.6
streetview_4017_right.jpg,streetview_4017_left.jpg,37.74638165,-122.4848698,59.7
streetview_4018_right.jpg,streetview_4018_left.jpg,37.76239696,-122.4502445,229.2
streetview_4019_right.jpg,streetview_4019_left.jpg,37.74424316,-122.4768401,338.0
streetview_4020_right.jpg,streetview_4020_left.jpg,37.74912118,-122.4793273,46.1
streetview_4021_right.jpg,streetview_4021_left.jpg,37.80348707,-122.4076772,202.4
streetview_4022_right.jpg,streetview_4022_left.jpg,37.71862792,-122.4517928,51.5
streetview_4023_right.jpg,streetview_4023_left.jpg,37.75209867,-122.3985361,172.6
streetview_4024_right.jpg,streetview_4024_left.jpg,37.73105705,-122.3950903,267.1
streetview_4025_right.jpg,streetview_4025_left.jpg,37.72828554,-122.4642802,289.7
streetview_4026_right.jpg,streetview_4026_left.jpg,37.73665466,-122.4938708,86.5
streetview_4027_right.jpg,streetview_4027_left.jpg,37.73944888,-122.4350091,229.7
streetview_4028_right.jpg,streetview_4028_left.jpg,37.72450116,-122.4572636,19.2
streetview_4029_right.jpg,streetview_4029_left.jpg,37.7596442,-122.441751,285.7
streetview_4030_right.jpg,streetview_4030_left.jpg,37.77455026,-122.5090353,108.1
streetview_4031_right.jpg,streetview_4031_left.jpg,37.74526085,-122.3957836,261.3
streetview_4032_right.jpg,streetview_4032_left.jpg,37.73479803,-122.4823573,121.9
streetview_4033_right.jpg,streetview_4033_left.jpg,37.71791849,-122.4481362,353.1
streetview_4034_right.jpg,streetview_4034_left.jpg,37.76418016,-122.4552587,157.9
streetview_4035_right.jpg,streetview_4035_left.jpg,37.72769349,-122.4365054,295.5
streetview_4036_right.jpg,streetview_4036_left.jpg,37.75470254,-122.5083322,100.7
streetview_4037_right.jpg,streetview_4037_left.jpg,37.74160076,-122.4210626,6.9
streetview_4038_right.jpg,streetview_4038_left.jpg,37.79523041,-122.4128916,278.3
streetview_4039_right.jpg,streetview_4039_left.jpg,37.79839028,-122.4402386,178.7
streetview_4040_right.jpg,streetview_4040_left.jpg,37.72721783,-122.4382381,10.1
streetview_4041_right.jpg,streetview_4041_left.jpg,37.79975951,-122.4219654,152.8
streetview_4042_right.jpg,streetview_4042_left.jpg,37.73421101,-122.379422,307.8
streetview_4043_right.jpg,streetview_4043_left.jpg,37.77043244,-122.4385688,143.1
streetview_4044_right.jpg,streetview_4044_left.jpg,37.73856093,-122.4083477,324.6
streetview_4045_right.jpg,streetview_4045_left.jpg,37.7800845,-122.4457233,32.1
streetview_4046_right.jpg,streetview_4046_left.jpg,37.79888786,-122.4307841,232.6
streetview_4047_right.jpg,streetview_4047_left.jpg,37.76029503,-122.4946202,107.6
streetview_4048_right.jpg,streetview_4048_left.jpg,37.74189537,-122.4213358,312.4
streetview_4049_right.jpg,streetview_4049_left.jpg,37.77871606,-122.4723399,151.6
streetview_4050_right.jpg,streetview_4050_left.jpg,37.71878366,-122.431304,30.8
streetview_4051_right.jpg,streetview_4051_left.jpg,37.75708199,-122.4024674,334.6
streetview_4052_right.jpg,streetview_4052_left.jpg,37.79430976,-122.4248004,219.4
streetview_4053_right.jpg,streetview_4053_left.jpg,37.74228275,-122.4788495,247.6
streetview_4054_right.jpg,streetview_4054_left.jpg,37.73578224,-122.4988129,94.5
streetview_4055_right.jpg,streetview_4055_left.jpg,37.72776522,-122.3721287,339.2
streetview_4056_right.jpg,streetview_4056_left.jpg,37.80428089,-122.4089815,202.6
streetview_4057_right.jpg,streetview_4057_left.jpg,37.73381438,-122.4460407,219.5
streetview_4058_right.jpg,streetview_4058_left.jpg,37.71279337,-122.4679692,33.0
streetview_4059_right.jpg,streetview_4059_left.jpg,37.74891573,-122.4382588,33.7
streetview_4060_right.jpg,streetview_4060_left.jpg,37.79718937,-122.3975235,277.1
streetview_4061_right.jpg,streetview_4061_left.jpg,37.80069891,-122.4333996,228.8
streetview_4062_right.jpg,streetview_4062_left.jpg,37.75709694,-122.4963661,105.4
streetview_4063_right.jpg,streetview_4063_left.jpg,37.73516844,-122.3959397,1.4
streetview_4064_right.jpg,streetview_4064_left.jpg,37.78743115,-122.3942959,261.0
streetview_4065_right.jpg,streetview_4065_left.jpg,37.77543176,-122.4897582,116.9
streetview_4066_right.jpg,streetview_4066_left.jpg,37.72825619,-122.372474,302.1
streetview_4067_right.jpg,streetview_4067_left.jpg,37.77692126,-122.4707786,187.2
streetview_4068_right.jpg,streetview_4068_left.jpg,37.74051394,-122.4765701,96.4
streetview_4069_right.jpg,streetview_4069_left.jpg,37.73435399,-122.407216,309.0
streetview_4070_right.jpg,streetview_4070_left.jpg,37.74251866,-122.4199882,153.4
streetview_4071_right.jpg,streetview_4071_left.jpg,37.73717391,-122.4166068,309.6
streetview_4072_right.jpg,streetview_4072_left.jpg,37.77958378,-122.4814587,129.4
streetview_4073_right.jpg,streetview_4073_left.jpg,37.72132512,-122.3919163,273.6
streetview_4074_right.jpg,streetview_4074_left.jpg,37.72473151,-122.4600241,214.1
streetview_4075_right.jpg,streetview_4075_left.jpg,37.71610238,-122.4674041,96.6
streetview_4076_right.jpg,streetview_4076_left.jpg,37.71442114,-122.4491727,321.7
streetview_4077_right.jpg,streetview_4077_left.jpg,37.72003273,-122.4547658,24.8
streetview_4078_right.jpg,streetview_4078_left.jpg,37.79551331,-122.4106751,232.0
streetview_4079_right.jpg,streetview_4079_left.jpg,37.75835944,-122.4708582,19.7
streetview_4080_right.jpg,streetview_4080_left.jpg,37.77603561,-122.462838,182.9
streetview_4081_right.jpg,streetview_4081_left.jpg,37.74033014,-122.4651359,297.2
streetview_4082_right.jpg,streetview_4082_left.jpg,37.75726408,-122.5067685,120.5
streetview_4083_right.jpg,streetview_4083_left.jpg,37.72501648,-122.4376099,291.1
streetview_4084_right.jpg,streetview_4084_left.jpg,37.73951527,-122.485106,54.4
streetview_4085_right.jpg,streetview_4085_left.jpg,37.76095342,-122.4472158,1.8
streetview_4086_right.jpg,streetview_4086_left.jpg,37.77642441,-122.4465848,143.1
streetview_4087_right.jpg,streetview_4087_left.jpg,37.73440498,-122.4067369,275.9
streetview_4088_right.jpg,streetview_4088_left.jpg,37.74198699,-122.499607,110.7
streetview_4089_right.jpg,streetview_4089_left.jpg,37.73133861,-122.4639803,152.2
streetview_4090_right.jpg,streetview_4090_left.jpg,37.72365028,-122.4588579,345.0
streetview_4091_right.jpg,streetview_4091_left.jpg,37.75676325,-122.4700881,85.5
streetview_4092_right.jpg,streetview_4092_left.jpg,37.76158267,-122.3916504,220.9
streetview_4093_right.jpg,streetview_4093_left.jpg,37.74074485,-122.4145006,296.4
streetview_4094_right.jpg,streetview_4094_left.jpg,37.76037011,-122.4646127,37.8
streetview_4095_right.jpg,streetview_4095_left.jpg,37.78701001,-122.4385069,149.5
streetview_4096_right.jpg,streetview_4096_left.jpg,37.73135004,-122.3971247,309.7
streetview_4097_right.jpg,streetview_4097_left.jpg,37.77534905,-122.464219,114.5
streetview_4098_right.jpg,streetview_4098_left.jpg,37.75321292,-122.4027472,170.5
streetview_4099_right.jpg,streetview_4099_left.jpg,37.71934565,-122.3956073,267.5
streetview_4100_right.jpg,streetview_4100_left.jpg,37.71764987,-122.4442693,318.7
streetview_4101_right.jpg,streetview_4101_left.jpg,37.73381628,-122.4622129,5.6
streetview_4102_right.jpg,streetview_4102_left.jpg,37.77720574,-122.4568121,147.1
streetview_4103_right.jpg,streetview_4103_left.jpg,37.73144513,-122.4193742,286.0
streetview_4104_right.jpg,streetview_4104_left.jpg,37.74271075,-122.4691082,92.0
streetview_4105_right.jpg,streetview_4105_left.jpg,37.74176564,-122.4353997,19.3
streetview_4106_right.jpg,streetview_4106_left.jpg,37.79555216,-122.4115589,192.9
streetview_4107_right.jpg,streetview_4107_left.jpg,37.73965917,-122.4277278,270.2
streetview_4108_right.jpg,streetview_4108_left.jpg,37.73985027,-122.491579,50.5
streetview_4109_right.jpg,streetview_4109_left.jpg,37.74587131,-122.482328,316.5
streetview_4110_right.jpg,streetview_4110_left.jpg,37.75712045,-122.4958314,118.9
streetview_4111_right.jpg,streetview_4111_left.jpg,37.72855266,-122.430424,272.0
streetview_4112_right.jpg,streetview_4112_left.jpg,37.73032749,-122.4950264,63.5
streetview_4113_right.jpg,streetview_4113_left.jpg,37.7628978,-122.412403,288.7
streetview_4114_right.jpg,streetview_4114_left.jpg,37.78400975,-122.4914538,161.5
streetview_4115_right.jpg,streetview_4115_left.jpg,37.71579032,-122.4626051,342.0
streetview_4116_right.jpg,streetview_4116_left.jpg,37.75047531,-122.476898,71.0
streetview_4117_right.jpg,streetview_4117_left.jpg,37.75850788,-122.4473834,275.4
streetview_4118_right.jpg,streetview_4118_left.jpg,37.76250224,-122.5010437,149.1
streetview_4119_right.jpg,streetview_4119_left.jpg,37.70828842,-122.4599704,342.6
streetview_4120_right.jpg,streetview_4120_left.jpg,37.76212814,-122.48131,104.4
streetview_4121_right.jpg,streetview_4121_left.jpg,37.74469726,-122.3953472,231.6
streetview_4122_right.jpg,streetview_4122_left.jpg,37.71348917,-122.4450681,309.6
streetview_4123_right.jpg,streetview_4123_left.jpg,37.72407608,-122.4612406,64.1
streetview_4124_right.jpg,streetview_4124_left.jpg,37.75050603,-122.3924198,215.1
streetview_4125_right.jpg,streetview_4125_left.jpg,37.70942917,-122.4288693,342.6
streetview_4126_right.jpg,streetview_4126_left.jpg,37.76836989,-122.4522221,247.2
streetview_4127_right.jpg,streetview_4127_left.jpg,37.76265074,-122.4694232,118.8
streetview_4128_right.jpg,streetview_4128_left.jpg,37.75249018,-122.4460679,179.0
streetview_4129_right.jpg,streetview_4129_left.jpg,37.71223724,-122.4451382,318.9
streetview_4130_right.jpg,streetview_4130_left.jpg,37.74111835,-122.4769759,73.1
streetview_4131_right.jpg,streetview_4131_left.jpg,37.76157512,-122.3917753,163.8
streetview_4132_right.jpg,streetview_4132_left.jpg,37.73052093,-122.3803594,244.2
streetview_4133_right.jpg,streetview_4133_left.jpg,37.70937518,-122.4355278,285.4
streetview_4134_right.jpg,streetview_4134_left.jpg,37.71610712,-122.4665068,81.3
streetview_4135_right.jpg,streetview_4135_left.jpg,37.7232568,-122.4074164,282.3
streetview_4136_right.jpg,streetview_4136_left.jpg,37.7384377,-122.4954211,104.3
streetview_4137_right.jpg,streetview_4137_left.jpg,37.72854049,-122.4465491,317.0
streetview_4138_right.jpg,streetview_4138_left.jpg,37.77608847,-122.5027042,104.9
streetview_4139_right.jpg,streetview_4139_left.jpg,37.75261998,-122.3913192,254.8
streetview_4140_right.jpg,streetview_4140_left.jpg,37.73130507,-122.4905307,103.4
streetview_4141_right.jpg,streetview_4141_left.jpg,37.72128117,-122.4373171,105.8
streetview_4142_right.jpg,streetview_4142_left.jpg,37.72095075,-122.4358394,330.3
streetview_4143_right.jpg,streetview_4143_left.jpg,37.75446605,-122.460005,104.3
streetview_4144_right.jpg,streetview_4144_left.jpg,37.74599361,-122.417923,295.8
streetview_4145_right.jpg,streetview_4145_left.jpg,37.77962996,-122.5061906,89.7
streetview_4146_right.jpg,streetview_4146_left.jpg,37.77980797,-122.456907,171.3
streetview_4147_right.jpg,streetview_4147_left.jpg,37.73574323,-122.448365,304.4
streetview_4148_right.jpg,streetview_4148_left.jpg,37.74879923,-122.4724866,38.3
streetview_4149_right.jpg,streetview_4149_left.jpg,37.79654746,-122.4246881,252.0
streetview_4150_right.jpg,streetview_4150_left.jpg,37.77751077,-122.4988657,160.7
streetview_4151_right.jpg,streetview_4151_left.jpg,37.71328394,-122.4704389,24.5
streetview_4152_right.jpg,streetview_4152_left.jpg,37.74111421,-122.4543773,70.5
streetview_4153_right.jpg,streetview_4153_left.jpg,37.74125952,-122.4538598,110.4
streetview_4154_right.jpg,streetview_4154_left.jpg,37.73541339,-122.4339487,183.9
streetview_4155_right.jpg,streetview_4155_left.jpg,37.72968225,-122.4344432,354.4
streetview_4156_right.jpg,streetview_4156_left.jpg,37.74791543,-122.4367032,108.9
streetview_4157_right.jpg,streetview_4157_left.jpg,37.74156559,-122.4131934,284.0
streetview_4158_right.jpg,streetview_4158_left.jpg,37.75273875,-122.4698447,150.5
streetview_4159_right.jpg,streetview_4159_left.jpg,37.74047097,-122.4610539,288.0
streetview_4160_right.jpg,streetview_4160_left.jpg,37.74641323,-122.4841546,40.1
streetview_4161_right.jpg,streetview_4161_left.jpg,37.79823235,-122.4289645,169.1
streetview_4162_right.jpg,streetview_4162_left.jpg,37.74117529,-122.4150935,178.2
streetview_4163_right.jpg,streetview_4163_left.jpg,37.7263934,-122.4145163,61.0
streetview_4164_right.jpg,streetview_4164_left.jpg,37.73856307,-122.386762,280.9
streetview_4165_right.jpg,streetview_4165_left.jpg,37.75087251,-122.4679507,41.3
streetview_4166_right.jpg,streetview_4166_left.jpg,37.79296255,-122.4211587,182.7
streetview_4167_right.jpg,streetview_4167_left.jpg,37.72599082,-122.4251605,36.8
streetview_4168_right.jpg,streetview_4168_left.jpg,37.75059391,-122.4018543,225.3
streetview_4169_right.jpg,streetview_4169_left.jpg,37.71543508,-122.4467276,309.9
streetview_4170_right.jpg,streetview_4170_left.jpg,37.74719282,-122.4948572,92.6
streetview_4171_right.jpg,streetview_4171_left.jpg,37.74501987,-122.4356972,199.9
streetview_4172_right.jpg,streetview_4172_left.jpg,37.70840822,-122.4524409,47.7
streetview_4173_right.jpg,streetview_4173_left.jpg,37.73701912,-122.4126395,289.3
streetview_4174_right.jpg,streetview_4174_left.jpg,37.75752223,-122.4867258,155.5
streetview_4175_right.jpg,streetview_4175_left.jpg,37.72034439,-122.4653565,123.0
streetview_4176_right.jpg,streetview_4176_left.jpg,37.70907124,-122.4433804,354.7
streetview_4177_right.jpg,streetview_4177_left.jpg,37.76081755,-122.4494335,181.1
streetview_4178_right.jpg,streetview_4178_left.jpg,37.73682455,-122.4500039,15.0
streetview_4179_right.jpg,streetview_4179_left.jpg,37.79854306,-122.4290273,168.3
streetview_4180_right.jpg,streetview_4180_left.jpg,37.72999061,-122.4111292,313.9
streetview_4181_right.jpg,streetview_4181_left.jpg,37.78282985,-122.4806231,129.7
streetview_4182_right.jpg,streetview_4182_left.jpg,37.73542886,-122.4083828,215.7
streetview_4183_right.jpg,streetview_4183_left.jpg,37.70876454,-122.4325574,324.6
streetview_4184_right.jpg,streetview_4184_left.jpg,37.77770521,-122.4945845,140.9
streetview_4185_right.jpg,streetview_4185_left.jpg,37.75636298,-122.4726214,92.6
streetview_4186_right.jpg,streetview_4186_left.jpg,37.75480454,-122.4292081,246.1
streetview_4187_right.jpg,streetview_4187_left.jpg,37.73186804,-122.4945687,113.7
streetview_4188_right.jpg,streetview_4188_left.jpg,37.71558964,-122.4476871,8.8
streetview_4189_right.jpg,streetview_4189_left.jpg,37.7975682,-122.4316809,184.1
streetview_4190_right.jpg,streetview_4190_left.jpg,37.71673726,-122.43904,64.6
streetview_4191_right.jpg,streetview_4191_left.jpg,37.73997637,-122.377026,337.9
streetview_4192_right.jpg,streetview_4192_left.jpg,37.80235337,-122.4091155,201.2
streetview_4193_right.jpg,streetview_4193_left.jpg,37.71002732,-122.4543151,66.7
streetview_4194_right.jpg,streetview_4194_left.jpg,37.73045637,-122.3942544,343.2
streetview_4195_right.jpg,streetview_4195_left.jpg,37.79584068,-122.4191941,232.5
streetview_4196_right.jpg,streetview_4196_left.jpg,37.76181572,-122.4752001,109.9
streetview_4197_right.jpg,streetview_4197_left.jpg,37.74134204,-122.4037163,245.7
streetview_4198_right.jpg,streetview_4198_left.jpg,37.71973133,-122.4641407,79.4
streetview_4199_right.jpg,streetview_4199_left.jpg,37.72998963,-122.3943608,349.6
streetview_4200_right.jpg,streetview_4200_left.jpg,37.80551217,-122.4118767,242.8
streetview_4201_right.jpg,streetview_4201_left.jpg,37.77988252,-122.4750291,311.2
streetview_4202_right.jpg,streetview_4202_left.jpg,37.7840566,-122.4810685,136.7
streetview_4203_right.jpg,streetview_4203_left.jpg,37.74333699,-122.4325678,107.4
streetview_4204_right.jpg,streetview_4204_left.jpg,37.7284537,-122.3726992,262.8
streetview_4205_right.jpg,streetview_4205_left.jpg,37.72078166,-122.4488643,51.5
streetview_4206_right.jpg,streetview_4206_left.jpg,37.74166813,-122.4156754,150.0
streetview_4207_right.jpg,streetview_4207_left.jpg,37.72871239,-122.4062349,240.3
streetview_4208_right.jpg,streetview_4208_left.jpg,37.71175669,-122.4438248,359.7
streetview_4209_right.jpg,streetview_4209_left.jpg,37.78468307,-122.4442696,210.6
streetview_4210_right.jpg,streetview_4210_left.jpg,37.75337668,-122.4676726,32.3
streetview_4211_right.jpg,streetview_4211_left.jpg,37.79605238,-122.4335828,183.6
streetview_4212_right.jpg,streetview_4212_left.jpg,37.73403418,-122.4384942,9.9
streetview_4213_right.jpg,streetview_4213_left.jpg,37.78987842,-122.426152,222.5
streetview_4214_right.jpg,streetview_4214_left.jpg,37.75070971,-122.4715697,149.0
streetview_4215_right.jpg,streetview_4215_left.jpg,37.73709333,-122.4612425,37.2
streetview_4216_right.jpg,streetview_4216_left.jpg,37.79214982,-122.40826,239.1
streetview_4217_right.jpg,streetview_4217_left.jpg,37.76566019,-122.464265,30.6
streetview_4218_right.jpg,streetview_4218_left.jpg,37.79912421,-122.4392643,170.1
streetview_4219_right.jpg,streetview_4219_left.jpg,37.73401587,-122.4248473,133.9
streetview_4220_right.jpg,streetview_4220_left.jpg,37.72182493,-122.4088426,70.2
streetview_4221_right.jpg,streetview_4221_left.jpg,37.73207319,-122.3728485,333.8
streetview_4222_right.jpg,streetview_4222_left.jpg,37.77247398,-122.3980502,325.5
streetview_4223_right.jpg,streetview_4223_left.jpg,37.79221636,-122.4152408,230.4
streetview_4224_right.jpg,streetview_4224_left.jpg,37.75535186,-122.4715708,210.6
streetview_4225_right.jpg,streetview_4225_left.jpg,37.73503711,-122.4867836,17.3
streetview_4226_right.jpg,streetview_4226_left.jpg,37.77440179,-122.4713167,161.0
streetview_4227_right.jpg,streetview_4227_left.jpg,37.75973211,-122.4649259,119.9
streetview_4228_right.jpg,streetview_4228_left.jpg,37.7404111,-122.4225217,263.0
streetview_4229_right.jpg,streetview_4229_left.jpg,37.73778911,-122.4494193,270.5
streetview_4230_right.jpg,streetview_4230_left.jpg,37.73815647,-122.5018456,76.5
streetview_4231_right.jpg,streetview_4231_left.jpg,37.74983056,-122.4404991,309.2
streetview_4232_right.jpg,streetview_4232_left.jpg,37.78332828,-122.4924831,140.3
streetview_4233_right.jpg,streetview_4233_left.jpg,37.78112631,-122.4901742,108.6
streetview_4234_right.jpg,streetview_4234_left.jpg,37.75681034,-122.3988804,248.2
streetview_4235_right.jpg,streetview_4235_left.jpg,37.74764813,-122.427775,306.9
streetview_4236_right.jpg,streetview_4236_left.jpg,37.78371707,-122.4885628,127.1
streetview_4237_right.jpg,streetview_4237_left.jpg,37.73987969,-122.4151956,358.1
streetview_4238_right.jpg,streetview_4238_left.jpg,37.80155654,-122.4178389,203.0
streetview_4239_right.jpg,streetview_4239_left.jpg,37.72633669,-122.4582443,9.0
streetview_4240_right.jpg,streetview_4240_left.jpg,37.77613553,-122.4482499,200.8
streetview_4241_right.jpg,streetview_4241_left.jpg,37.74066454,-122.4653076,141.6
streetview_4242_right.jpg,streetview_4242_left.jpg,37.7333096,-122.4579265,57.9
streetview_4243_right.jpg,streetview_4243_left.jpg,37.7395215,-122.4453935,165.2
streetview_4244_right.jpg,streetview_4244_left.jpg,37.71078795,-122.4358188,71.7
streetview_4245_right.jpg,streetview_4245_left.jpg,37.72257749,-122.3907989,5.3
streetview_4246_right.jpg,streetview_4246_left.jpg,37.75803481,-122.3866566,247.2
streetview_4247_right.jpg,streetview_4247_left.jpg,37.73716294,-122.4494005,199.2
streetview_4248_right.jpg,streetview_4248_left.jpg,37.72909601,-122.4529459,343.6
streetview_4249_right.jpg,streetview_4249_left.jpg,37.78255828,-122.4727946,171.4
streetview_4250_right.jpg,streetview_4250_left.jpg,37.72243109,-122.4612331,87.5
streetview_4251_right.jpg,streetview_4251_left.jpg,37.72443164,-122.4022604,296.4
streetview_4252_right.jpg,streetview_4252_left.jpg,37.76088575,-122.4953801,150.6
streetview_4253_right.jpg,streetview_4253_left.jpg,37.71315368,-122.4613756,17.0
streetview_4254_right.jpg,streetview_4254_left.jpg,37.74294845,-122.4498604,253.0
streetview_4255_right.jpg,streetview_4255_left.jpg,37.73157721,-122.4968236,91.3
streetview_4256_right.jpg,streetview_4256_left.jpg,37.73068933,-122.4480862,331.3
streetview_4257_right.jpg,streetview_4257_left.jpg,37.77711445,-122.4802084,235.4
streetview_4258_right.jpg,streetview_4258_left.jpg,37.76221782,-122.5074744,110.6
streetview_4259_right.jpg,streetview_4259_left.jpg,37.73899573,-122.4293234,108.8
streetview_4260_right.jpg,streetview_4260_left.jpg,37.73132793,-122.40084,305.3
streetview_4261_right.jpg,streetview_4261_left.jpg,37.77934802,-122.4868192,67.3
streetview_4262_right.jpg,streetview_4262_left.jpg,37.79913259,-122.4268971,169.8
streetview_4263_right.jpg,streetview_4263_left.jpg,37.73124778,-122.4114401,293.3
streetview_4264_right.jpg,streetview_4264_left.jpg,37.75139054,-122.4706182,103.6
streetview_4265_right.jpg,streetview_4265_left.jpg,37.74170667,-122.4198791,273.2
streetview_4266_right.jpg,streetview_4266_left.jpg,37.74548401,-122.5052314,51.0
streetview_4267_right.jpg,streetview_4267_left.jpg,37.80006006,-122.4197731,197.9
streetview_4268_right.jpg,streetview_4268_left.jpg,37.72883113,-122.4488359,268.7
streetview_4269_right.jpg,streetview_4269_left.jpg,37.72868006,-122.4572378,188.1
streetview_4270_right.jpg,streetview_4270_left.jpg,37.71228456,-122.460192,322.6
streetview_4271_right.jpg,streetview_4271_left.jpg,37.71791231,-122.4656279,25.7
streetview_4272_right.jpg,streetview_4272_left.jpg,37.79562826,-122.4183153,233.2
streetview_4273_right.jpg,streetview_4273_left.jpg,37.75771127,-122.4824356,39.0
streetview_4274_right.jpg,streetview_4274_left.jpg,37.79974728,-122.43939,116.1
streetview_4275_right.jpg,streetview_4275_left.jpg,37.79267102,-122.4210997,186.0
streetview_4276_right.jpg,streetview_4276_left.jpg,37.73572951,-122.4286055,234.3
streetview_4277_right.jpg,streetview_4277_left.jpg,37.71489339,-122.465295,354.3
streetview_4278_right.jpg,streetview_4278_left.jpg,37.75636512,-122.4705382,29.7
streetview_4279_right.jpg,streetview_4279_left.jpg,37.77579124,-122.4565241,48.3
streetview_4280_right.jpg,streetview_4280_left.jpg,37.80088244,-122.4208437,178.1
streetview_4281_right.jpg,streetview_4281_left.jpg,37.74553622,-122.4185176,356.2
streetview_4282_right.jpg,streetview_4282_left.jpg,37.80497257,-122.4235798,213.2
streetview_4283_right.jpg,streetview_4283_left.jpg,37.74824937,-122.4705747,263.6
streetview_4284_right.jpg,streetview_4284_left.jpg,37.74579763,-122.4980839,13.7
streetview_4285_right.jpg,streetview_4285_left.jpg,37.77800024,-122.4881498,116.8
streetview_4286_right.jpg,streetview_4286_left.jpg,37.76433516,-122.4539715,241.2
streetview_4287_right.jpg,streetview_4287_left.jpg,37.74656074,-122.4948131,98.8
streetview_4288_right.jpg,streetview_4288_left.jpg,37.73708302,-122.4175966,112.1
streetview_4289_right.jpg,streetview_4289_left.jpg,37.72506981,-122.3801977,264.7
streetview_4290_right.jpg,streetview_4290_left.jpg,37.72067369,-122.4396445,345.1
streetview_4291_right.jpg,streetview_4291_left.jpg,37.76203576,-122.4535227,127.9
streetview_4292_right.jpg,streetview_4292_left.jpg,37.73956599,-122.4170896,159.3
streetview_4293_right.jpg,streetview_4293_left.jpg,37.73035367,-122.4126903,302.9
streetview_4294_right.jpg,streetview_4294_left.jpg,37.77553239,-122.501225,140.7
streetview_4295_right.jpg,streetview_4295_left.jpg,37.73032094,-122.4544701,1.6
streetview_4296_right.jpg,streetview_4296_left.jpg,37.76219669,-122.4533127,135.5
streetview_4297_right.jpg,streetview_4297_left.jpg,37.72427924,-122.406214,317.5
streetview_4298_right.jpg,streetview_4298_left.jpg,37.73111865,-122.4141345,295.5
streetview_4299_right.jpg,streetview_4299_left.jpg,37.76041237,-122.4919421,18.7
streetview_4300_right.jpg,streetview_4300_left.jpg,37.77626509,-122.4851631,139.3
streetview_4301_right.jpg,streetview_4301_left.jpg,37.72332647,-122.4275149,348.9
streetview_4302_right.jpg,streetview_4302_left.jpg,37.73957886,-122.4315581,195.2
streetview_4303_right.jpg,streetview_4303_left.jpg,37.721314,-122.4378427,357.5
streetview_4304_right.jpg,streetview_4304_left.jpg,37.80384225,-122.4424817,175.9
streetview_4305_right.jpg,streetview_4305_left.jpg,37.74203871,-122.4368409,39.0
streetview_4306_right.jpg,streetview_4306_left.jpg,37.74571164,-122.4330803,261.1
streetview_4307_right.jpg,streetview_4307_left.jpg,37.73867451,-122.4900619,100.0
streetview_4308_right.jpg,streetview_4308_left.jpg,37.72937363,-122.4233643,339.1
streetview_4309_right.jpg,streetview_4309_left.jpg,37.74973651,-122.4331797,149.3
streetview_4310_right.jpg,streetview_4310_left.jpg,37.72033453,-122.4111335,19.6
streetview_4311_right.jpg,streetview_4311_left.jpg,37.73432064,-122.4048489,276.0
streetview_4312_right.jpg,streetview_4312_left.jpg,37.738848,-122.4594039,167.5
streetview_4313_right.jpg,streetview_4313_left.jpg,37.73538672,-122.4584363,304.4
streetview_4314_right.jpg,streetview_4314_left.jpg,37.75931824,-122.5026136,72.2
streetview_4315_right.jpg,streetview_4315_left.jpg,37.78433019,-122.4040696,209.1
streetview_4316_right.jpg,streetview_4316_left.jpg,37.72120068,-122.4485715,312.0
streetview_4317_right.jpg,streetview_4317_left.jpg,37.74818434,-122.486426,112.8
streetview_4318_right.jpg,streetview_4318_left.jpg,37.72231105,-122.4086793,294.7
streetview_4319_right.jpg,streetview_4319_left.jpg,37.74195159,-122.4626557,266.2
streetview_4320_right.jpg,streetview_4320_left.jpg,37.74067533,-122.4869789,43.4
streetview_4321_right.jpg,streetview_4321_left.jpg,37.79609319,-122.4206535,233.6
streetview_4322_right.jpg,streetview_4322_left.jpg,37.77761463,-122.4523533,20.3
streetview_4323_right.jpg,streetview_4323_left.jpg,37.79347057,-122.4449242,163.7
streetview_4324_right.jpg,streetview_4324_left.jpg,37.73447958,-122.423172,203.5
streetview_4325_right.jpg,streetview_4325_left.jpg,37.71256096,-122.4351939,21.6
streetview_4326_right.jpg,streetview_4326_left.jpg,37.72420992,-122.4293683,288.9
streetview_4327_right.jpg,streetview_4327_left.jpg,37.74054936,-122.4898355,112.2
streetview_4328_right.jpg,streetview_4328_left.jpg,37.72355671,-122.4371026,22.6
streetview_4329_right.jpg,streetview_4329_left.jpg,37.79607865,-122.3989176,260.6
streetview_4330_right.jpg,streetview_4330_left.jpg,37.78531096,-122.4808031,98.1
streetview_4331_right.jpg,streetview_4331_left.jpg,37.77771476,-122.4134741,212.6
streetview_4332_right.jpg,streetview_4332_left.jpg,37.71613358,-122.4632697,63.8
streetview_4333_right.jpg,streetview_4333_left.jpg,37.73582961,-122.412539,84.0
streetview_4334_right.jpg,streetview_4334_left.jpg,37.73793622,-122.3873272,257.2
streetview_4335_right.jpg,streetview_4335_left.jpg,37.73611604,-122.3974478,293.7
streetview_4336_right.jpg,streetview_4336_left.jpg,37.73660635,-122.3988599,338.5
streetview_4337_right.jpg,streetview_4337_left.jpg,37.79425367,-122.4275985,159.1
streetview_4338_right.jpg,streetview_4338_left.jpg,37.7476491,-122.4050409,222.7
streetview_4339_right.jpg,streetview_4339_left.jpg,37.71907317,-122.4383611,57.0
streetview_4340_right.jpg,streetview_4340_left.jpg,37.72790137,-122.4211828,341.3
streetview_4341_right.jpg,streetview_4341_left.jpg,37.77910283,-122.4431384,173.3
streetview_4342_right.jpg,streetview_4342_left.jpg,37.73644538,-122.436789,101.5
streetview_4343_right.jpg,streetview_4343_left.jpg,37.72864332,-122.3881613,268.8
streetview_4344_right.jpg,streetview_4344_left.jpg,37.72806476,-122.423439,163.3
streetview_4345_right.jpg,streetview_4345_left.jpg,37.71029515,-122.4167149,42.7
streetview_4346_right.jpg,streetview_4346_left.jpg,37.71872432,-122.4068644,321.5
streetview_4347_right.jpg,streetview_4347_left.jpg,37.78383047,-122.4724609,214.7
streetview_4348_right.jpg,streetview_4348_left.jpg,37.74674205,-122.5049597,70.9
streetview_4349_right.jpg,streetview_4349_left.jpg,37.75640239,-122.4697048,164.9
streetview_4350_right.jpg,streetview_4350_left.jpg,37.72527652,-122.4591158,220.0
streetview_4351_right.jpg,streetview_4351_left.jpg,37.72108352,-122.4635627,113.3
streetview_4352_right.jpg,streetview_4352_left.jpg,37.71439054,-122.4439232,330.9
streetview_4353_right.jpg,streetview_4353_left.jpg,37.76471915,-122.4793425,173.2
streetview_4354_right.jpg,streetview_4354_left.jpg,37.74674499,-122.4766381,23.7
streetview_4355_right.jpg,streetview_4355_left.jpg,37.78727124,-122.4541286,161.2
streetview_4356_right.jpg,streetview_4356_left.jpg,37.76263815,-122.4435359,25.0
streetview_4357_right.jpg,streetview_4357_left.jpg,37.79365264,-122.425229,67.9
streetview_4358_right.jpg,streetview_4358_left.jpg,37.79991656,-122.4056695,178.8
streetview_4359_right.jpg,streetview_4359_left.jpg,37.72890403,-122.4038099,322.4
streetview_4360_right.jpg,streetview_4360_left.jpg,37.7502527,-122.4245974,269.1
streetview_4361_right.jpg,streetview_4361_left.jpg,37.74969779,-122.4683373,146.8
streetview_4362_right.jpg,streetview_4362_left.jpg,37.71330731,-122.4382122,347.9
streetview_4363_right.jpg,streetview_4363_left.jpg,37.77977351,-122.4562669,172.2
streetview_4364_right.jpg,streetview_4364_left.jpg,37.74883024,-122.4509391,195.4
streetview_4365_right.jpg,streetview_4365_left.jpg,37.7330802,-122.4564381,13.0
streetview_4366_right.jpg,streetview_4366_left.jpg,37.75168762,-122.4510156,317.3
streetview_4367_right.jpg,streetview_4367_left.jpg,37.77827515,-122.4820835,188.5
streetview_4368_right.jpg,streetview_4368_left.jpg,37.74372519,-122.4886223,126.7
streetview_4369_right.jpg,streetview_4369_left.jpg,37.71863612,-122.4460152,300.4
streetview_4370_right.jpg,streetview_4370_left.jpg,37.74040749,-122.4930507,101.7
streetview_4371_right.jpg,streetview_4371_left.jpg,37.72868069,-122.4215053,336.2
streetview_4372_right.jpg,streetview_4372_left.jpg,37.75750879,-122.4375895,274.8
streetview_4373_right.jpg,streetview_4373_left.jpg,37.7621705,-122.5085435,127.4
streetview_4374_right.jpg,streetview_4374_left.jpg,37.73108382,-122.4571826,11.9
streetview_4375_right.jpg,streetview_4375_left.jpg,37.7842033,-122.4430415,128.9
streetview_4376_right.jpg,streetview_4376_left.jpg,37.75327377,-122.3946506,234.3
streetview_4377_right.jpg,streetview_4377_left.jpg,37.71468805,-122.462594,69.3
streetview_4378_right.jpg,streetview_4378_left.jpg,37.72856855,-122.4160101,290.7
streetview_4379_right.jpg,streetview_4379_left.jpg,37.75433342,-122.5022639,54.9
streetview_4380_right.jpg,streetview_4380_left.jpg,37.78913355,-122.4395026,71.0
streetview_4381_right.jpg,streetview_4381_left.jpg,37.79593462,-122.4145079,253.0
streetview_4382_right.jpg,streetview_4382_left.jpg,37.78194589,-122.4723231,54.0
streetview_4383_right.jpg,streetview_4383_left.jpg,37.79986048,-122.4410986,183.2
streetview_4384_right.jpg,streetview_4384_left.jpg,37.75343649,-122.4443434,120.3
streetview_4385_right.jpg,streetview_4385_left.jpg,37.73274947,-122.3995306,350.3
streetview_4386_right.jpg,streetview_4386_left.jpg,37.79966795,-122.4140767,231.3
streetview_4387_right.jpg,streetview_4387_left.jpg,37.76049801,-122.4758271,158.4
streetview_4388_right.jpg,streetview_4388_left.jpg,37.7100064,-122.4504998,29.5
streetview_4389_right.jpg,streetview_4389_left.jpg,37.78609624,-122.3959865,263.9
streetview_4390_right.jpg,streetview_4390_left.jpg,37.77909447,-122.4782004,159.5
streetview_4391_right.jpg,streetview_4391_left.jpg,37.75833126,-122.4684053,161.6
streetview_4392_right.jpg,streetview_4392_left.jpg,37.70963637,-122.4479693,89.5
streetview_4393_right.jpg,streetview_4393_left.jpg,37.70967788,-122.4415518,340.9
streetview_4394_right.jpg,streetview_4394_left.jpg,37.71858911,-122.4454539,15.9
streetview_4395_right.jpg,streetview_4395_left.jpg,37.79955192,-122.4162358,36.5
streetview_4396_right.jpg,streetview_4396_left.jpg,37.80063497,-122.4152197,225.2
streetview_4397_right.jpg,streetview_4397_left.jpg,37.78301064,-122.4376928,191.3
streetview_4398_right.jpg,streetview_4398_left.jpg,37.75364064,-122.4450959,311.0
streetview_4399_right.jpg,streetview_4399_left.jpg,37.76428359,-122.460589,118.7
streetview_4400_right.jpg,streetview_4400_left.jpg,37.75746276,-122.4448527,141.0
streetview_4401_right.jpg,streetview_4401_left.jpg,37.72856752,-122.415274,215.4
streetview_4402_right.jpg,streetview_4402_left.jpg,37.70846501,-122.4333205,27.4
streetview_4403_right.jpg,streetview_4403_left.jpg,37.73793053,-122.4140168,247.5
streetview_4404_right.jpg,streetview_4404_left.jpg,37.73359022,-122.4272484,128.6
streetview_4405_right.jpg,streetview_4405_left.jpg,37.71877287,-122.4038091,299.1
streetview_4406_right.jpg,streetview_4406_left.jpg,37.74881573,-122.4721119,101.1
streetview_4407_right.jpg,streetview_4407_left.jpg,37.73984123,-122.4145749,210.4
streetview_4408_right.jpg,streetview_4408_left.jpg,37.7126942,-122.4347304,43.6
streetview_4409_right.jpg,streetview_4409_left.jpg,37.73451637,-122.4084905,264.3
streetview_4410_right.jpg,streetview_4410_left.jpg,37.73055117,-122.4582665,54.0
streetview_4411_right.jpg,streetview_4411_left.jpg,37.73599997,-122.4487903,321.0
streetview_4412_right.jpg,streetview_4412_left.jpg,37.76476703,-122.4782682,344.8
streetview_4413_right.jpg,streetview_4413_left.jpg,37.7844996,-122.4850446,148.9
streetview_4414_right.jpg,streetview_4414_left.jpg,37.72392208,-122.4388903,296.5
streetview_4415_right.jpg,streetview_4415_left.jpg,37.75042632,-122.5062927,81.1
streetview_4416_right.jpg,streetview_4416_left.jpg,37.76295487,-122.404322,209.1
streetview_4417_right.jpg,streetview_4417_left.jpg,37.71610796,-122.437319,75.0
streetview_4418_right.jpg,streetview_4418_left.jpg,37.72153979,-122.4116333,310.8
streetview_4419_right.jpg,streetview_4419_left.jpg,37.74911954,-122.4521098,300.1
streetview_4420_right.jpg,streetview_4420_left.jpg,37.77346862,-122.5053795,121.9
streetview_4421_right.jpg,streetview_4421_left.jpg,37.72553804,-122.4081967,331.0
streetview_4422_right.jpg,streetview_4422_left.jpg,37.76838782,-122.4383039,34.6
streetview_4423_right.jpg,streetview_4423_left.jpg,37.80300709,-122.4080473,215.5
streetview_4424_right.jpg,streetview_4424_left.jpg,37.76427139,-122.4430533,307.5
streetview_4425_right.jpg,streetview_4425_left.jpg,37.78312565,-122.4741435,215.6
streetview_4426_right.jpg,streetview_4426_left.jpg,37.75703436,-122.4977932,95.2
streetview_4427_right.jpg,streetview_4427_left.jpg,37.75371227,-122.4520819,38.4
streetview_4428_right.jpg,streetview_4428_left.jpg,37.80099923,-122.4046875,224.5
streetview_4429_right.jpg,streetview_4429_left.jpg,37.74497586,-122.4743854,107.7
streetview_4430_right.jpg,streetview_4430_left.jpg,37.72268248,-122.385993,299.9
streetview_4431_right.jpg,streetview_4431_left.jpg,37.76186172,-122.4722752,201.3
streetview_4432_right.jpg,streetview_4432_left.jpg,37.73173069,-122.4871071,100.5
streetview_4433_right.jpg,streetview_4433_left.jpg,37.71681253,-122.385632,349.4
streetview_4434_right.jpg,streetview_4434_left.jpg,37.76299947,-122.3965539,257.2
streetview_4435_right.jpg,streetview_4435_left.jpg,37.74530398,-122.4951843,107.4
streetview_4436_right.jpg,streetview_4436_left.jpg,37.72351081,-122.4073521,352.1
streetview_4437_right.jpg,streetview_4437_left.jpg,37.74083022,-122.4104004,318.7
streetview_4438_right.jpg,streetview_4438_left.jpg,37.77772766,-122.4514654,223.1
streetview_4439_right.jpg,streetview_4439_left.jpg,37.75476436,-122.4786467,256.0
streetview_4440_right.jpg,streetview_4440_left.jpg,37.74994591,-122.503035,352.6
streetview_4441_right.jpg,streetview_4441_left.jpg,37.77278154,-122.506764,114.2
streetview_4442_right.jpg,streetview_4442_left.jpg,37.74039303,-122.4155695,301.6
streetview_4443_right.jpg,streetview_4443_left.jpg,37.7732366,-122.4831523,217.5
streetview_4444_right.jpg,streetview_4444_left.jpg,37.75046961,-122.5052219,10.1
streetview_4445_right.jpg,streetview_4445_left.jpg,37.77968882,-122.4986692,116.1
streetview_4446_right.jpg,streetview_4446_left.jpg,37.7427578,-122.4033282,306.7
streetview_4447_right.jpg,streetview_4447_left.jpg,37.76893059,-122.4478297,176.4
streetview_4448_right.jpg,streetview_4448_left.jpg,37.71034415,-122.4432118,38.0
streetview_4449_right.jpg,streetview_4449_left.jpg,37.747867,-122.4061632,224.7
streetview_4450_right.jpg,streetview_4450_left.jpg,37.71002559,-122.4534231,85.3
streetview_4451_right.jpg,streetview_4451_left.jpg,37.71099046,-122.4386624,47.6
streetview_4452_right.jpg,streetview_4452_left.jpg,37.73781938,-122.4015597,272.0
streetview_4453_right.jpg,streetview_4453_left.jpg,37.7403444,-122.4944798,39.3
streetview_4454_right.jpg,streetview_4454_left.jpg,37.7895219,-122.4435596,190.2
streetview_4455_right.jpg,streetview_4455_left.jpg,37.72528217,-122.4582394,21.2
streetview_4456_right.jpg,streetview_4456_left.jpg,37.75791294,-122.442236,262.2
streetview_4457_right.jpg,streetview_4457_left.jpg,37.75507386,-122.4684798,28.5
streetview_4458_right.jpg,streetview_4458_left.jpg,37.79790904,-122.4390185,186.9
streetview_4459_right.jpg,streetview_4459_left.jpg,37.78223187,-122.4414233,156.4
streetview_4460_right.jpg,streetview_4460_left.jpg,37.74223598,-122.4192868,303.1
streetview_4461_right.jpg,streetview_4461_left.jpg,37.76479815,-122.4631336,138.2
streetview_4462_right.jpg,streetview_4462_left.jpg,37.71563461,-122.4075914,264.9
streetview_4463_right.jpg,streetview_4463_left.jpg,37.71198915,-122.459,42.8
streetview_4464_right.jpg,streetview_4464_left.jpg,37.74602948,-122.4191254,285.1
streetview_4465_right.jpg,streetview_4465_left.jpg,37.7585372,-122.4778384,111.8
streetview_4466_right.jpg,streetview_4466_left.jpg,37.73901794,-122.4160942,153.0
streetview_4467_right.jpg,streetview_4467_left.jpg,37.71926033,-122.4033911,277.1
streetview_4468_right.jpg,streetview_4468_left.jpg,37.7217613,-122.4286926,48.2
streetview_4469_right.jpg,streetview_4469_left.jpg,37.74463523,-122.3963467,254.8
streetview_4470_right.jpg,streetview_4470_left.jpg,37.73331185,-122.448863,82.5
streetview_4471_right.jpg,streetview_4471_left.jpg,37.73582686,-122.4245331,25.9
streetview_4472_right.jpg,streetview_4472_left.jpg,37.79117485,-122.3905966,195.2
streetview_4473_right.jpg,streetview_4473_left.jpg,37.73274885,-122.410638,340.2
streetview_4474_right.jpg,streetview_4474_left.jpg,37.80377171,-122.443036,186.5
streetview_4475_right.jpg,streetview_4475_left.jpg,37.71348417,-122.456044,345.1
streetview_4476_right.jpg,streetview_4476_left.jpg,37.7753966,-122.4768626,152.1
streetview_4477_right.jpg,streetview_4477_left.jpg,37.70893168,-122.4323664,12.5
streetview_4478_right.jpg,streetview_4478_left.jpg,37.7451834,-122.4222174,119.9
streetview_4479_right.jpg,streetview_4479_left.jpg,37.73859954,-122.4077195,229.1
streetview_4480_right.jpg,streetview_4480_left.jpg,37.71196742,-122.4465518,67.7
streetview_4481_right.jpg,streetview_4481_left.jpg,37.72700689,-122.4002526,292.3
streetview_4482_right.jpg,streetview_4482_left.jpg,37.7497233,-122.470446,40.7
streetview_4483_right.jpg,streetview_4483_left.jpg,37.76461433,-122.4542675,173.4
streetview_4484_right.jpg,streetview_4484_left.jpg,37.71640151,-122.4472052,336.9
streetview_4485_right.jpg,streetview_4485_left.jpg,37.75217784,-122.4665447,282.7
streetview_4486_right.jpg,streetview_4486_left.jpg,37.7586805,-122.5029267,207.1
streetview_4487_right.jpg,streetview_4487_left.jpg,37.75097582,-122.507918,130.8
streetview_4488_right.jpg,streetview_4488_left.jpg,37.71015009,-122.4482468,20.9
streetview_4489_right.jpg,streetview_4489_left.jpg,37.80003158,-122.4047685,222.9
streetview_4490_right.jpg,streetview_4490_left.jpg,37.73232486,-122.4842101,53.5
streetview_4491_right.jpg,streetview_4491_left.jpg,37.78704096,-122.3906531,204.6
streetview_4492_right.jpg,streetview_4492_left.jpg,37.72111607,-122.4288092,71.0
streetview_4493_right.jpg,streetview_4493_left.jpg,37.73193343,-122.3889648,219.7
streetview_4494_right.jpg,streetview_4494_left.jpg,37.71569735,-122.4059812,287.3
streetview_4495_right.jpg,streetview_4495_left.jpg,37.72318565,-122.436402,353.9
streetview_4496_right.jpg,streetview_4496_left.jpg,37.78301245,-122.4444939,170.0
streetview_4497_right.jpg,streetview_4497_left.jpg,37.74296716,-122.4355376,152.3
streetview_4498_right.jpg,streetview_4498_left.jpg,37.72738023,-122.4252095,2.0
streetview_4499_right.jpg,streetview_4499_left.jpg,37.80354593,-122.4218404,214.4
streetview_4500_right.jpg,streetview_4500_left.jpg,37.75089669,-122.4674361,128.0
streetview_4501_right.jpg,streetview_4501_left.jpg,37.71344691,-122.4069478,339.2
streetview_4502_right.jpg,streetview_4502_left.jpg,37.74112187,-122.4202601,340.9
streetview_4503_right.jpg,streetview_4503_left.jpg,37.77199508,-122.4337852,179.3
streetview_4504_right.jpg,streetview_4504_left.jpg,37.74356532,-122.4333326,182.4
streetview_4505_right.jpg,streetview_4505_left.jpg,37.71760332,-122.4347348,311.6
streetview_4506_right.jpg,streetview_4506_left.jpg,37.73145955,-122.4544659,76.6
streetview_4507_right.jpg,streetview_4507_left.jpg,37.7401548,-122.4081063,289.8
streetview_4508_right.jpg,streetview_4508_left.jpg,37.74399494,-122.4216037,271.5
streetview_4509_right.jpg,streetview_4509_left.jpg,37.74502892,-122.4731659,29.2
streetview_4510_right.jpg,streetview_4510_left.jpg,37.76385058,-122.4598432,42.6
streetview_4511_right.jpg,streetview_4511_left.jpg,37.80595641,-122.410845,200.2
streetview_4512_right.jpg,streetview_4512_left.jpg,37.73405596,-122.4443137,100.2
streetview_4513_right.jpg,streetview_4513_left.jpg,37.72487135,-122.3798481,290.4
streetview_4514_right.jpg,streetview_4514_left.jpg,37.73518045,-122.4148875,109.5
streetview_4515_right.jpg,streetview_4515_left.jpg,37.73260969,-122.4056962,304.6
streetview_4516_right.jpg,streetview_4516_left.jpg,37.78093086,-122.4944614,160.6
streetview_4517_right.jpg,streetview_4517_left.jpg,37.73105908,-122.4723151,75.7
streetview_4518_right.jpg,streetview_4518_left.jpg,37.7469575,-122.3932655,252.9
streetview_4519_right.jpg,streetview_4519_left.jpg,37.73611691,-122.4379075,91.4
streetview_4520_right.jpg,streetview_4520_left.jpg,37.73516388,-122.3879824,240.0
streetview_4521_right.jpg,streetview_4521_left.jpg,37.71165627,-122.4394078,37.6
streetview_4522_right.jpg,streetview_4522_left.jpg,37.75268691,-122.3993942,274.3
streetview_4523_right.jpg,streetview_4523_left.jpg,37.75872748,-122.5018523,75.0
streetview_4524_right.jpg,streetview_4524_left.jpg,37.77031272,-122.4469847,298.2
streetview_4525_right.jpg,streetview_4525_left.jpg,37.78243628,-122.4755805,72.5
streetview_4526_right.jpg,streetview_4526_left.jpg,37.79411357,-122.4286952,221.9
streetview_4527_right.jpg,streetview_4527_left.jpg,37.75304091,-122.4753077,54.8
streetview_4528_right.jpg,streetview_4528_left.jpg,37.76703709,-122.4501966,7.3
streetview_4529_right.jpg,streetview_4529_left.jpg,37.79775585,-122.4452242,210.5
streetview_4530_right.jpg,streetview_4530_left.jpg,37.75224632,-122.4791885,137.3
streetview_4531_right.jpg,streetview_4531_left.jpg,37.71589915,-122.4367505,25.0
streetview_4532_right.jpg,streetview_4532_left.jpg,37.78837856,-122.3940692,233.1
streetview_4533_right.jpg,streetview_4533_left.jpg,37.75492868,-122.4504889,274.9
streetview_4534_right.jpg,streetview_4534_left.jpg,37.75595371,-122.4657354,43.1
streetview_4535_right.jpg,streetview_4535_left.jpg,37.79836618,-122.4154973,176.9
streetview_4536_right.jpg,streetview_4536_left.jpg,37.7352939,-122.4111345,225.2
streetview_4537_right.jpg,streetview_4537_left.jpg,37.71225271,-122.4404266,34.3
streetview_4538_right.jpg,streetview_4538_left.jpg,37.73018775,-122.4249725,115.5
streetview_4539_right.jpg,streetview_4539_left.jpg,37.7233828,-122.406934,338.9
streetview_4540_right.jpg,streetview_4540_left.jpg,37.80428294,-122.4465392,183.1
streetview_4541_right.jpg,streetview_4541_left.jpg,37.78383686,-122.4479332,74.3
streetview_4542_right.jpg,streetview_4542_left.jpg,37.78993593,-122.4205459,147.2
streetview_4543_right.jpg,streetview_4543_left.jpg,37.75513128,-122.3922167,217.4
streetview_4544_right.jpg,streetview_4544_left.jpg,37.73464497,-122.4120212,260.7
streetview_4545_right.jpg,streetview_4545_left.jpg,37.72761639,-122.466201,68.3
streetview_4546_right.jpg,streetview_4546_left.jpg,37.74516723,-122.4104511,7.0
streetview_4547_right.jpg,streetview_4547_left.jpg,37.76189192,-122.4078415,174.4
streetview_4548_right.jpg,streetview_4548_left.jpg,37.72634289,-122.4034231,283.7
streetview_4549_right.jpg,streetview_4549_left.jpg,37.74100719,-122.4794781,61.7
streetview_4550_right.jpg,streetview_4550_left.jpg,37.76207925,-122.4299066,157.4
streetview_4551_right.jpg,streetview_4551_left.jpg,37.72262613,-122.4091728,320.5
streetview_4552_right.jpg,streetview_4552_left.jpg,37.73735563,-122.4245405,54.3
streetview_4553_right.jpg,streetview_4553_left.jpg,37.75205969,-122.3986703,241.7
streetview_4554_right.jpg,streetview_4554_left.jpg,37.71988395,-122.474062,1.2
streetview_4555_right.jpg,streetview_4555_left.jpg,37.75313609,-122.4731643,128.1
streetview_4556_right.jpg,streetview_4556_left.jpg,37.7294925,-122.4350108,325.6
streetview_4557_right.jpg,streetview_4557_left.jpg,37.77488972,-122.4742997,139.9
streetview_4558_right.jpg,streetview_4558_left.jpg,37.75653141,-122.4547744,294.8
streetview_4559_right.jpg,streetview_4559_left.jpg,37.77612896,-122.5084356,129.5
streetview_4560_right.jpg,streetview_4560_left.jpg,37.72345687,-122.4277885,141.4
streetview_4561_right.jpg,streetview_4561_left.jpg,37.70883017,-122.4130054,300.4
streetview_4562_right.jpg,streetview_4562_left.jpg,37.75285231,-122.5078295,136.5
streetview_4563_right.jpg,streetview_4563_left.jpg,37.71316097,-122.4601941,324.0
streetview_4564_right.jpg,streetview_4564_left.jpg,37.75152872,-122.4954411,185.7
streetview_4565_right.jpg,streetview_4565_left.jpg,37.73208052,-122.4978991,89.5
streetview_4566_right.jpg,streetview_4566_left.jpg,37.73271779,-122.4087037,287.5
streetview_4567_right.jpg,streetview_4567_left.jpg,37.7567205,-122.5049394,61.3
streetview_4568_right.jpg,streetview_4568_left.jpg,37.79600337,-122.4139615,197.2
streetview_4569_right.jpg,streetview_4569_left.jpg,37.72835175,-122.4404832,312.9
streetview_4570_right.jpg,streetview_4570_left.jpg,37.75956023,-122.4829232,153.2
streetview_4571_right.jpg,streetview_4571_left.jpg,37.72401068,-122.46022,28.4
streetview_4572_right.jpg,streetview_4572_left.jpg,37.77516779,-122.4251549,271.8
streetview_4573_right.jpg,streetview_4573_left.jpg,37.77608497,-122.4617663,136.5
streetview_4574_right.jpg,streetview_4574_left.jpg,37.72662645,-122.4023534,279.5
streetview_4575_right.jpg,streetview_4575_left.jpg,37.73041184,-122.4308582,158.8
streetview_4576_right.jpg,streetview_4576_left.jpg,37.7213866,-122.4264251,316.0
streetview_4577_right.jpg,streetview_4577_left.jpg,37.72634699,-122.4324818,251.5
streetview_4578_right.jpg,streetview_4578_left.jpg,37.72181994,-122.4495764,193.3
streetview_4579_right.jpg,streetview_4579_left.jpg,37.71455586,-122.4517433,106.1
streetview_4580_right.jpg,streetview_4580_left.jpg,37.71170113,-122.4392388,10.5
streetview_4581_right.jpg,streetview_4581_left.jpg,37.73160737,-122.4345556,129.2
streetview_4582_right.jpg,streetview_4582_left.jpg,37.71492633,-122.4086888,329.6
streetview_4583_right.jpg,streetview_4583_left.jpg,37.74426955,-122.4304278,213.5
streetview_4584_right.jpg,streetview_4584_left.jpg,37.73044762,-122.4420019,323.8
streetview_4585_right.jpg,streetview_4585_left.jpg,37.78553215,-122.4929512,126.6
streetview_4586_right.jpg,streetview_4586_left.jpg,37.74396314,-122.4221957,223.6
streetview_4587_right.jpg,streetview_4587_left.jpg,37.71937333,-122.4518293,82.7
streetview_4588_right.jpg,streetview_4588_left.jpg,37.72079288,-122.437767,355.8
streetview_4589_right.jpg,streetview_4589_left.jpg,37.75967004,-122.4413398,209.3
streetview_4590_right.jpg,streetview_4590_left.jpg,37.71787634,-122.4710208,2.2
streetview_4591_right.jpg,streetview_4591_left.jpg,37.78528637,-122.4677969,145.7
streetview_4592_right.jpg,streetview_4592_left.jpg,37.73830363,-122.4272572,269.6
streetview_4593_right.jpg,streetview_4593_left.jpg,37.73791073,-122.4936137,321.9
streetview_4594_right.jpg,streetview_4594_left.jpg,37.74565656,-122.5013003,117.8
streetview_4595_right.jpg,streetview_4595_left.jpg,37.70965855,-122.4151572,1.7
streetview_4596_right.jpg,streetview_4596_left.jpg,37.79915637,-122.4117618,212.7
streetview_4597_right.jpg,streetview_4597_left.jpg,37.75308895,-122.4491855,9.4
streetview_4598_right.jpg,streetview_4598_left.jpg,37.78884844,-122.4417273,185.0
streetview_4599_right.jpg,streetview_4599_left.jpg,37.71879792,-122.4494284,29.6
streetview_4600_right.jpg,streetview_4600_left.jpg,37.76526734,-122.4160157,244.1
streetview_4601_right.jpg,streetview_4601_left.jpg,37.73760245,-122.4881166,35.6
streetview_4602_right.jpg,streetview_4602_left.jpg,37.80195997,-122.4297175,157.7
streetview_4603_right.jpg,streetview_4603_left.jpg,37.71758727,-122.385874,291.4
streetview_4604_right.jpg,streetview_4604_left.jpg,37.72770945,-122.4185566,28.1
streetview_4605_right.jpg,streetview_4605_left.jpg,37.73924296,-122.4107699,275.4
streetview_4606_right.jpg,streetview_4606_left.jpg,37.74419611,-122.4779114,109.5
streetview_4607_right.jpg,streetview_4607_left.jpg,37.73179498,-122.4336385,299.6
streetview_4608_right.jpg,streetview_4608_left.jpg,37.76189779,-122.5006427,107.8
streetview_4609_right.jpg,streetview_4609_left.jpg,37.73317429,-122.3878488,337.2
streetview_4610_right.jpg,streetview_4610_left.jpg,37.75332053,-122.3985471,246.6
streetview_4611_right.jpg,streetview_4611_left.jpg,37.73620096,-122.4486368,24.8
streetview_4612_right.jpg,streetview_4612_left.jpg,37.73904534,-122.4469739,311.7
streetview_4613_right.jpg,streetview_4613_left.jpg,37.77446698,-122.4972161,68.6
streetview_4614_right.jpg,streetview_4614_left.jpg,37.80013092,-122.41417,208.8
streetview_4615_right.jpg,streetview_4615_left.jpg,37.76146851,-122.4410103,68.5
streetview_4616_right.jpg,streetview_4616_left.jpg,37.7761473,-122.3937962,223.6
streetview_4617_right.jpg,streetview_4617_left.jpg,37.71792425,-122.4638294,29.3
streetview_4618_right.jpg,streetview_4618_left.jpg,37.79993629,-122.405515,227.9
streetview_4619_right.jpg,streetview_4619_left.jpg,37.75656195,-122.4661354,121.5
streetview_4620_right.jpg,streetview_4620_left.jpg,37.72859801,-122.408371,237.9
streetview_4621_right.jpg,streetview_4621_left.jpg,37.71268968,-122.4404166,306.3
streetview_4622_right.jpg,streetview_4622_left.jpg,37.72124048,-122.4551123,318.1
streetview_4623_right.jpg,streetview_4623_left.jpg,37.7606888,-122.4998416,106.5
streetview_4624_right.jpg,streetview_4624_left.jpg,37.73114061,-122.3736903,317.1
streetview_4625_right.jpg,streetview_4625_left.jpg,37.76217886,-122.4101481,202.6
streetview_4626_right.jpg,streetview_4626_left.jpg,37.74224744,-122.4206417,230.2
streetview_4627_right.jpg,streetview_4627_left.jpg,37.72234215,-122.4508864,321.6
streetview_4628_right.jpg,streetview_4628_left.jpg,37.72795975,-122.4565143,341.5
streetview_4629_right.jpg,streetview_4629_left.jpg,37.7421532,-122.4625163,116.0
streetview_4630_right.jpg,streetview_4630_left.jpg,37.72923674,-122.4291094,285.3
streetview_4631_right.jpg,streetview_4631_left.jpg,37.74137669,-122.4852364,95.5
streetview_4632_right.jpg,streetview_4632_left.jpg,37.73381099,-122.3872762,287.7
streetview_4633_right.jpg,streetview_4633_left.jpg,37.75473636,-122.470338,119.2
streetview_4634_right.jpg,streetview_4634_left.jpg,37.71858615,-122.3887524,294.7
streetview_4635_right.jpg,streetview_4635_left.jpg,37.73548417,-122.4351783,303.7
streetview_4636_right.jpg,streetview_4636_left.jpg,37.77338674,-122.5071649,109.5
streetview_4637_right.jpg,streetview_4637_left.jpg,37.75471993,-122.4406758,290.6
streetview_4638_right.jpg,streetview_4638_left.jpg,37.77245422,-122.5002885,95.0
streetview_4639_right.jpg,streetview_4639_left.jpg,37.7690637,-122.4517904,306.2
streetview_4640_right.jpg,streetview_4640_left.jpg,37.77714883,-122.4657799,127.3
streetview_4641_right.jpg,streetview_4641_left.jpg,37.72933089,-122.386595,282.2
streetview_4642_right.jpg,streetview_4642_left.jpg,37.74633435,-122.4859408,84.8
streetview_4643_right.jpg,streetview_4643_left.jpg,37.74881457,-122.4515285,279.1
streetview_4644_right.jpg,streetview_4644_left.jpg,37.75318986,-122.4860629,61.6
streetview_4645_right.jpg,streetview_4645_left.jpg,37.77458256,-122.4359911,185.9
streetview_4646_right.jpg,streetview_4646_left.jpg,37.7536948,-122.4387173,246.1
streetview_4647_right.jpg,streetview_4647_left.jpg,37.75148261,-122.4450433,30.4
streetview_4648_right.jpg,streetview_4648_left.jpg,37.75900768,-122.4394648,195.6
streetview_4649_right.jpg,streetview_4649_left.jpg,37.71201196,-122.4560309,14.1
streetview_4650_right.jpg,streetview_4650_left.jpg,37.7999238,-122.4281814,195.6
streetview_4651_right.jpg,streetview_4651_left.jpg,37.74095782,-122.4489336,18.7
streetview_4652_right.jpg,streetview_4652_left.jpg,37.76160849,-122.4400996,90.9
streetview_4653_right.jpg,streetview_4653_left.jpg,37.76110278,-122.3996121,306.1
streetview_4654_right.jpg,streetview_4654_left.jpg,37.77881076,-122.4303199,246.5
streetview_4655_right.jpg,streetview_4655_left.jpg,37.75438234,-122.5011936,49.8
streetview_4656_right.jpg,streetview_4656_left.jpg,37.7757431,-122.4692596,61.9
streetview_4657_right.jpg,streetview_4657_left.jpg,37.79974544,-122.4124022,175.9
streetview_4658_right.jpg,streetview_4658_left.jpg,37.74527551,-122.4074331,219.6
streetview_4659_right.jpg,streetview_4659_left.jpg,37.71954066,-122.4343637,305.3
streetview_4660_right.jpg,streetview_4660_left.jpg,37.74013383,-122.4711263,108.6
streetview_4661_right.jpg,streetview_4661_left.jpg,37.72312188,-122.407191,343.6
streetview_4662_right.jpg,streetview_4662_left.jpg,37.77818831,-122.4276986,198.4
streetview_4663_right.jpg,streetview_4663_left.jpg,37.73386371,-122.4463035,210.7
streetview_4664_right.jpg,streetview_4664_left.jpg,37.71942745,-122.4571421,44.4
streetview_4665_right.jpg,streetview_4665_left.jpg,37.76074414,-122.4059737,258.8
streetview_4666_right.jpg,streetview_4666_left.jpg,37.74560952,-122.5023724,56.1
streetview_4667_right.jpg,streetview_4667_left.jpg,37.79433299,-122.4104643,211.3
streetview_4668_right.jpg,streetview_4668_left.jpg,37.73415156,-122.4567983,100.1
streetview_4669_right.jpg,streetview_4669_left.jpg,37.72489339,-122.3915348,284.9
streetview_4670_right.jpg,streetview_4670_left.jpg,37.73764768,-122.4523144,25.8
streetview_4671_right.jpg,streetview_4671_left.jpg,37.75695086,-122.4404946,145.6
streetview_4672_right.jpg,streetview_4672_left.jpg,37.72951344,-122.4167867,302.5
streetview_4673_right.jpg,streetview_4673_left.jpg,37.77351761,-122.5043111,175.8
streetview_4674_right.jpg,streetview_4674_left.jpg,37.74128578,-122.5013481,90.1
streetview_4675_right.jpg,streetview_4675_left.jpg,37.74115199,-122.4050545,313.2
streetview_4676_right.jpg,streetview_4676_left.jpg,37.77878712,-122.4557155,182.7
streetview_4677_right.jpg,streetview_4677_left.jpg,37.72758068,-122.4587455,75.7
streetview_4678_right.jpg,streetview_4678_left.jpg,37.73309734,-122.431384,344.5
streetview_4679_right.jpg,streetview_4679_left.jpg,37.77857802,-122.447347,169.9
streetview_4680_right.jpg,streetview_4680_left.jpg,37.70889586,-122.4316535,290.2
streetview_4681_right.jpg,streetview_4681_left.jpg,37.71793172,-122.4627027,117.8
streetview_4682_right.jpg,streetview_4682_left.jpg,37.70943019,-122.4423099,337.2
streetview_4683_right.jpg,streetview_4683_left.jpg,37.73237932,-122.4545128,107.7
streetview_4684_right.jpg,streetview_4684_left.jpg,37.71976999,-122.4046902,304.1
streetview_4685_right.jpg,streetview_4685_left.jpg,37.75612874,-122.4726318,159.9
streetview_4686_right.jpg,streetview_4686_left.jpg,37.72184016,-122.4568107,355.2
streetview_4687_right.jpg,streetview_4687_left.jpg,37.76518953,-122.4613687,46.6
streetview_4688_right.jpg,streetview_4688_left.jpg,37.80082342,-122.4137427,165.7
streetview_4689_right.jpg,streetview_4689_left.jpg,37.74228441,-122.3948945,279.6
streetview_4690_right.jpg,streetview_4690_left.jpg,37.75201903,-122.4675742,14.3
streetview_4691_right.jpg,streetview_4691_left.jpg,37.76288556,-122.4640734,148.7
streetview_4692_right.jpg,streetview_4692_left.jpg,37.73420197,-122.4419969,301.0
streetview_4693_right.jpg,streetview_4693_left.jpg,37.75620394,-122.4884177,49.2
streetview_4694_right.jpg,streetview_4694_left.jpg,37.80799823,-122.412382,212.8
streetview_4695_right.jpg,streetview_4695_left.jpg,37.73709068,-122.470129,6.6
streetview_4696_right.jpg,streetview_4696_left.jpg,37.76027625,-122.4667526,114.1
streetview_4697_right.jpg,streetview_4697_left.jpg,37.73256128,-122.3884002,243.2
streetview_4698_right.jpg,streetview_4698_left.jpg,37.71186305,-122.4402616,6.1
streetview_4699_right.jpg,streetview_4699_left.jpg,37.77870116,-122.4311791,171.5
streetview_4700_right.jpg,streetview_4700_left.jpg,37.73955391,-122.4237786,242.7
streetview_4701_right.jpg,streetview_4701_left.jpg,37.72550756,-122.4582405,322.1
streetview_4702_right.jpg,streetview_4702_left.jpg,37.74126281,-122.4737682,113.5
streetview_4703_right.jpg,streetview_4703_left.jpg,37.72501691,-122.4266268,352.4
streetview_4704_right.jpg,streetview_4704_left.jpg,37.79604717,-122.4386419,51.3
streetview_4705_right.jpg,streetview_4705_left.jpg,37.80361988,-122.4266798,166.7
streetview_4706_right.jpg,streetview_4706_left.jpg,37.72213807,-122.40241,279.4
streetview_4707_right.jpg,streetview_4707_left.jpg,37.73244131,-122.4815696,336.8
streetview_4708_right.jpg,streetview_4708_left.jpg,37.76386474,-122.4986314,119.5
streetview_4709_right.jpg,streetview_4709_left.jpg,37.73502853,-122.4341109,331.8
streetview_4710_right.jpg,streetview_4710_left.jpg,37.75090248,-122.4448825,13.6
streetview_4711_right.jpg,streetview_4711_left.jpg,37.79670999,-122.4309068,188.0
streetview_4712_right.jpg,streetview_4712_left.jpg,37.71783355,-122.4448743,341.0
streetview_4713_right.jpg,streetview_4713_left.jpg,37.74366844,-122.4561054,122.1
streetview_4714_right.jpg,streetview_4714_left.jpg,37.72067924,-122.4098209,13.3
streetview_4715_right.jpg,streetview_4715_left.jpg,37.76382787,-122.3969551,222.0
streetview_4716_right.jpg,streetview_4716_left.jpg,37.72238773,-122.4441649,60.4
streetview_4717_right.jpg,streetview_4717_left.jpg,37.74406547,-122.3959134,245.7
streetview_4718_right.jpg,streetview_4718_left.jpg,37.73235887,-122.4287241,27.9
streetview_4719_right.jpg,streetview_4719_left.jpg,37.73608922,-122.4262296,45.3
streetview_4720_right.jpg,streetview_4720_left.jpg,37.76006083,-122.395626,249.7
streetview_4721_right.jpg,streetview_4721_left.jpg,37.7402561,-122.463371,36.7
streetview_4722_right.jpg,streetview_4722_left.jpg,37.76157227,-122.4432411,104.4
streetview_4723_right.jpg,streetview_4723_left.jpg,37.75390888,-122.4054011,210.4
streetview_4724_right.jpg,streetview_4724_left.jpg,37.73640068,-122.4184151,148.7
streetview_4725_right.jpg,streetview_4725_left.jpg,37.72328323,-122.4083518,258.9
streetview_4726_right.jpg,streetview_4726_left.jpg,37.71647152,-122.452304,16.1
streetview_4727_right.jpg,streetview_4727_left.jpg,37.79844561,-122.4222617,185.8
streetview_4728_right.jpg,streetview_4728_left.jpg,37.74569123,-122.4290777,224.0
streetview_4729_right.jpg,streetview_4729_left.jpg,37.7121781,-122.4700486,33.9
streetview_4730_right.jpg,streetview_4730_left.jpg,37.72921124,-122.4555953,19.6
streetview_4731_right.jpg,streetview_4731_left.jpg,37.77063505,-122.4369539,182.1
streetview_4732_right.jpg,streetview_4732_left.jpg,37.71063338,-122.4397408,339.8
streetview_4733_right.jpg,streetview_4733_left.jpg,37.77939127,-122.4716721,167.3
streetview_4734_right.jpg,streetview_4734_left.jpg,37.72383849,-122.4557942,12.7
streetview_4735_right.jpg,streetview_4735_left.jpg,37.76420832,-122.444322,141.7
streetview_4736_right.jpg,streetview_4736_left.jpg,37.74204797,-122.422166,33.7
streetview_4737_right.jpg,streetview_4737_left.jpg,37.76213418,-122.4052159,260.8
streetview_4738_right.jpg,streetview_4738_left.jpg,37.74919907,-122.5058501,83.3
streetview_4739_right.jpg,streetview_4739_left.jpg,37.75535667,-122.4392378,208.1
streetview_4740_right.jpg,streetview_4740_left.jpg,37.74146569,-122.4486047,256.3
streetview_4741_right.jpg,streetview_4741_left.jpg,37.73383373,-122.4881391,343.1
streetview_4742_right.jpg,streetview_4742_left.jpg,37.75032251,-122.4944599,29.8
streetview_4743_right.jpg,streetview_4743_left.jpg,37.75933968,-122.4879238,69.6
streetview_4744_right.jpg,streetview_4744_left.jpg,37.77569165,-122.4322739,164.1
streetview_4745_right.jpg,streetview_4745_left.jpg,37.73786218,-122.4186115,297.2
streetview_4746_right.jpg,streetview_4746_left.jpg,37.77230706,-122.503506,117.9
streetview_4747_right.jpg,streetview_4747_left.jpg,37.73563905,-122.4160874,301.7
streetview_4748_right.jpg,streetview_4748_left.jpg,37.75336128,-122.4523697,13.9
streetview_4749_right.jpg,streetview_4749_left.jpg,37.78792229,-122.4415409,155.3
streetview_4750_right.jpg,streetview_4750_left.jpg,37.72311861,-122.4038912,303.7
streetview_4751_right.jpg,streetview_4751_left.jpg,37.75908337,-122.4721747,341.6
streetview_4752_right.jpg,streetview_4752_left.jpg,37.76307839,-122.4738577,57.6
streetview_4753_right.jpg,streetview_4753_left.jpg,37.79335888,-122.4133639,218.5
streetview_4754_right.jpg,streetview_4754_left.jpg,37.73234016,-122.4746933,21.6
streetview_4755_right.jpg,streetview_4755_left.jpg,37.78982473,-122.445863,214.8
streetview_4756_right.jpg,streetview_4756_left.jpg,37.73717229,-122.4920908,71.0
streetview_4757_right.jpg,streetview_4757_left.jpg,37.76186004,-122.4012707,221.8
streetview_4758_right.jpg,streetview_4758_left.jpg,37.71743463,-122.4514971,311.9
streetview_4759_right.jpg,streetview_4759_left.jpg,37.75311796,-122.5018215,57.8
streetview_4760_right.jpg,streetview_4760_left.jpg,37.79573538,-122.4160914,300.2
streetview_4761_right.jpg,streetview_4761_left.jpg,37.80171983,-122.4291064,172.6
streetview_4762_right.jpg,streetview_4762_left.jpg,37.72860454,-122.4170987,281.0
streetview_4763_right.jpg,streetview_4763_left.jpg,37.73520739,-122.4601145,34.0
streetview_4764_right.jpg,streetview_4764_left.jpg,37.79377971,-122.4100668,261.2
streetview_4765_right.jpg,streetview_4765_left.jpg,37.78422273,-122.4882412,77.3
streetview_4766_right.jpg,streetview_4766_left.jpg,37.79905161,-122.4049579,159.4
streetview_4767_right.jpg,streetview_4767_left.jpg,37.7312011,-122.3726869,316.2
streetview_4768_right.jpg,streetview_4768_left.jpg,37.78183637,-122.4340868,196.5
streetview_4769_right.jpg,streetview_4769_left.jpg,37.75889697,-122.4427054,143.1
streetview_4770_right.jpg,streetview_4770_left.jpg,37.73402787,-122.4190911,155.1
streetview_4771_right.jpg,streetview_4771_left.jpg,37.71495831,-122.4078826,347.6
streetview_4772_right.jpg,streetview_4772_left.jpg,37.79250697,-122.4294943,198.2
streetview_4773_right.jpg,streetview_4773_left.jpg,37.7165817,-122.4610115,17.3
streetview_4774_right.jpg,streetview_4774_left.jpg,37.73472206,-122.453869,12.3
streetview_4775_right.jpg,streetview_4775_left.jpg,37.78060313,-122.4412003,224.2
streetview_4776_right.jpg,streetview_4776_left.jpg,37.73854749,-122.4929281,40.4
streetview_4777_right.jpg,streetview_4777_left.jpg,37.80013586,-122.4265132,206.2
streetview_4778_right.jpg,streetview_4778_left.jpg,37.79193507,-122.431629,245.0
streetview_4779_right.jpg,streetview_4779_left.jpg,37.78405795,-122.4530402,183.5
streetview_4780_right.jpg,streetview_4780_left.jpg,37.74302559,-122.4561723,31.4
streetview_4781_right.jpg,streetview_4781_left.jpg,37.76984531,-122.4354242,137.9
streetview_4782_right.jpg,streetview_4782_left.jpg,37.7289967,-122.388784,272.6
streetview_4783_right.jpg,streetview_4783_left.jpg,37.73170267,-122.4638493,42.3
streetview_4784_right.jpg,streetview_4784_left.jpg,37.78869416,-122.3981896,209.0
streetview_4785_right.jpg,streetview_4785_left.jpg,37.72826807,-122.4405392,158.7
streetview_4786_right.jpg,streetview_4786_left.jpg,37.71032253,-122.431692,302.6
streetview_4787_right.jpg,streetview_4787_left.jpg,37.74449522,-122.4994255,102.7
streetview_4788_right.jpg,streetview_4788_left.jpg,37.73401683,-122.4408894,142.0
streetview_4789_right.jpg,streetview_4789_left.jpg,37.70907075,-122.4162335,349.4
streetview_4790_right.jpg,streetview_4790_left.jpg,37.79934717,-122.4376252,148.1
streetview_4791_right.jpg,streetview_4791_left.jpg,37.75195427,-122.4003845,289.3
streetview_4792_right.jpg,streetview_4792_left.jpg,37.77400615,-122.4799829,59.7
streetview_4793_right.jpg,streetview_4793_left.jpg,37.78383865,-122.4586585,154.4
streetview_4794_right.jpg,streetview_4794_left.jpg,37.76293187,-122.446003,134.4
streetview_4795_right.jpg,streetview_4795_left.jpg,37.73279718,-122.4070985,316.1
streetview_4796_right.jpg,streetview_4796_left.jpg,37.76168706,-122.4422582,4.1
streetview_4797_right.jpg,streetview_4797_left.jpg,37.78813376,-122.4398724,251.2
streetview_4798_right.jpg,streetview_4798_left.jpg,37.78012496,-122.4695709,72.2
streetview_4799_right.jpg,streetview_4799_left.jpg,37.79417631,-122.4140899,72.2
